tier,place,net_km2
WEEK-ANY-MINIMUM,"Plum borough (Allegheny, PA)",-5.31
WEEK-ANY-MINIMUM,"North Versailles township (Allegheny, PA)",-3.2
WEEK-ANY-MINIMUM,Lincoln-Lemington-Belmar,-0.65
WEEK-ANY-MINIMUM,"Kennedy township (Allegheny, PA)",-4.91
WEEK-ANY-MINIMUM,"Duquesne city (Allegheny, PA)",-0.05
WEEK-ANY-MINIMUM,Spring Garden,-0.58
WEEK-ANY-MINIMUM,"Oakmont borough (Allegheny, PA)",-1.78
WEEK-ANY-MINIMUM,"McCandless township (Allegheny, PA)",-8.85
WEEK-ANY-MINIMUM,"Scott township (Allegheny, PA)",-2.28
WEEK-ANY-MINIMUM,"McKeesport city (Allegheny, PA)",0.33
WEEK-ANY-MINIMUM,Central Oakland,0.11
WEEK-ANY-MINIMUM,"Bethel Park municipality (Allegheny, PA)",-2.19
WEEK-ANY-MINIMUM,"Baldwin borough (Allegheny, PA)",-6.24
WEEK-ANY-MINIMUM,"Monroeville municipality (Allegheny, PA)",-1.09
WEEK-ANY-MINIMUM,"Ross township (Allegheny, PA)",-4.73
WEEK-ANY-MINIMUM,"South Park township (Allegheny, PA)",-2.26
WEEK-ANY-MINIMUM,"White Oak borough (Allegheny, PA)",-1.79
WEEK-ANY-MINIMUM,"Neville township (Allegheny, PA)",-1.2
WEEK-ANY-MINIMUM,"Reserve township (Allegheny, PA)",-2.76
WEEK-ANY-MINIMUM,"Penn Hills township (Allegheny, PA)",-3.34
WEEK-ANY-MINIMUM,"Harrison township (Allegheny, PA)",-1.57
WEEK-ANY-MINIMUM,"Trafford borough (Westmoreland, PA)",-1.38
WEEK-ANY-MINIMUM,"West Mifflin borough (Allegheny, PA)",-1.63
WEEK-ANY-MINIMUM,"Bridgeville borough (Allegheny, PA)",-1.09
WEEK-ANY-MINIMUM,"Trafford borough (Allegheny, PA)",-0.41
WEEK-ANY-MINIMUM,Bon Air,-0.61
WEEK-ANY-MINIMUM,"Mount Lebanon township (Allegheny, PA)",-3.03
WEEK-ANY-MINIMUM,Windgap,-0.08
WEEK-ANY-MINIMUM,"Tarentum borough (Allegheny, PA)",1.26
WEEK-ANY-MINIMUM,"Hampton township (Allegheny, PA)",-0.04
WEEK-ANY-MINIMUM,"Whitehall borough (Allegheny, PA)",-1.31
WEEK-ANY-MINIMUM,"Edgeworth borough (Allegheny, PA)",-0.15
WEEK-ANY-MINIMUM,Banksville,-0.07
WEEK-ANY-MINIMUM,Greenfield,-0.14
WEEK-ANY-MINIMUM,"Sewickley borough (Allegheny, PA)",-0.98
WEEK-ANY-MINIMUM,Squirrel Hill South,0.12
WEEK-ANY-MINIMUM,"Brackenridge borough (Allegheny, PA)",0.35
WEEK-ANY-MINIMUM,Chartiers City,-0.27
WEEK-ANY-MINIMUM,Perry South,-0.08
WEEK-ANY-MINIMUM,"Swissvale borough (Allegheny, PA)",-0.1
WEEK-ANY-MINIMUM,Point Breeze,-0.15
WEEK-ANY-MINIMUM,"McKees Rocks borough (Allegheny, PA)",-0.27
WEEK-ANY-MINIMUM,Mt. Oliver,-0.01
WEEK-ANY-MINIMUM,Mount Washington,-0.08
WEEK-ANY-MINIMUM,"Wilkins township (Allegheny, PA)",-0.05
WEEK-ANY-MINIMUM,Morningside,-0.07
WEEK-ANY-MINIMUM,Brookline,-0.09
WEEK-ANY-MINIMUM,Carrick,-0.76
WEEK-ANY-MINIMUM,Chateau,-0.54
WEEK-ANY-MINIMUM,"Braddock borough (Allegheny, PA)",-0.13
WEEK-ANY-MINIMUM,"North Fayette township (Allegheny, PA)",0.08
WEEK-ANY-MINIMUM,"O'Hara township (Allegheny, PA)",-0.07
WEEK-ANY-MINIMUM,"Sharpsburg borough (Allegheny, PA)",-0.06
WEEK-ANY-MINIMUM,"Versailles borough (Allegheny, PA)",-0.05
WEEK-ANY-MINIMUM,"Homestead borough (Allegheny, PA)",-0.07
WEEK-ANY-MINIMUM,"Millvale borough (Allegheny, PA)",0.68
WEEK-ANY-MINIMUM,Summer Hill,-0.44
WEEK-ANY-MINIMUM,"New Kensington city (Westmoreland, PA)",0.39
WEEK-ANY-MINIMUM,"Brentwood borough (Allegheny, PA)",-0.14
WEEK-ANY-MINIMUM,Knoxville,-0.06
WEEK-ANY-MINIMUM,"North Braddock borough (Allegheny, PA)",-0.09
WEEK-ANY-MINIMUM,"Wilkinsburg borough (Allegheny, PA)",-0.02
WEEK-ANY-MINIMUM,"Carnegie borough (Allegheny, PA)",0.2
WEEK-ANY-MINIMUM,"Churchill borough (Allegheny, PA)",0.03
WEEK-ANY-MINIMUM,"Green Tree borough (Allegheny, PA)",0.01
WEEK-ANY-MINIMUM,Beltzhoover,-0.03
WEEK-ANY-MINIMUM,"Etna borough (Allegheny, PA)",-0.02
WEEK-ANY-MINIMUM,Swisshelm Park,0.25
WEEK-ANY-MINIMUM,North Shore,-0.02
WEEK-ANY-MINIMUM,"Emsworth borough (Allegheny, PA)",-0.02
WEEK-ANY-MINIMUM,unplaced,3.52
WEEK-ANY-MINIMUM,"Harmar township (Allegheny, PA)",-0.03
WEEK-ANY-MINIMUM,"Collier township (Allegheny, PA)",0.0
WEEK-ANY-MINIMUM,Brighton Heights,-0.01
WEEK-ANY-MINIMUM,"East Pittsburgh borough (Allegheny, PA)",-0.02
WEEK-ANY-MINIMUM,"Moon township (Allegheny, PA)",0.52
WEEK-ANY-MINIMUM,"Coraopolis borough (Allegheny, PA)",-0.01
WEEK-ANY-MINIMUM,North Oakland,-0.01
WEEK-ANY-MINIMUM,Central Business District,-0.01
WEEK-ANY-MINIMUM,Polish Hill,-0.01
WEEK-ANY-MINIMUM,"Pitcairn borough (Allegheny, PA)",0.02
WEEK-ANY-MINIMUM,"Robinson township (Allegheny, PA)",1.63
WEEK-ANY-MINIMUM,"West View borough (Allegheny, PA)",1.15
WEEK-ANY-MINIMUM,"Pleasant Hills borough (Allegheny, PA)",0.05
WEEK-ANY-MINIMUM,Highland Park,0.54
WEEK-ANY-MINIMUM,"East Deer township (Allegheny, PA)",1.66
WEEK-ANY-MINIMUM,Ridgemont,0.31
WEEK-ANY-MINIMUM,"Shaler township (Allegheny, PA)",0.14
WEEK-ANY-MINIMUM,South Oakland,0.38
WEEK-ANY-MINIMUM,Overbrook,0.06
WEEK-ANY-MINIMUM,"East McKeesport borough (Allegheny, PA)",0.09
WEEK-ANY-MINIMUM,"Turtle Creek borough (Allegheny, PA)",0.03
WEEK-ANY-MINIMUM,"Dormont borough (Allegheny, PA)",0.05
WEEK-ANY-MINIMUM,"Dravosburg borough (Allegheny, PA)",0.02
WEEK-ANY-MINIMUM,Esplen,0.03
WEEK-ANY-MINIMUM,Sheraden,0.04
WEEK-ANY-MINIMUM,"Cheswick borough (Allegheny, PA)",0.01
WEEK-ANY-MINIMUM,Garfield,0.01
WEEK-ANY-MINIMUM,Troy Hill,0.01
WEEK-ANY-MINIMUM,"Fox Chapel borough (Allegheny, PA)",0.01
WEEK-ANY-MINIMUM,"Findlay township (Allegheny, PA)",0.01
WEEKENDS-ANY-MINIMUM,"Shaler township (Allegheny, PA)",-4.01
WEEKENDS-ANY-MINIMUM,Lincoln-Lemington-Belmar,-0.49
WEEKENDS-ANY-MINIMUM,"Kennedy township (Allegheny, PA)",-4.91
WEEKENDS-ANY-MINIMUM,"Pleasant Hills borough (Allegheny, PA)",-0.33
WEEKENDS-ANY-MINIMUM,"Scott township (Allegheny, PA)",-2.01
WEEKENDS-ANY-MINIMUM,Central Oakland,0.11
WEEKENDS-ANY-MINIMUM,"Bethel Park municipality (Allegheny, PA)",-2.19
WEEKENDS-ANY-MINIMUM,"Monroeville municipality (Allegheny, PA)",-0.1
WEEKENDS-ANY-MINIMUM,"Ross township (Allegheny, PA)",1.94
WEEKENDS-ANY-MINIMUM,"North Fayette township (Allegheny, PA)",-1.85
WEEKENDS-ANY-MINIMUM,"West Mifflin borough (Allegheny, PA)",-0.9
WEEKENDS-ANY-MINIMUM,"Mount Lebanon township (Allegheny, PA)",-3.46
WEEKENDS-ANY-MINIMUM,"Neville township (Allegheny, PA)",-1.2
WEEKENDS-ANY-MINIMUM,"Reserve township (Allegheny, PA)",-2.25
WEEKENDS-ANY-MINIMUM,"Trafford borough (Westmoreland, PA)",-1.38
WEEKENDS-ANY-MINIMUM,"Jefferson Hills borough (Allegheny, PA)",-3.73
WEEKENDS-ANY-MINIMUM,Banksville,-1.22
WEEKENDS-ANY-MINIMUM,"Bridgeville borough (Allegheny, PA)",-1.09
WEEKENDS-ANY-MINIMUM,"Trafford borough (Allegheny, PA)",-0.41
WEEKENDS-ANY-MINIMUM,"McCandless township (Allegheny, PA)",-2.62
WEEKENDS-ANY-MINIMUM,Bon Air,-0.61
WEEKENDS-ANY-MINIMUM,"Hampton township (Allegheny, PA)",-1.66
WEEKENDS-ANY-MINIMUM,Windgap,-0.08
WEEKENDS-ANY-MINIMUM,"Etna borough (Allegheny, PA)",-1.11
WEEKENDS-ANY-MINIMUM,"Whitehall borough (Allegheny, PA)",-2.58
WEEKENDS-ANY-MINIMUM,"Penn Hills township (Allegheny, PA)",5.31
WEEKENDS-ANY-MINIMUM,Beechview,-0.8
WEEKENDS-ANY-MINIMUM,"Edgeworth borough (Allegheny, PA)",-0.15
WEEKENDS-ANY-MINIMUM,"North Versailles township (Allegheny, PA)",-0.06
WEEKENDS-ANY-MINIMUM,"Sewickley borough (Allegheny, PA)",-0.98
WEEKENDS-ANY-MINIMUM,"Clairton city (Allegheny, PA)",-0.19
WEEKENDS-ANY-MINIMUM,Chartiers City,-0.27
WEEKENDS-ANY-MINIMUM,Spring Garden,-0.42
WEEKENDS-ANY-MINIMUM,Perry South,-0.08
WEEKENDS-ANY-MINIMUM,Greenfield,-0.39
WEEKENDS-ANY-MINIMUM,"Duquesne city (Allegheny, PA)",-0.17
WEEKENDS-ANY-MINIMUM,Overbrook,-0.08
WEEKENDS-ANY-MINIMUM,"Elizabeth borough (Allegheny, PA)",-0.52
WEEKENDS-ANY-MINIMUM,Point Breeze,-0.15
WEEKENDS-ANY-MINIMUM,"McKees Rocks borough (Allegheny, PA)",-0.27
WEEKENDS-ANY-MINIMUM,Mount Washington,-0.08
WEEKENDS-ANY-MINIMUM,"Wilkins township (Allegheny, PA)",-0.03
WEEKENDS-ANY-MINIMUM,Brookline,-0.09
WEEKENDS-ANY-MINIMUM,Chateau,-0.28
WEEKENDS-ANY-MINIMUM,"Braddock borough (Allegheny, PA)",-0.13
WEEKENDS-ANY-MINIMUM,"O'Hara township (Allegheny, PA)",-0.07
WEEKENDS-ANY-MINIMUM,"McKeesport city (Allegheny, PA)",1.84
WEEKENDS-ANY-MINIMUM,"Versailles borough (Allegheny, PA)",-0.05
WEEKENDS-ANY-MINIMUM,"Homestead borough (Allegheny, PA)",-0.07
WEEKENDS-ANY-MINIMUM,"Millvale borough (Allegheny, PA)",0.68
WEEKENDS-ANY-MINIMUM,Summer Hill,-0.39
WEEKENDS-ANY-MINIMUM,"New Kensington city (Westmoreland, PA)",0.39
WEEKENDS-ANY-MINIMUM,Knoxville,-0.06
WEEKENDS-ANY-MINIMUM,"North Braddock borough (Allegheny, PA)",-0.09
WEEKENDS-ANY-MINIMUM,"Churchill borough (Allegheny, PA)",0.03
WEEKENDS-ANY-MINIMUM,"Baldwin borough (Allegheny, PA)",0.02
WEEKENDS-ANY-MINIMUM,"Green Tree borough (Allegheny, PA)",0.01
WEEKENDS-ANY-MINIMUM,Beltzhoover,-0.03
WEEKENDS-ANY-MINIMUM,"Tarentum borough (Allegheny, PA)",1.93
WEEKENDS-ANY-MINIMUM,North Shore,-0.02
WEEKENDS-ANY-MINIMUM,unplaced,0.0
WEEKENDS-ANY-MINIMUM,"Harmar township (Allegheny, PA)",0.13
WEEKENDS-ANY-MINIMUM,"Collier township (Allegheny, PA)",0.0
WEEKENDS-ANY-MINIMUM,"East Pittsburgh borough (Allegheny, PA)",-0.05
WEEKENDS-ANY-MINIMUM,Brighton Heights,-0.02
WEEKENDS-ANY-MINIMUM,"Moon township (Allegheny, PA)",0.14
WEEKENDS-ANY-MINIMUM,"Coraopolis borough (Allegheny, PA)",-0.01
WEEKENDS-ANY-MINIMUM,North Oakland,-0.01
WEEKENDS-ANY-MINIMUM,Central Business District,-0.01
WEEKENDS-ANY-MINIMUM,Polish Hill,-0.01
WEEKENDS-ANY-MINIMUM,"Pitcairn borough (Allegheny, PA)",0.02
WEEKENDS-ANY-MINIMUM,"Harrison township (Allegheny, PA)",3.97
WEEKENDS-ANY-MINIMUM,"Brackenridge borough (Allegheny, PA)",1.61
WEEKENDS-ANY-MINIMUM,"Robinson township (Allegheny, PA)",1.63
WEEKENDS-ANY-MINIMUM,"West View borough (Allegheny, PA)",1.15
WEEKENDS-ANY-MINIMUM,"Oakmont borough (Allegheny, PA)",1.64
WEEKENDS-ANY-MINIMUM,Highland Park,0.8
WEEKENDS-ANY-MINIMUM,"East Deer township (Allegheny, PA)",1.66
WEEKENDS-ANY-MINIMUM,Swisshelm Park,0.66
WEEKENDS-ANY-MINIMUM,Ridgemont,0.31
WEEKENDS-ANY-MINIMUM,"Wilkinsburg borough (Allegheny, PA)",0.48
WEEKENDS-ANY-MINIMUM,"Verona borough (Allegheny, PA)",0.71
WEEKENDS-ANY-MINIMUM,"Swissvale borough (Allegheny, PA)",0.31
WEEKENDS-ANY-MINIMUM,"Carnegie borough (Allegheny, PA)",0.32
WEEKENDS-ANY-MINIMUM,Squirrel Hill South,0.39
WEEKENDS-ANY-MINIMUM,South Oakland,0.38
WEEKENDS-ANY-MINIMUM,"Turtle Creek borough (Allegheny, PA)",0.03
WEEKENDS-ANY-MINIMUM,Larimer,0.06
WEEKENDS-ANY-MINIMUM,"Dormont borough (Allegheny, PA)",0.05
WEEKENDS-ANY-MINIMUM,"Dravosburg borough (Allegheny, PA)",0.02
WEEKENDS-ANY-MINIMUM,Esplen,0.03
WEEKENDS-ANY-MINIMUM,Sheraden,0.04
WEEKENDS-ANY-MINIMUM,"Cheswick borough (Allegheny, PA)",0.01
WEEKENDS-ANY-MINIMUM,Garfield,0.01
WEEKENDS-ANY-MINIMUM,Troy Hill,0.01
WEEKENDS-ANY-MINIMUM,"Fox Chapel borough (Allegheny, PA)",0.01
WEEKENDS-ANY-MINIMUM,"Findlay township (Allegheny, PA)",0.01
WEEK-ANY-HOURLY,"Kennedy township (Allegheny, PA)",-4.91
WEEK-ANY-HOURLY,Lincoln-Lemington-Belmar,-0.49
WEEK-ANY-HOURLY,"Pleasant Hills borough (Allegheny, PA)",0.15
WEEK-ANY-HOURLY,Central Oakland,0.11
WEEK-ANY-HOURLY,"Avalon borough (Allegheny, PA)",-0.51
WEEK-ANY-HOURLY,"Bethel Park municipality (Allegheny, PA)",-2.19
WEEK-ANY-HOURLY,"Forest Hills borough (Allegheny, PA)",-1.83
WEEK-ANY-HOURLY,"Ross township (Allegheny, PA)",-0.08
WEEK-ANY-HOURLY,"Monroeville municipality (Allegheny, PA)",-1.32
WEEK-ANY-HOURLY,"North Fayette township (Allegheny, PA)",-1.35
WEEK-ANY-HOURLY,"Ben Avon borough (Allegheny, PA)",-0.72
WEEK-ANY-HOURLY,"Edgeworth borough (Allegheny, PA)",-0.81
WEEK-ANY-HOURLY,"Mount Lebanon township (Allegheny, PA)",-3.84
WEEK-ANY-HOURLY,"Neville township (Allegheny, PA)",2.94
WEEK-ANY-HOURLY,"Reserve township (Allegheny, PA)",-2.29
WEEK-ANY-HOURLY,Brookline,-0.31
WEEK-ANY-HOURLY,"Leetsdale borough (Allegheny, PA)",-0.7
WEEK-ANY-HOURLY,"Trafford borough (Westmoreland, PA)",-1.38
WEEK-ANY-HOURLY,"West Mifflin borough (Allegheny, PA)",0.63
WEEK-ANY-HOURLY,"Robinson township (Allegheny, PA)",1.14
WEEK-ANY-HOURLY,Banksville,-1.3
WEEK-ANY-HOURLY,"Jefferson Hills borough (Allegheny, PA)",-0.33
WEEK-ANY-HOURLY,"Sewickley borough (Allegheny, PA)",-1.26
WEEK-ANY-HOURLY,"Bridgeville borough (Allegheny, PA)",0.53
WEEK-ANY-HOURLY,"Trafford borough (Allegheny, PA)",-0.41
WEEK-ANY-HOURLY,"Wilmerding borough (Allegheny, PA)",-1.69
WEEK-ANY-HOURLY,"Plum borough (Allegheny, PA)",-1.74
WEEK-ANY-HOURLY,"Glenfield borough (Allegheny, PA)",-0.46
WEEK-ANY-HOURLY,"North Braddock borough (Allegheny, PA)",0.2
WEEK-ANY-HOURLY,"Green Tree borough (Allegheny, PA)",-2.3
WEEK-ANY-HOURLY,Windgap,-0.08
WEEK-ANY-HOURLY,"Penn Hills township (Allegheny, PA)",0.62
WEEK-ANY-HOURLY,"Tarentum borough (Allegheny, PA)",0.25
WEEK-ANY-HOURLY,"Emsworth borough (Allegheny, PA)",-1.41
WEEK-ANY-HOURLY,Beechview,-0.34
WEEK-ANY-HOURLY,"McCandless township (Allegheny, PA)",-0.6
WEEK-ANY-HOURLY,"Glen Osborne borough (Allegheny, PA)",-1.23
WEEK-ANY-HOURLY,"East Pittsburgh borough (Allegheny, PA)",-0.01
WEEK-ANY-HOURLY,"Bellevue borough (Allegheny, PA)",-0.48
WEEK-ANY-HOURLY,"Haysville borough (Allegheny, PA)",-0.26
WEEK-ANY-HOURLY,"Clairton city (Allegheny, PA)",1.93
WEEK-ANY-HOURLY,Chartiers City,-0.27
WEEK-ANY-HOURLY,"Ambridge borough (Beaver, PA)",-0.35
WEEK-ANY-HOURLY,Spring Garden,-0.31
WEEK-ANY-HOURLY,Perry South,-0.08
WEEK-ANY-HOURLY,Greenfield,-0.22
WEEK-ANY-HOURLY,"Duquesne city (Allegheny, PA)",-0.17
WEEK-ANY-HOURLY,"Elizabeth borough (Allegheny, PA)",-0.52
WEEK-ANY-HOURLY,"Turtle Creek borough (Allegheny, PA)",0.72
WEEK-ANY-HOURLY,"Scott township (Allegheny, PA)",0.1
WEEK-ANY-HOURLY,"McKees Rocks borough (Allegheny, PA)",-0.27
WEEK-ANY-HOURLY,"Wilkins township (Allegheny, PA)",-0.2
WEEK-ANY-HOURLY,Brighton Heights,-0.17
WEEK-ANY-HOURLY,"Cheswick borough (Allegheny, PA)",-0.02
WEEK-ANY-HOURLY,Chateau,-0.28
WEEK-ANY-HOURLY,"Braddock borough (Allegheny, PA)",-0.13
WEEK-ANY-HOURLY,"O'Hara township (Allegheny, PA)",-0.05
WEEK-ANY-HOURLY,"Versailles borough (Allegheny, PA)",0.8
WEEK-ANY-HOURLY,"Homestead borough (Allegheny, PA)",0.29
WEEK-ANY-HOURLY,Summer Hill,-0.4
WEEK-ANY-HOURLY,"New Kensington city (Westmoreland, PA)",-0.16
WEEK-ANY-HOURLY,Bon Air,-0.09
WEEK-ANY-HOURLY,"Pitcairn borough (Allegheny, PA)",-0.13
WEEK-ANY-HOURLY,"Whitehall borough (Allegheny, PA)",-0.05
WEEK-ANY-HOURLY,Lincoln Place,0.38
WEEK-ANY-HOURLY,Knoxville,-0.05
WEEK-ANY-HOURLY,"Churchill borough (Allegheny, PA)",-0.08
WEEK-ANY-HOURLY,"Brentwood borough (Allegheny, PA)",-0.08
WEEK-ANY-HOURLY,North Shore,-0.04
WEEK-ANY-HOURLY,"McKeesport city (Allegheny, PA)",4.15
WEEK-ANY-HOURLY,Beltzhoover,0.11
WEEK-ANY-HOURLY,"Etna borough (Allegheny, PA)",0.13
WEEK-ANY-HOURLY,"Oakmont borough (Allegheny, PA)",1.46
WEEK-ANY-HOURLY,"Carnegie borough (Allegheny, PA)",0.31
WEEK-ANY-HOURLY,unplaced,3.66
WEEK-ANY-HOURLY,"Harmar township (Allegheny, PA)",0.07
WEEK-ANY-HOURLY,Hays,-0.01
WEEK-ANY-HOURLY,"Springdale township (Allegheny, PA)",-0.08
WEEK-ANY-HOURLY,"Collier township (Allegheny, PA)",0.13
WEEK-ANY-HOURLY,"Verona borough (Allegheny, PA)",0.63
WEEK-ANY-HOURLY,"White Oak borough (Allegheny, PA)",-0.01
WEEK-ANY-HOURLY,"East Deer township (Allegheny, PA)",-0.02
WEEK-ANY-HOURLY,"Moon township (Allegheny, PA)",3.02
WEEK-ANY-HOURLY,"Coraopolis borough (Allegheny, PA)",1.86
WEEK-ANY-HOURLY,"Springdale borough (Allegheny, PA)",-0.03
WEEK-ANY-HOURLY,North Oakland,-0.01
WEEK-ANY-HOURLY,Central Business District,-0.01
WEEK-ANY-HOURLY,Polish Hill,-0.01
WEEK-ANY-HOURLY,Hazelwood,-0.01
WEEK-ANY-HOURLY,East Hills,-0.01
WEEK-ANY-HOURLY,Overbrook,-0.01
WEEK-ANY-HOURLY,California-Kirkbride,-0.01
WEEK-ANY-HOURLY,"Dormont borough (Allegheny, PA)",0.91
WEEK-ANY-HOURLY,"Glassport borough (Allegheny, PA)",2.66
WEEK-ANY-HOURLY,Central Lawrenceville,0.39
WEEK-ANY-HOURLY,"Shaler township (Allegheny, PA)",1.24
WEEK-ANY-HOURLY,"Stowe township (Allegheny, PA)",1.4
WEEK-ANY-HOURLY,"Millvale borough (Allegheny, PA)",1.33
WEEK-ANY-HOURLY,"Harrison township (Allegheny, PA)",2.41
WEEK-ANY-HOURLY,"North Versailles township (Allegheny, PA)",0.79
WEEK-ANY-HOURLY,"Munhall borough (Allegheny, PA)",2.3
WEEK-ANY-HOURLY,Ridgemont,1.14
WEEK-ANY-HOURLY,Mt. Oliver,0.55
WEEK-ANY-HOURLY,Garfield,0.64
WEEK-ANY-HOURLY,Swisshelm Park,0.63
WEEK-ANY-HOURLY,Squirrel Hill South,0.52
WEEK-ANY-HOURLY,"Braddock Hills borough (Allegheny, PA)",1.27
WEEK-ANY-HOURLY,Stanton Heights,0.58
WEEK-ANY-HOURLY,"Swissvale borough (Allegheny, PA)",0.3
WEEK-ANY-HOURLY,Highland Park,0.8
WEEK-ANY-HOURLY,"Baldwin borough (Allegheny, PA)",0.68
WEEK-ANY-HOURLY,South Oakland,0.38
WEEK-ANY-HOURLY,"Brackenridge borough (Allegheny, PA)",0.3
WEEK-ANY-HOURLY,St. Clair,0.32
WEEK-ANY-HOURLY,Mount Washington,0.06
WEEK-ANY-HOURLY,"Wilkinsburg borough (Allegheny, PA)",0.49
WEEK-ANY-HOURLY,Morningside,0.06
WEEK-ANY-HOURLY,"Dravosburg borough (Allegheny, PA)",0.02
WEEK-ANY-HOURLY,Esplen,0.03
WEEK-ANY-HOURLY,Allentown,0.02
WEEK-ANY-HOURLY,Duquesne Heights,0.05
WEEK-ANY-HOURLY,"Upper St. Clair township (Allegheny, PA)",0.27
WEEK-ANY-HOURLY,"Edgewood borough (Allegheny, PA)",0.02
WEEK-ANY-HOURLY,Sheraden,0.04
WEEK-ANY-HOURLY,Point Breeze,0.05
WEEK-ANY-HOURLY,Troy Hill,0.01
WEEK-ANY-HOURLY,"Fox Chapel borough (Allegheny, PA)",0.01
WEEK-ANY-HOURLY,"Findlay township (Allegheny, PA)",0.01
WEEK-ANY-HOURLY,Larimer,0.07
WEEK-ANY-HOURLY,"Mount Oliver borough (Allegheny, PA)",0.04
WEEKEND-ANY-HOURLY,Brookline,0.5
WEEKEND-ANY-HOURLY,Chartiers City,-0.38
WEEKEND-ANY-HOURLY,"McCandless township (Allegheny, PA)",-0.74
WEEKEND-ANY-HOURLY,Lincoln-Lemington-Belmar,-0.21
WEEKEND-ANY-HOURLY,"Whitehall borough (Allegheny, PA)",-2.27
WEEKEND-ANY-HOURLY,Fairywood,-0.83
WEEKEND-ANY-HOURLY,"North Versailles township (Allegheny, PA)",0.0
WEEKEND-ANY-HOURLY,"Neville township (Allegheny, PA)",-3.98
WEEKEND-ANY-HOURLY,South Oakland,0.28
WEEKEND-ANY-HOURLY,Central Oakland,0.26
WEEKEND-ANY-HOURLY,"Stowe township (Allegheny, PA)",-0.99
WEEKEND-ANY-HOURLY,Windgap,-0.93
WEEKEND-ANY-HOURLY,"Coraopolis borough (Allegheny, PA)",-1.15
WEEKEND-ANY-HOURLY,Overbrook,-1.27
WEEKEND-ANY-HOURLY,"Ross township (Allegheny, PA)",-0.45
WEEKEND-ANY-HOURLY,"Pleasant Hills borough (Allegheny, PA)",-1.91
WEEKEND-ANY-HOURLY,Homewood North,-0.25
WEEKEND-ANY-HOURLY,"West Mifflin borough (Allegheny, PA)",2.51
WEEKEND-ANY-HOURLY,Crafton Heights,-0.55
WEEKEND-ANY-HOURLY,"Forest Hills borough (Allegheny, PA)",-0.17
WEEKEND-ANY-HOURLY,"Mount Lebanon township (Allegheny, PA)",-1.1
WEEKEND-ANY-HOURLY,Beechview,-0.44
WEEKEND-ANY-HOURLY,"Ingram borough (Allegheny, PA)",-0.45
WEEKEND-ANY-HOURLY,Sheraden,-1.22
WEEKEND-ANY-HOURLY,"Brentwood borough (Allegheny, PA)",-0.6
WEEKEND-ANY-HOURLY,"Turtle Creek borough (Allegheny, PA)",-0.29
WEEKEND-ANY-HOURLY,Mount Washington,0.05
WEEKEND-ANY-HOURLY,"Bridgeville borough (Allegheny, PA)",0.34
WEEKEND-ANY-HOURLY,"Tarentum borough (Allegheny, PA)",0.25
WEEKEND-ANY-HOURLY,Elliott,-0.13
WEEKEND-ANY-HOURLY,"O'Hara township (Allegheny, PA)",-0.14
WEEKEND-ANY-HOURLY,Knoxville,-0.02
WEEKEND-ANY-HOURLY,Point Breeze,-0.14
WEEKEND-ANY-HOURLY,"Jefferson Hills borough (Allegheny, PA)",-0.08
WEEKEND-ANY-HOURLY,"Dormont borough (Allegheny, PA)",-0.13
WEEKEND-ANY-HOURLY,"Monroeville municipality (Allegheny, PA)",4.28
WEEKEND-ANY-HOURLY,"New Kensington city (Westmoreland, PA)",-0.16
WEEKEND-ANY-HOURLY,"McKees Rocks borough (Allegheny, PA)",-0.09
WEEKEND-ANY-HOURLY,Beltzhoover,-0.14
WEEKEND-ANY-HOURLY,"East Pittsburgh borough (Allegheny, PA)",-0.04
WEEKEND-ANY-HOURLY,"Springdale township (Allegheny, PA)",-0.01
WEEKEND-ANY-HOURLY,Bon Air,-0.16
WEEKEND-ANY-HOURLY,"East Deer township (Allegheny, PA)",0.02
WEEKEND-ANY-HOURLY,"Etna borough (Allegheny, PA)",0.14
WEEKEND-ANY-HOURLY,Greenfield,0.88
WEEKEND-ANY-HOURLY,"Braddock borough (Allegheny, PA)",-0.13
WEEKEND-ANY-HOURLY,Central Business District,-0.01
WEEKEND-ANY-HOURLY,"Baldwin borough (Allegheny, PA)",0.12
WEEKEND-ANY-HOURLY,"Bellevue borough (Allegheny, PA)",0.87
WEEKEND-ANY-HOURLY,"Springdale borough (Allegheny, PA)",0.03
WEEKEND-ANY-HOURLY,"Moon township (Allegheny, PA)",1.09
WEEKEND-ANY-HOURLY,"Wilkins township (Allegheny, PA)",1.57
WEEKEND-ANY-HOURLY,"Cheswick borough (Allegheny, PA)",-0.02
WEEKEND-ANY-HOURLY,"North Braddock borough (Allegheny, PA)",0.67
WEEKEND-ANY-HOURLY,West Oakland,-0.04
WEEKEND-ANY-HOURLY,"West View borough (Allegheny, PA)",0.03
WEEKEND-ANY-HOURLY,"Homestead borough (Allegheny, PA)",0.0
WEEKEND-ANY-HOURLY,Summer Hill,-0.09
WEEKEND-ANY-HOURLY,unplaced,-0.01
WEEKEND-ANY-HOURLY,"Reserve township (Allegheny, PA)",0.06
WEEKEND-ANY-HOURLY,Allentown,-0.02
WEEKEND-ANY-HOURLY,"Harmar township (Allegheny, PA)",0.23
WEEKEND-ANY-HOURLY,"Duquesne city (Allegheny, PA)",1.19
WEEKEND-ANY-HOURLY,Hazelwood,0.24
WEEKEND-ANY-HOURLY,Mt. Oliver,-0.05
WEEKEND-ANY-HOURLY,Bluff,0.0
WEEKEND-ANY-HOURLY,Chateau,0.0
WEEKEND-ANY-HOURLY,North Shore,-0.02
WEEKEND-ANY-HOURLY,Troy Hill,0.26
WEEKEND-ANY-HOURLY,"Mount Oliver borough (Allegheny, PA)",-0.01
WEEKEND-ANY-HOURLY,"Millvale borough (Allegheny, PA)",1.31
WEEKEND-ANY-HOURLY,North Oakland,0.11
WEEKEND-ANY-HOURLY,"Carnegie borough (Allegheny, PA)",0.61
WEEKEND-ANY-HOURLY,"Crafton borough (Allegheny, PA)",0.98
WEEKEND-ANY-HOURLY,"Shaler township (Allegheny, PA)",1.22
WEEKEND-ANY-HOURLY,"Avalon borough (Allegheny, PA)",0.46
WEEKEND-ANY-HOURLY,"Penn Hills township (Allegheny, PA)",9.04
WEEKEND-ANY-HOURLY,"Robinson township (Allegheny, PA)",6.49
WEEKEND-ANY-HOURLY,"Heidelberg borough (Allegheny, PA)",0.18
WEEKEND-ANY-HOURLY,"Edgewood borough (Allegheny, PA)",0.09
WEEKEND-ANY-HOURLY,"Scott township (Allegheny, PA)",0.59
WEEKEND-ANY-HOURLY,"Harrison township (Allegheny, PA)",0.6
WEEKEND-ANY-HOURLY,"Churchill borough (Allegheny, PA)",1.13
WEEKEND-ANY-HOURLY,"Ben Avon borough (Allegheny, PA)",0.7
WEEKEND-ANY-HOURLY,"Edgeworth borough (Allegheny, PA)",0.85
WEEKEND-ANY-HOURLY,"Wilkinsburg borough (Allegheny, PA)",2.84
WEEKEND-ANY-HOURLY,"Whitaker borough (Allegheny, PA)",0.26
WEEKEND-ANY-HOURLY,"Leetsdale borough (Allegheny, PA)",1.94
WEEKEND-ANY-HOURLY,"North Fayette township (Allegheny, PA)",0.46
WEEKEND-ANY-HOURLY,"McKeesport city (Allegheny, PA)",0.99
WEEKEND-ANY-HOURLY,"Sewickley borough (Allegheny, PA)",1.04
WEEKEND-ANY-HOURLY,East Hills,1.35
WEEKEND-ANY-HOURLY,"Verona borough (Allegheny, PA)",0.65
WEEKEND-ANY-HOURLY,"Kennedy township (Allegheny, PA)",1.02
WEEKEND-ANY-HOURLY,"Oakmont borough (Allegheny, PA)",1.51
WEEKEND-ANY-HOURLY,"Collier township (Allegheny, PA)",1.88
WEEKEND-ANY-HOURLY,Perry South,0.22
WEEKEND-ANY-HOURLY,"Ambridge borough (Beaver, PA)",1.74
WEEKEND-ANY-HOURLY,Garfield,0.63
WEEKEND-ANY-HOURLY,Swisshelm Park,0.63
WEEKEND-ANY-HOURLY,Squirrel Hill South,1.31
WEEKEND-ANY-HOURLY,"Glen Osborne borough (Allegheny, PA)",1.14
WEEKEND-ANY-HOURLY,"Swissvale borough (Allegheny, PA)",0.3
WEEKEND-ANY-HOURLY,Highland Park,0.8
WEEKEND-ANY-HOURLY,Duquesne Heights,0.37
WEEKEND-ANY-HOURLY,"Haysville borough (Allegheny, PA)",0.25
WEEKEND-ANY-HOURLY,"Emsworth borough (Allegheny, PA)",0.45
WEEKEND-ANY-HOURLY,"White Oak borough (Allegheny, PA)",0.19
WEEKEND-ANY-HOURLY,"Braddock Hills borough (Allegheny, PA)",0.14
WEEKEND-ANY-HOURLY,Westwood,0.04
WEEKEND-ANY-HOURLY,"Munhall borough (Allegheny, PA)",0.29
WEEKEND-ANY-HOURLY,Polish Hill,0.06
WEEKEND-ANY-HOURLY,"Brackenridge borough (Allegheny, PA)",0.3
WEEKEND-ANY-HOURLY,West End,0.04
WEEKEND-ANY-HOURLY,"Trafford borough (Westmoreland, PA)",0.05
WEEKEND-ANY-HOURLY,"Dravosburg borough (Allegheny, PA)",0.02
WEEKEND-ANY-HOURLY,Squirrel Hill North,0.17
WEEKEND-ANY-HOURLY,Larimer,0.46
WEEKEND-ANY-HOURLY,"Findlay township (Allegheny, PA)",0.14
WEEKEND-ANY-HOURLY,"Upper St. Clair township (Allegheny, PA)",0.27
WEEKEND-ANY-HOURLY,Allegheny West,0.02
WEEKEND-ANY-HOURLY,Esplen,0.01
WEEKEND-ANY-HOURLY,"Fox Chapel borough (Allegheny, PA)",0.01
WEEKEND-ANY-HOURLY,Oakwood,0.04
