scope,question,group,universe,tier,radius_m,total,covered_now,covered_proposed,net,pct_now,pct_proposed,pct_point_change,lost,gained,pct_lost,pct_gained,too_small_to_quote
allegheny,REGION,all_residents,people,WEEK-ANY-MINIMUM,400,1238177,660504,611609,-48895,53.3,49.4,-3.9,68989,20095,5.57,1.62,0
allegheny,REGION,all_households,households,WEEK-ANY-MINIMUM,400,545802,303631,281895,-21735,55.6,51.6,-4.0,30613,8878,5.61,1.63,0
allegheny,EQUITY-RACE,hispanic_or_latino,people,WEEK-ANY-MINIMUM,400,36691,23540,22464,-1075,64.2,61.2,-2.9,1560,485,4.25,1.32,0
allegheny,EQUITY-RACE,white_nh,people,WEEK-ANY-MINIMUM,400,934734,447902,405204,-42699,47.9,43.3,-4.6,57541,14843,6.16,1.59,0
allegheny,EQUITY-RACE,black_nh,people,WEEK-ANY-MINIMUM,400,152924,123903,121734,-2169,81.0,79.6,-1.4,4879,2709,3.19,1.77,0
allegheny,EQUITY-RACE,native_american_nh,people,WEEK-ANY-MINIMUM,400,628,454,455,1,72.2,72.4,0.2,7,8,1.19,1.35,1
allegheny,EQUITY-RACE,asian_nh,people,WEEK-ANY-MINIMUM,400,53578,29007,27746,-1261,54.1,51.8,-2.4,1957,695,3.65,1.3,0
allegheny,EQUITY-RACE,pacific_islander_nh,people,WEEK-ANY-MINIMUM,400,187,91,80,-12,48.9,42.6,-6.3,12,0,6.43,0.08,1
allegheny,EQUITY-RACE,other_race_nh,people,WEEK-ANY-MINIMUM,400,6773,4251,4051,-200,62.8,59.8,-3.0,551,351,8.14,5.18,0
allegheny,EQUITY-RACE,two_or_more_nh,people,WEEK-ANY-MINIMUM,400,52662,31356,29877,-1479,59.5,56.7,-2.8,2482,1004,4.71,1.91,0
allegheny,EQUITY-AGE,under_18,people,WEEK-ANY-MINIMUM,400,230228,112251,103619,-8632,48.8,45.0,-3.7,12662,4030,5.5,1.75,0
allegheny,EQUITY-AGE,age_65_plus,people,WEEK-ANY-MINIMUM,400,249886,124516,112234,-12281,49.8,44.9,-4.9,15882,3601,6.36,1.44,0
allegheny,EQUITY-INCOME,income_under_25k,households,WEEK-ANY-MINIMUM,400,86622,62337,60155,-2182,72.0,69.4,-2.5,3705,1523,4.28,1.76,0
allegheny,EQUITY-INCOME,income_25k_50k,households,WEEK-ANY-MINIMUM,400,93323,58584,55191,-3393,62.8,59.1,-3.6,5174,1781,5.54,1.91,0
allegheny,EQUITY-INCOME,income_50k_75k,households,WEEK-ANY-MINIMUM,400,82657,48812,45336,-3476,59.1,54.8,-4.2,4805,1329,5.81,1.61,0
allegheny,EQUITY-INCOME,income_75k_100k,households,WEEK-ANY-MINIMUM,400,67373,37040,34026,-3014,55.0,50.5,-4.5,4088,1074,6.07,1.59,0
allegheny,EQUITY-INCOME,income_100k_plus,households,WEEK-ANY-MINIMUM,400,215827,96858,87188,-9670,44.9,40.4,-4.5,12840,3171,5.95,1.47,0
allegheny,EQUITY-VEHICLE,zero_vehicle_households,households,WEEK-ANY-MINIMUM,400,65143,52888,51432,-1456,81.2,79.0,-2.2,2376,920,3.65,1.41,0
allegheny,EQUITY-VEHICLE,one_vehicle_households,households,WEEK-ANY-MINIMUM,400,221226,137291,128779,-8512,62.1,58.2,-3.8,12076,3565,5.46,1.61,0
allegheny,EQUITY-DISABILITY,with_a_disability,people,WEEK-ANY-MINIMUM,400,170957,99729,93126,-6603,58.3,54.5,-3.9,9446,2843,5.53,1.66,0
allegheny,EQUITY-LANGUAGE,limited_english_households,households,WEEK-ANY-MINIMUM,400,7885,5370,5071,-299,68.1,64.3,-3.8,408,109,5.17,1.39,0
allegheny,REGION,all_residents,people,WEEKDAYS-ANY-MINIMUM,400,1238177,660376,611609,-48766,53.3,49.4,-3.9,68989,20223,5.57,1.63,0
allegheny,REGION,all_households,households,WEEKDAYS-ANY-MINIMUM,400,545802,303585,281895,-21689,55.6,51.6,-4.0,30613,8924,5.61,1.63,0
allegheny,EQUITY-RACE,hispanic_or_latino,people,WEEKDAYS-ANY-MINIMUM,400,36691,23536,22464,-1072,64.1,61.2,-2.9,1560,488,4.25,1.33,0
allegheny,EQUITY-RACE,white_nh,people,WEEKDAYS-ANY-MINIMUM,400,934734,447852,405204,-42648,47.9,43.3,-4.6,57541,14893,6.16,1.59,0
allegheny,EQUITY-RACE,black_nh,people,WEEKDAYS-ANY-MINIMUM,400,152924,123840,121734,-2107,81.0,79.6,-1.4,4879,2772,3.19,1.81,0
allegheny,EQUITY-RACE,native_american_nh,people,WEEKDAYS-ANY-MINIMUM,400,628,454,455,1,72.2,72.4,0.2,7,8,1.19,1.35,1
allegheny,EQUITY-RACE,asian_nh,people,WEEKDAYS-ANY-MINIMUM,400,53578,29006,27746,-1260,54.1,51.8,-2.4,1957,697,3.65,1.3,0
allegheny,EQUITY-RACE,pacific_islander_nh,people,WEEKDAYS-ANY-MINIMUM,400,187,91,80,-12,48.9,42.6,-6.3,12,0,6.43,0.08,1
allegheny,EQUITY-RACE,other_race_nh,people,WEEKDAYS-ANY-MINIMUM,400,6773,4251,4051,-200,62.8,59.8,-3.0,551,351,8.14,5.18,0
allegheny,EQUITY-RACE,two_or_more_nh,people,WEEKDAYS-ANY-MINIMUM,400,52662,31346,29877,-1469,59.5,56.7,-2.8,2482,1014,4.71,1.93,0
allegheny,EQUITY-AGE,under_18,people,WEEKDAYS-ANY-MINIMUM,400,230228,112215,103619,-8596,48.7,45.0,-3.7,12662,4066,5.5,1.77,0
allegheny,EQUITY-AGE,age_65_plus,people,WEEKDAYS-ANY-MINIMUM,400,249886,124501,112234,-12267,49.8,44.9,-4.9,15882,3615,6.36,1.45,0
allegheny,EQUITY-INCOME,income_under_25k,households,WEEKDAYS-ANY-MINIMUM,400,86622,62325,60155,-2170,72.0,69.4,-2.5,3705,1535,4.28,1.77,0
allegheny,EQUITY-INCOME,income_25k_50k,households,WEEKDAYS-ANY-MINIMUM,400,93323,58574,55191,-3384,62.8,59.1,-3.6,5174,1791,5.54,1.92,0
allegheny,EQUITY-INCOME,income_50k_75k,households,WEEKDAYS-ANY-MINIMUM,400,82657,48807,45336,-3471,59.0,54.8,-4.2,4805,1334,5.81,1.61,0
allegheny,EQUITY-INCOME,income_75k_100k,households,WEEKDAYS-ANY-MINIMUM,400,67373,37030,34026,-3004,55.0,50.5,-4.5,4088,1084,6.07,1.61,0
allegheny,EQUITY-INCOME,income_100k_plus,households,WEEKDAYS-ANY-MINIMUM,400,215827,96848,87188,-9660,44.9,40.4,-4.5,12840,3181,5.95,1.47,0
allegheny,EQUITY-VEHICLE,zero_vehicle_households,households,WEEKDAYS-ANY-MINIMUM,400,65143,52881,51432,-1449,81.2,79.0,-2.2,2376,927,3.65,1.42,0
allegheny,EQUITY-VEHICLE,one_vehicle_households,households,WEEKDAYS-ANY-MINIMUM,400,221226,137265,128779,-8486,62.0,58.2,-3.8,12076,3591,5.46,1.62,0
allegheny,EQUITY-DISABILITY,with_a_disability,people,WEEKDAYS-ANY-MINIMUM,400,170957,99711,93126,-6585,58.3,54.5,-3.9,9446,2861,5.53,1.67,0
allegheny,EQUITY-LANGUAGE,limited_english_households,households,WEEKDAYS-ANY-MINIMUM,400,7885,5370,5071,-299,68.1,64.3,-3.8,408,109,5.17,1.39,0
allegheny,REGION,all_residents,people,WEEKENDS-ANY-MINIMUM,400,1238177,585758,575166,-10591,47.3,46.5,-0.9,49568,38977,4.0,3.15,0
allegheny,REGION,all_households,households,WEEKENDS-ANY-MINIMUM,400,545802,269647,265461,-4186,49.4,48.6,-0.8,22188,18002,4.07,3.3,0
allegheny,EQUITY-RACE,hispanic_or_latino,people,WEEKENDS-ANY-MINIMUM,400,36691,21846,21331,-515,59.5,58.1,-1.4,1406,891,3.83,2.43,0
allegheny,EQUITY-RACE,white_nh,people,WEEKENDS-ANY-MINIMUM,400,934734,386923,376302,-10621,41.4,40.3,-1.1,40633,30012,4.35,3.21,0
allegheny,EQUITY-RACE,black_nh,people,WEEKENDS-ANY-MINIMUM,400,152924,116881,118567,1687,76.4,77.5,1.1,3809,5496,2.49,3.59,0
allegheny,EQUITY-RACE,native_american_nh,people,WEEKENDS-ANY-MINIMUM,400,628,425,433,9,67.6,69.0,1.4,10,19,1.67,3.06,1
allegheny,EQUITY-RACE,asian_nh,people,WEEKENDS-ANY-MINIMUM,400,53578,27221,26475,-746,50.8,49.4,-1.4,1396,650,2.6,1.21,0
allegheny,EQUITY-RACE,pacific_islander_nh,people,WEEKENDS-ANY-MINIMUM,400,187,90,43,-47,48.1,22.9,-25.2,48,1,25.48,0.29,1
allegheny,EQUITY-RACE,other_race_nh,people,WEEKENDS-ANY-MINIMUM,400,6773,3587,3764,176,53.0,55.6,2.6,209,385,3.08,5.69,0
allegheny,EQUITY-RACE,two_or_more_nh,people,WEEKENDS-ANY-MINIMUM,400,52662,28786,28251,-534,54.7,53.6,-1.0,2058,1523,3.91,2.89,0
allegheny,EQUITY-AGE,under_18,people,WEEKENDS-ANY-MINIMUM,400,230228,98724,96853,-1871,42.9,42.1,-0.8,9006,7135,3.91,3.1,0
allegheny,EQUITY-AGE,age_65_plus,people,WEEKENDS-ANY-MINIMUM,400,249886,106891,104049,-2842,42.8,41.6,-1.1,11232,8390,4.49,3.36,0
allegheny,EQUITY-INCOME,income_under_25k,households,WEEKENDS-ANY-MINIMUM,400,86622,57492,58174,682,66.4,67.2,0.8,2726,3408,3.15,3.93,0
allegheny,EQUITY-INCOME,income_25k_50k,households,WEEKENDS-ANY-MINIMUM,400,93323,52437,52374,-62,56.2,56.1,-0.1,3769,3707,4.04,3.97,0
allegheny,EQUITY-INCOME,income_50k_75k,households,WEEKENDS-ANY-MINIMUM,400,82657,43248,42504,-744,52.3,51.4,-0.9,3556,2812,4.3,3.4,0
allegheny,EQUITY-INCOME,income_75k_100k,households,WEEKENDS-ANY-MINIMUM,400,67373,32476,31641,-835,48.2,47.0,-1.2,3067,2232,4.55,3.31,0
allegheny,EQUITY-INCOME,income_100k_plus,households,WEEKENDS-ANY-MINIMUM,400,215827,83994,80768,-3226,38.9,37.4,-1.5,9069,5843,4.2,2.71,0
allegheny,EQUITY-VEHICLE,zero_vehicle_households,households,WEEKENDS-ANY-MINIMUM,400,65143,50072,50138,66,76.9,77.0,0.1,2039,2105,3.13,3.23,0
allegheny,EQUITY-VEHICLE,one_vehicle_households,households,WEEKENDS-ANY-MINIMUM,400,221226,123294,122032,-1263,55.7,55.2,-0.6,9046,7783,4.09,3.52,0
allegheny,EQUITY-DISABILITY,with_a_disability,people,WEEKENDS-ANY-MINIMUM,400,170957,88506,87803,-703,51.8,51.4,-0.4,6912,6210,4.04,3.63,0
allegheny,EQUITY-LANGUAGE,limited_english_households,households,WEEKENDS-ANY-MINIMUM,400,7885,5004,4862,-142,63.5,61.7,-1.8,320,179,4.06,2.26,0
allegheny,REGION,all_residents,people,WEEK-ANY-HOURLY,400,1238177,494647,518084,23437,39.9,41.8,1.9,55964,79400,4.52,6.41,0
allegheny,REGION,all_households,households,WEEK-ANY-HOURLY,400,545802,228564,239427,10864,41.9,43.9,2.0,25382,36245,4.65,6.64,0
allegheny,EQUITY-RACE,hispanic_or_latino,people,WEEK-ANY-HOURLY,400,36691,19629,20038,409,53.5,54.6,1.1,1791,2200,4.88,6.0,0
allegheny,EQUITY-RACE,white_nh,people,WEEK-ANY-HOURLY,400,934734,319638,334050,14412,34.2,35.7,1.5,43032,57443,4.6,6.15,0
allegheny,EQUITY-RACE,black_nh,people,WEEK-ANY-HOURLY,400,152924,103787,110453,6666,67.9,72.2,4.4,7255,13920,4.74,9.1,0
allegheny,EQUITY-RACE,native_american_nh,people,WEEK-ANY-HOURLY,400,628,371,379,8,59.0,60.4,1.3,20,28,3.15,4.49,1
allegheny,EQUITY-RACE,asian_nh,people,WEEK-ANY-HOURLY,400,53578,23351,23835,484,43.6,44.5,0.9,1143,1627,2.13,3.04,0
allegheny,EQUITY-RACE,pacific_islander_nh,people,WEEK-ANY-HOURLY,400,187,52,42,-9,27.8,22.7,-5.1,11,2,5.85,0.8,1
allegheny,EQUITY-RACE,other_race_nh,people,WEEK-ANY-HOURLY,400,6773,3216,3210,-6,47.5,47.4,-0.1,320,314,4.73,4.64,0
allegheny,EQUITY-RACE,two_or_more_nh,people,WEEK-ANY-HOURLY,400,52662,24603,26076,1473,46.7,49.5,2.8,2392,3865,4.54,7.34,0
allegheny,EQUITY-AGE,under_18,people,WEEK-ANY-HOURLY,400,230228,81941,85818,3877,35.6,37.3,1.7,10529,14406,4.57,6.26,0
allegheny,EQUITY-AGE,age_65_plus,people,WEEK-ANY-HOURLY,400,249886,86815,91240,4425,34.7,36.5,1.8,12287,16712,4.92,6.69,0
allegheny,EQUITY-INCOME,income_under_25k,households,WEEK-ANY-HOURLY,400,86622,49920,53731,3812,57.6,62.0,4.4,3853,7664,4.45,8.85,0
allegheny,EQUITY-INCOME,income_25k_50k,households,WEEK-ANY-HOURLY,400,93323,43719,46867,3148,46.8,50.2,3.4,4620,7768,4.95,8.32,0
allegheny,EQUITY-INCOME,income_50k_75k,households,WEEK-ANY-HOURLY,400,82657,36429,38520,2091,44.1,46.6,2.5,3999,6091,4.84,7.37,0
allegheny,EQUITY-INCOME,income_75k_100k,households,WEEK-ANY-HOURLY,400,67373,27267,28580,1313,40.5,42.4,1.9,3329,4642,4.94,6.89,0
allegheny,EQUITY-INCOME,income_100k_plus,households,WEEK-ANY-HOURLY,400,215827,71229,71729,500,33.0,33.2,0.2,9581,10080,4.44,4.67,0
allegheny,EQUITY-VEHICLE,zero_vehicle_households,households,WEEK-ANY-HOURLY,400,65143,44524,47076,2552,68.3,72.3,3.9,2654,5206,4.07,7.99,0
allegheny,EQUITY-VEHICLE,one_vehicle_households,households,WEEK-ANY-HOURLY,400,221226,104968,110846,5878,47.4,50.1,2.7,10977,16855,4.96,7.62,0
allegheny,EQUITY-DISABILITY,with_a_disability,people,WEEK-ANY-HOURLY,400,170957,72600,79176,6576,42.5,46.3,3.8,7776,14352,4.55,8.4,0
allegheny,EQUITY-LANGUAGE,limited_english_households,households,WEEK-ANY-HOURLY,400,7885,4331,4407,76,54.9,55.9,1.0,348,424,4.41,5.37,0
allegheny,REGION,all_residents,people,WEEKEND-ANY-HOURLY,400,1238177,373677,423895,50218,30.2,34.2,4.1,36605,86823,2.96,7.01,0
allegheny,REGION,all_households,households,WEEKEND-ANY-HOURLY,400,545802,172435,196131,23696,31.6,35.9,4.3,16993,40689,3.11,7.45,0
allegheny,EQUITY-RACE,hispanic_or_latino,people,WEEKEND-ANY-HOURLY,400,36691,15496,17330,1834,42.2,47.2,5.0,1095,2929,2.98,7.98,0
allegheny,EQUITY-RACE,white_nh,people,WEEKEND-ANY-HOURLY,400,934734,236141,268921,32780,25.3,28.8,3.5,25681,58461,2.75,6.25,0
allegheny,EQUITY-RACE,black_nh,people,WEEKEND-ANY-HOURLY,400,152924,80780,93652,12872,52.8,61.2,8.4,6316,19188,4.13,12.55,0
allegheny,EQUITY-RACE,native_american_nh,people,WEEKEND-ANY-HOURLY,400,628,299,324,25,47.6,51.6,4.0,37,62,5.85,9.86,1
allegheny,EQUITY-RACE,asian_nh,people,WEEKEND-ANY-HOURLY,400,53578,19404,20049,645,36.2,37.4,1.2,1233,1878,2.3,3.5,0
allegheny,EQUITY-RACE,pacific_islander_nh,people,WEEKEND-ANY-HOURLY,400,187,40,41,1,21.4,21.9,0.5,1,2,0.5,1.02,1
allegheny,EQUITY-RACE,other_race_nh,people,WEEKEND-ANY-HOURLY,400,6773,2690,2681,-9,39.7,39.6,-0.1,303,294,4.48,4.35,0
allegheny,EQUITY-RACE,two_or_more_nh,people,WEEKEND-ANY-HOURLY,400,52662,18828,20897,2069,35.8,39.7,3.9,1939,4009,3.68,7.61,0
allegheny,EQUITY-AGE,under_18,people,WEEKEND-ANY-HOURLY,400,230228,59443,67982,8539,25.8,29.5,3.7,6763,15302,2.94,6.65,0
allegheny,EQUITY-AGE,age_65_plus,people,WEEKEND-ANY-HOURLY,400,249886,61784,72787,11003,24.7,29.1,4.4,7390,18392,2.96,7.36,0
allegheny,EQUITY-INCOME,income_under_25k,households,WEEKEND-ANY-HOURLY,400,86622,39380,44894,5514,45.5,51.8,6.4,3043,8556,3.51,9.88,0
allegheny,EQUITY-INCOME,income_25k_50k,households,WEEKEND-ANY-HOURLY,400,93323,32754,37658,4904,35.1,40.4,5.3,3417,8321,3.66,8.92,0
allegheny,EQUITY-INCOME,income_50k_75k,households,WEEKEND-ANY-HOURLY,400,82657,27528,30857,3329,33.3,37.3,4.0,2954,6283,3.57,7.6,0
allegheny,EQUITY-INCOME,income_75k_100k,households,WEEKEND-ANY-HOURLY,400,67373,20078,22977,2899,29.8,34.1,4.3,1995,4894,2.96,7.26,0
allegheny,EQUITY-INCOME,income_100k_plus,households,WEEKEND-ANY-HOURLY,400,215827,52694,59745,7051,24.4,27.7,3.3,5585,12636,2.59,5.85,0
allegheny,EQUITY-VEHICLE,zero_vehicle_households,households,WEEKEND-ANY-HOURLY,400,65143,36947,40743,3796,56.7,62.5,5.8,2441,6236,3.75,9.57,0
allegheny,EQUITY-VEHICLE,one_vehicle_households,households,WEEKEND-ANY-HOURLY,400,221226,79680,90839,11159,36.0,41.1,5.0,7474,18633,3.38,8.42,0
allegheny,EQUITY-DISABILITY,with_a_disability,people,WEEKEND-ANY-HOURLY,400,170957,54475,63101,8627,31.9,36.9,5.0,5441,14068,3.18,8.23,0
allegheny,EQUITY-LANGUAGE,limited_english_households,households,WEEKEND-ANY-HOURLY,400,7885,3256,3495,239,41.3,44.3,3.0,293,532,3.71,6.75,0
allegheny,REGION,all_residents,people,WEEK-ANY-MINIMUM,150,1238177,307907,282879,-25028,24.9,22.8,-2.0,39876,14847,3.22,1.2,0
allegheny,REGION,all_households,households,WEEK-ANY-MINIMUM,150,545802,142716,131025,-11691,26.1,24.0,-2.1,18806,7115,3.45,1.3,0
allegheny,EQUITY-RACE,hispanic_or_latino,people,WEEK-ANY-MINIMUM,150,36691,12432,11259,-1172,33.9,30.7,-3.2,1566,394,4.27,1.07,0
allegheny,EQUITY-RACE,white_nh,people,WEEK-ANY-MINIMUM,150,934734,194444,176027,-18416,20.8,18.8,-2.0,28683,10267,3.07,1.1,0
allegheny,EQUITY-RACE,black_nh,people,WEEK-ANY-MINIMUM,150,152924,68526,65524,-3002,44.8,42.8,-2.0,5739,2737,3.75,1.79,0
allegheny,EQUITY-RACE,native_american_nh,people,WEEK-ANY-MINIMUM,150,628,224,222,-2,35.7,35.3,-0.4,16,14,2.52,2.16,1
allegheny,EQUITY-RACE,asian_nh,people,WEEK-ANY-MINIMUM,150,53578,14987,13749,-1238,28.0,25.7,-2.3,1849,611,3.45,1.14,0
allegheny,EQUITY-RACE,pacific_islander_nh,people,WEEK-ANY-MINIMUM,150,187,54,49,-5,28.9,26.3,-2.6,5,0,2.72,0.08,1
allegheny,EQUITY-RACE,other_race_nh,people,WEEK-ANY-MINIMUM,150,6773,2420,2253,-167,35.7,33.3,-2.5,330,163,4.88,2.41,0
allegheny,EQUITY-RACE,two_or_more_nh,people,WEEK-ANY-MINIMUM,150,52662,14821,13795,-1026,28.1,26.2,-1.9,1688,662,3.21,1.26,0
allegheny,EQUITY-AGE,under_18,people,WEEK-ANY-MINIMUM,150,230228,49672,45804,-3867,21.6,19.9,-1.7,6291,2423,2.73,1.05,0
allegheny,EQUITY-AGE,age_65_plus,people,WEEK-ANY-MINIMUM,150,249886,53200,48007,-5193,21.3,19.2,-2.1,7809,2616,3.12,1.05,0
allegheny,EQUITY-INCOME,income_under_25k,households,WEEK-ANY-MINIMUM,150,86622,32376,30700,-1676,37.4,35.4,-1.9,3243,1567,3.74,1.81,0
allegheny,EQUITY-INCOME,income_25k_50k,households,WEEK-ANY-MINIMUM,150,93323,28846,26580,-2267,30.9,28.5,-2.4,3682,1415,3.95,1.52,0
allegheny,EQUITY-INCOME,income_50k_75k,households,WEEK-ANY-MINIMUM,150,82657,23132,21155,-1977,28.0,25.6,-2.4,3084,1108,3.73,1.34,0
allegheny,EQUITY-INCOME,income_75k_100k,households,WEEK-ANY-MINIMUM,150,67373,16952,15488,-1464,25.2,23.0,-2.2,2368,904,3.51,1.34,0
allegheny,EQUITY-INCOME,income_100k_plus,households,WEEK-ANY-MINIMUM,150,215827,41410,37102,-4308,19.2,17.2,-2.0,6429,2121,2.98,0.98,0
allegheny,EQUITY-VEHICLE,zero_vehicle_households,households,WEEK-ANY-MINIMUM,150,65143,30330,28746,-1584,46.6,44.1,-2.4,2868,1283,4.4,1.97,0
allegheny,EQUITY-VEHICLE,one_vehicle_households,households,WEEK-ANY-MINIMUM,150,221226,66035,60921,-5114,29.8,27.5,-2.3,8260,3146,3.73,1.42,0
allegheny,EQUITY-DISABILITY,with_a_disability,people,WEEK-ANY-MINIMUM,150,170957,46963,43771,-3192,27.5,25.6,-1.9,5560,2368,3.25,1.39,0
allegheny,EQUITY-LANGUAGE,limited_english_households,households,WEEK-ANY-MINIMUM,150,7885,2728,2549,-179,34.6,32.3,-2.3,314,135,3.99,1.72,0
allegheny,REGION,all_residents,people,WEEKDAYS-ANY-MINIMUM,150,1238177,307898,282879,-25019,24.9,22.8,-2.0,39876,14857,3.22,1.2,0
allegheny,REGION,all_households,households,WEEKDAYS-ANY-MINIMUM,150,545802,142712,131025,-11688,26.1,24.0,-2.1,18806,7118,3.45,1.3,0
allegheny,EQUITY-RACE,hispanic_or_latino,people,WEEKDAYS-ANY-MINIMUM,150,36691,12431,11259,-1172,33.9,30.7,-3.2,1566,394,4.27,1.07,0
allegheny,EQUITY-RACE,white_nh,people,WEEKDAYS-ANY-MINIMUM,150,934734,194440,176027,-18412,20.8,18.8,-2.0,28683,10271,3.07,1.1,0
allegheny,EQUITY-RACE,black_nh,people,WEEKDAYS-ANY-MINIMUM,150,152924,68521,65524,-2997,44.8,42.8,-2.0,5739,2741,3.75,1.79,0
allegheny,EQUITY-RACE,native_american_nh,people,WEEKDAYS-ANY-MINIMUM,150,628,224,222,-2,35.7,35.3,-0.4,16,14,2.52,2.16,1
allegheny,EQUITY-RACE,asian_nh,people,WEEKDAYS-ANY-MINIMUM,150,53578,14987,13749,-1237,28.0,25.7,-2.3,1849,611,3.45,1.14,0
allegheny,EQUITY-RACE,pacific_islander_nh,people,WEEKDAYS-ANY-MINIMUM,150,187,54,49,-5,28.9,26.3,-2.6,5,0,2.72,0.08,1
allegheny,EQUITY-RACE,other_race_nh,people,WEEKDAYS-ANY-MINIMUM,150,6773,2420,2253,-167,35.7,33.3,-2.5,330,163,4.88,2.41,0
allegheny,EQUITY-RACE,two_or_more_nh,people,WEEKDAYS-ANY-MINIMUM,150,52662,14820,13795,-1025,28.1,26.2,-1.9,1688,663,3.21,1.26,0
allegheny,EQUITY-AGE,under_18,people,WEEKDAYS-ANY-MINIMUM,150,230228,49669,45804,-3865,21.6,19.9,-1.7,6291,2426,2.73,1.05,0
allegheny,EQUITY-AGE,age_65_plus,people,WEEKDAYS-ANY-MINIMUM,150,249886,53199,48007,-5192,21.3,19.2,-2.1,7809,2617,3.12,1.05,0
allegheny,EQUITY-INCOME,income_under_25k,households,WEEKDAYS-ANY-MINIMUM,150,86622,32375,30700,-1675,37.4,35.4,-1.9,3243,1568,3.74,1.81,0
allegheny,EQUITY-INCOME,income_25k_50k,households,WEEKDAYS-ANY-MINIMUM,150,93323,28846,26580,-2266,30.9,28.5,-2.4,3682,1416,3.95,1.52,0
allegheny,EQUITY-INCOME,income_50k_75k,households,WEEKDAYS-ANY-MINIMUM,150,82657,23132,21155,-1976,28.0,25.6,-2.4,3084,1108,3.73,1.34,0
allegheny,EQUITY-INCOME,income_75k_100k,households,WEEKDAYS-ANY-MINIMUM,150,67373,16951,15488,-1463,25.2,23.0,-2.2,2368,904,3.51,1.34,0
allegheny,EQUITY-INCOME,income_100k_plus,households,WEEKDAYS-ANY-MINIMUM,150,215827,41409,37102,-4307,19.2,17.2,-2.0,6429,2122,2.98,0.98,0
allegheny,EQUITY-VEHICLE,zero_vehicle_households,households,WEEKDAYS-ANY-MINIMUM,150,65143,30330,28746,-1583,46.6,44.1,-2.4,2868,1284,4.4,1.97,0
allegheny,EQUITY-VEHICLE,one_vehicle_households,households,WEEKDAYS-ANY-MINIMUM,150,221226,66033,60921,-5112,29.8,27.5,-2.3,8260,3148,3.73,1.42,0
allegheny,EQUITY-DISABILITY,with_a_disability,people,WEEKDAYS-ANY-MINIMUM,150,170957,46961,43771,-3191,27.5,25.6,-1.9,5560,2369,3.25,1.39,0
allegheny,EQUITY-LANGUAGE,limited_english_households,households,WEEKDAYS-ANY-MINIMUM,150,7885,2728,2549,-179,34.6,32.3,-2.3,314,135,3.99,1.72,0
allegheny,REGION,all_residents,people,WEEKENDS-ANY-MINIMUM,150,1238177,279994,269919,-10074,22.6,21.8,-0.8,31651,21575,2.56,1.74,0
allegheny,REGION,all_households,households,WEEKENDS-ANY-MINIMUM,150,545802,129737,125048,-4689,23.8,22.9,-0.9,15003,10314,2.75,1.89,0
allegheny,EQUITY-RACE,hispanic_or_latino,people,WEEKENDS-ANY-MINIMUM,150,36691,11685,10919,-766,31.8,29.8,-2.1,1375,608,3.75,1.66,0
allegheny,EQUITY-RACE,white_nh,people,WEEKENDS-ANY-MINIMUM,150,934734,172639,165917,-6722,18.5,17.8,-0.7,21878,15154,2.34,1.62,0
allegheny,EQUITY-RACE,black_nh,people,WEEKENDS-ANY-MINIMUM,150,152924,65117,64216,-900,42.6,42.0,-0.6,4976,4076,3.25,2.67,0
allegheny,EQUITY-RACE,native_american_nh,people,WEEKENDS-ANY-MINIMUM,150,628,215,215,0,34.2,34.2,0.0,15,15,2.35,2.36,1
allegheny,EQUITY-RACE,asian_nh,people,WEEKENDS-ANY-MINIMUM,150,53578,14373,13460,-913,26.8,25.1,-1.7,1575,662,2.94,1.24,0
allegheny,EQUITY-RACE,pacific_islander_nh,people,WEEKENDS-ANY-MINIMUM,150,187,54,36,-18,28.8,19.3,-9.5,18,0,9.59,0.08,1
allegheny,EQUITY-RACE,other_race_nh,people,WEEKENDS-ANY-MINIMUM,150,6773,2191,1963,-228,32.3,29.0,-3.4,388,161,5.73,2.37,0
allegheny,EQUITY-RACE,two_or_more_nh,people,WEEKENDS-ANY-MINIMUM,150,52662,13720,13193,-526,26.1,25.1,-1.0,1426,900,2.71,1.71,0
allegheny,EQUITY-AGE,under_18,people,WEEKENDS-ANY-MINIMUM,150,230228,44845,43348,-1497,19.5,18.8,-0.7,5051,3555,2.19,1.54,0
allegheny,EQUITY-AGE,age_65_plus,people,WEEKENDS-ANY-MINIMUM,150,249886,47244,45163,-2080,18.9,18.1,-0.8,6090,4009,2.44,1.6,0
allegheny,EQUITY-INCOME,income_under_25k,households,WEEKENDS-ANY-MINIMUM,150,86622,30195,29851,-344,34.9,34.5,-0.4,2597,2253,3.0,2.6,0
allegheny,EQUITY-INCOME,income_25k_50k,households,WEEKENDS-ANY-MINIMUM,150,93323,26352,25529,-823,28.2,27.4,-0.9,2915,2091,3.12,2.24,0
allegheny,EQUITY-INCOME,income_50k_75k,households,WEEKENDS-ANY-MINIMUM,150,82657,20984,20056,-928,25.4,24.3,-1.1,2518,1590,3.05,1.92,0
allegheny,EQUITY-INCOME,income_75k_100k,households,WEEKENDS-ANY-MINIMUM,150,67373,15131,14606,-526,22.5,21.7,-0.8,1817,1292,2.7,1.92,0
allegheny,EQUITY-INCOME,income_100k_plus,households,WEEKENDS-ANY-MINIMUM,150,215827,37074,35007,-2067,17.2,16.2,-1.0,5156,3088,2.39,1.43,0
allegheny,EQUITY-VEHICLE,zero_vehicle_households,households,WEEKENDS-ANY-MINIMUM,150,65143,28730,28039,-691,44.1,43.0,-1.1,2483,1792,3.81,2.75,0
allegheny,EQUITY-VEHICLE,one_vehicle_households,households,WEEKENDS-ANY-MINIMUM,150,221226,60515,58296,-2218,27.4,26.4,-1.0,6733,4515,3.04,2.04,0
allegheny,EQUITY-DISABILITY,with_a_disability,people,WEEKENDS-ANY-MINIMUM,150,170957,42748,41738,-1010,25.0,24.4,-0.6,4532,3522,2.65,2.06,0
allegheny,EQUITY-LANGUAGE,limited_english_households,households,WEEKENDS-ANY-MINIMUM,150,7885,2575,2486,-89,32.7,31.5,-1.1,252,163,3.2,2.06,0
allegheny,REGION,all_residents,people,WEEK-ANY-HOURLY,150,1238177,235380,244547,9167,19.0,19.8,0.7,31432,40599,2.54,3.28,0
allegheny,REGION,all_households,households,WEEK-ANY-HOURLY,150,545802,109054,112904,3850,20.0,20.7,0.7,15241,19091,2.79,3.5,0
allegheny,EQUITY-RACE,hispanic_or_latino,people,WEEK-ANY-HOURLY,150,36691,10159,10202,42,27.7,27.8,0.1,1360,1402,3.71,3.82,0
allegheny,EQUITY-RACE,white_nh,people,WEEK-ANY-HOURLY,150,934734,143374,148284,4910,15.3,15.9,0.5,20209,25118,2.16,2.69,0
allegheny,EQUITY-RACE,black_nh,people,WEEK-ANY-HOURLY,150,152924,55765,59630,3865,36.5,39.0,2.5,6889,10755,4.51,7.03,0
allegheny,EQUITY-RACE,native_american_nh,people,WEEK-ANY-HOURLY,150,628,177,194,17,28.2,30.9,2.7,5,22,0.75,3.47,1
allegheny,EQUITY-RACE,asian_nh,people,WEEK-ANY-HOURLY,150,53578,12633,12374,-259,23.6,23.1,-0.5,1125,866,2.1,1.62,0
allegheny,EQUITY-RACE,pacific_islander_nh,people,WEEK-ANY-HOURLY,150,187,40,36,-4,21.4,19.3,-2.1,5,1,2.63,0.53,1
allegheny,EQUITY-RACE,other_race_nh,people,WEEK-ANY-HOURLY,150,6773,1778,1779,0,26.3,26.3,0.0,273,273,4.03,4.03,0
allegheny,EQUITY-RACE,two_or_more_nh,people,WEEK-ANY-HOURLY,150,52662,11454,12050,596,21.7,22.9,1.1,1566,2162,2.97,4.11,0
allegheny,EQUITY-AGE,under_18,people,WEEK-ANY-HOURLY,150,230228,36406,38511,2104,15.8,16.7,0.9,5243,7348,2.28,3.19,0
allegheny,EQUITY-AGE,age_65_plus,people,WEEK-ANY-HOURLY,150,249886,38217,40359,2142,15.3,16.2,0.9,5895,8037,2.36,3.22,0
allegheny,EQUITY-INCOME,income_under_25k,households,WEEK-ANY-HOURLY,150,86622,25823,27138,1315,29.8,31.3,1.5,3200,4515,3.69,5.21,0
allegheny,EQUITY-INCOME,income_25k_50k,households,WEEK-ANY-HOURLY,150,93323,21587,22522,935,23.1,24.1,1.0,3245,4180,3.48,4.48,0
allegheny,EQUITY-INCOME,income_50k_75k,households,WEEK-ANY-HOURLY,150,82657,17620,18378,758,21.3,22.2,0.9,2555,3313,3.09,4.01,0
allegheny,EQUITY-INCOME,income_75k_100k,households,WEEK-ANY-HOURLY,150,67373,12455,13237,782,18.5,19.6,1.2,1658,2440,2.46,3.62,0
allegheny,EQUITY-INCOME,income_100k_plus,households,WEEK-ANY-HOURLY,150,215827,31569,31630,61,14.6,14.7,0.0,4583,4644,2.12,2.15,0
allegheny,EQUITY-VEHICLE,zero_vehicle_households,households,WEEK-ANY-HOURLY,150,65143,25223,25947,724,38.7,39.8,1.1,2959,3683,4.54,5.65,0
allegheny,EQUITY-VEHICLE,one_vehicle_households,households,WEEK-ANY-HOURLY,150,221226,50997,52946,1950,23.1,23.9,0.9,6954,8904,3.14,4.03,0
allegheny,EQUITY-DISABILITY,with_a_disability,people,WEEK-ANY-HOURLY,150,170957,34631,37491,2860,20.3,21.9,1.7,4748,7608,2.78,4.45,0
allegheny,EQUITY-LANGUAGE,limited_english_households,households,WEEK-ANY-HOURLY,150,7885,2174,2219,44,27.6,28.1,0.6,247,292,3.14,3.7,0
allegheny,REGION,all_residents,people,WEEKEND-ANY-HOURLY,150,1238177,178480,196665,18186,14.4,15.9,1.5,27647,45832,2.23,3.7,0
allegheny,REGION,all_households,households,WEEKEND-ANY-HOURLY,150,545802,82186,91659,9473,15.1,16.8,1.7,11799,21272,2.16,3.9,0
allegheny,EQUITY-RACE,hispanic_or_latino,people,WEEKEND-ANY-HOURLY,150,36691,7792,8265,473,21.2,22.5,1.3,1314,1787,3.58,4.87,0
allegheny,EQUITY-RACE,white_nh,people,WEEKEND-ANY-HOURLY,150,934734,107815,117914,10099,11.5,12.6,1.1,17262,27360,1.85,2.93,0
allegheny,EQUITY-RACE,black_nh,people,WEEKEND-ANY-HOURLY,150,152924,42487,48694,6208,27.8,31.8,4.1,6567,12774,4.29,8.35,0
allegheny,EQUITY-RACE,native_american_nh,people,WEEKEND-ANY-HOURLY,150,628,132,152,19,21.1,24.1,3.1,21,40,3.32,6.41,1
allegheny,EQUITY-RACE,asian_nh,people,WEEKEND-ANY-HOURLY,150,53578,10266,10517,251,19.2,19.6,0.5,1159,1410,2.16,2.63,0
allegheny,EQUITY-RACE,pacific_islander_nh,people,WEEKEND-ANY-HOURLY,150,187,30,31,1,16.1,16.8,0.7,4,5,1.91,2.58,1
allegheny,EQUITY-RACE,other_race_nh,people,WEEKEND-ANY-HOURLY,150,6773,1257,1414,157,18.6,20.9,2.3,139,296,2.06,4.37,0
allegheny,EQUITY-RACE,two_or_more_nh,people,WEEKEND-ANY-HOURLY,150,52662,8700,9677,977,16.5,18.4,1.9,1182,2159,2.24,4.1,0
allegheny,EQUITY-AGE,under_18,people,WEEKEND-ANY-HOURLY,150,230228,25497,30157,4660,11.1,13.1,2.0,3624,8283,1.57,3.6,0
allegheny,EQUITY-AGE,age_65_plus,people,WEEKEND-ANY-HOURLY,150,249886,27268,31707,4439,10.9,12.7,1.8,4286,8725,1.72,3.49,0
allegheny,EQUITY-INCOME,income_under_25k,households,WEEKEND-ANY-HOURLY,150,86622,19882,22218,2336,23.0,25.6,2.7,2627,4962,3.03,5.73,0
allegheny,EQUITY-INCOME,income_25k_50k,households,WEEKEND-ANY-HOURLY,150,93323,15860,17814,1954,17.0,19.1,2.1,2436,4391,2.61,4.7,0
allegheny,EQUITY-INCOME,income_50k_75k,households,WEEKEND-ANY-HOURLY,150,82657,13199,14655,1456,16.0,17.7,1.8,1980,3436,2.4,4.16,0
allegheny,EQUITY-INCOME,income_75k_100k,households,WEEKEND-ANY-HOURLY,150,67373,9387,10544,1158,13.9,15.7,1.7,1454,2611,2.16,3.88,0
allegheny,EQUITY-INCOME,income_100k_plus,households,WEEKEND-ANY-HOURLY,150,215827,23858,26427,2569,11.1,12.2,1.2,3303,5871,1.53,2.72,0
allegheny,EQUITY-VEHICLE,zero_vehicle_households,households,WEEKEND-ANY-HOURLY,150,65143,20145,22064,1919,30.9,33.9,2.9,2444,4363,3.75,6.7,0
allegheny,EQUITY-VEHICLE,one_vehicle_households,households,WEEKEND-ANY-HOURLY,150,221226,38424,42933,4509,17.4,19.4,2.0,5216,9725,2.36,4.4,0
allegheny,EQUITY-DISABILITY,with_a_disability,people,WEEKEND-ANY-HOURLY,150,170957,25350,29330,3980,14.8,17.2,2.3,3818,7798,2.23,4.56,0
allegheny,EQUITY-LANGUAGE,limited_english_households,households,WEEKEND-ANY-HOURLY,150,7885,1617,1740,123,20.5,22.1,1.6,216,339,2.74,4.3,0
served,REGION,all_residents,people,WEEK-ANY-MINIMUM,400,950675,666519,622004,-44515,70.1,65.4,-4.7,71041,26527,7.47,2.79,0
served,REGION,all_households,households,WEEK-ANY-MINIMUM,400,432834,306713,287073,-19640,70.9,66.3,-4.5,31605,11965,7.3,2.76,0
served,EQUITY-RACE,hispanic_or_latino,people,WEEK-ANY-MINIMUM,400,32110,23840,22865,-975,74.2,71.2,-3.0,1635,660,5.09,2.06,0
served,EQUITY-RACE,white_nh,people,WEEK-ANY-MINIMUM,400,681119,452374,412390,-39984,66.4,60.5,-5.9,59311,19328,8.71,2.84,0
served,EQUITY-RACE,black_nh,people,WEEK-ANY-MINIMUM,400,148564,124597,123681,-915,83.9,83.3,-0.6,4958,4042,3.34,2.72,0
served,EQUITY-RACE,native_american_nh,people,WEEK-ANY-MINIMUM,400,536,454,455,1,84.6,84.8,0.2,7,9,1.39,1.6,1
served,EQUITY-RACE,asian_nh,people,WEEK-ANY-MINIMUM,400,38967,29015,27749,-1266,74.5,71.2,-3.2,1962,696,5.03,1.79,0
served,EQUITY-RACE,pacific_islander_nh,people,WEEK-ANY-MINIMUM,400,121,91,80,-12,75.6,65.8,-9.8,12,0,9.93,0.12,1
served,EQUITY-RACE,other_race_nh,people,WEEK-ANY-MINIMUM,400,5661,4263,4126,-137,75.3,72.9,-2.4,551,414,9.74,7.31,0
served,EQUITY-RACE,two_or_more_nh,people,WEEK-ANY-MINIMUM,400,43597,31886,30658,-1228,73.1,70.3,-2.8,2605,1377,5.98,3.16,0
served,EQUITY-AGE,under_18,people,WEEK-ANY-MINIMUM,400,165704,113113,105417,-7697,68.3,63.6,-4.6,13015,5318,7.85,3.21,0
served,EQUITY-AGE,age_65_plus,people,WEEK-ANY-MINIMUM,400,188953,125527,114304,-11223,66.4,60.5,-5.9,16160,4937,8.55,2.61,0
served,EQUITY-INCOME,income_under_25k,households,WEEK-ANY-MINIMUM,400,80572,63370,61869,-1501,78.7,76.8,-1.9,4003,2502,4.97,3.1,0
served,EQUITY-INCOME,income_25k_50k,households,WEEK-ANY-MINIMUM,400,80606,59170,56316,-2855,73.4,69.9,-3.5,5347,2492,6.63,3.09,0
served,EQUITY-INCOME,income_50k_75k,households,WEEK-ANY-MINIMUM,400,68543,49438,46206,-3232,72.1,67.4,-4.7,5053,1821,7.37,2.66,0
served,EQUITY-INCOME,income_75k_100k,households,WEEK-ANY-MINIMUM,400,53850,37270,34515,-2755,69.2,64.1,-5.1,4162,1408,7.73,2.61,0
served,EQUITY-INCOME,income_100k_plus,households,WEEK-ANY-MINIMUM,400,149263,97464,88166,-9298,65.3,59.1,-6.2,13040,3742,8.74,2.51,0
served,EQUITY-VEHICLE,zero_vehicle_households,households,WEEK-ANY-MINIMUM,400,62357,53626,52557,-1069,86.0,84.3,-1.7,2495,1426,4.0,2.29,0
served,EQUITY-VEHICLE,one_vehicle_households,households,WEEK-ANY-MINIMUM,400,189348,138642,130993,-7649,73.2,69.2,-4.0,12564,4916,6.64,2.6,0
served,EQUITY-DISABILITY,with_a_disability,people,WEEK-ANY-MINIMUM,400,141173,100907,95116,-5791,71.5,67.4,-4.1,9815,4025,6.95,2.85,0
served,EQUITY-LANGUAGE,limited_english_households,households,WEEK-ANY-MINIMUM,400,6898,5417,5131,-287,78.5,74.4,-4.2,417,130,6.05,1.89,0
served,REGION,all_residents,people,WEEKDAYS-ANY-MINIMUM,400,950675,666391,622004,-44387,70.1,65.4,-4.7,71041,26655,7.47,2.8,0
served,REGION,all_households,households,WEEKDAYS-ANY-MINIMUM,400,432834,306667,287073,-19594,70.9,66.3,-4.5,31605,12011,7.3,2.77,0
served,EQUITY-RACE,hispanic_or_latino,people,WEEKDAYS-ANY-MINIMUM,400,32110,23836,22865,-971,74.2,71.2,-3.0,1635,664,5.09,2.07,0
served,EQUITY-RACE,white_nh,people,WEEKDAYS-ANY-MINIMUM,400,681119,452323,412390,-39933,66.4,60.5,-5.9,59311,19378,8.71,2.85,0
served,EQUITY-RACE,black_nh,people,WEEKDAYS-ANY-MINIMUM,400,148564,124534,123681,-853,83.8,83.3,-0.6,4958,4105,3.34,2.76,0
served,EQUITY-RACE,native_american_nh,people,WEEKDAYS-ANY-MINIMUM,400,536,454,455,1,84.6,84.8,0.2,7,9,1.39,1.6,1
served,EQUITY-RACE,asian_nh,people,WEEKDAYS-ANY-MINIMUM,400,38967,29013,27749,-1264,74.5,71.2,-3.2,1962,698,5.03,1.79,0
served,EQUITY-RACE,pacific_islander_nh,people,WEEKDAYS-ANY-MINIMUM,400,121,91,80,-12,75.6,65.8,-9.8,12,0,9.93,0.12,1
served,EQUITY-RACE,other_race_nh,people,WEEKDAYS-ANY-MINIMUM,400,5661,4263,4126,-137,75.3,72.9,-2.4,551,414,9.74,7.31,0
served,EQUITY-RACE,two_or_more_nh,people,WEEKDAYS-ANY-MINIMUM,400,43597,31876,30658,-1218,73.1,70.3,-2.8,2605,1388,5.98,3.18,0
served,EQUITY-AGE,under_18,people,WEEKDAYS-ANY-MINIMUM,400,165704,113077,105417,-7660,68.2,63.6,-4.6,13015,5355,7.85,3.23,0
served,EQUITY-AGE,age_65_plus,people,WEEKDAYS-ANY-MINIMUM,400,188953,125513,114304,-11209,66.4,60.5,-5.9,16160,4951,8.55,2.62,0
served,EQUITY-INCOME,income_under_25k,households,WEEKDAYS-ANY-MINIMUM,400,80572,63358,61869,-1489,78.6,76.8,-1.8,4003,2514,4.97,3.12,0
served,EQUITY-INCOME,income_25k_50k,households,WEEKDAYS-ANY-MINIMUM,400,80606,59161,56316,-2845,73.4,69.9,-3.5,5347,2502,6.63,3.1,0
served,EQUITY-INCOME,income_50k_75k,households,WEEKDAYS-ANY-MINIMUM,400,68543,49434,46206,-3228,72.1,67.4,-4.7,5053,1826,7.37,2.66,0
served,EQUITY-INCOME,income_75k_100k,households,WEEKDAYS-ANY-MINIMUM,400,53850,37260,34515,-2745,69.2,64.1,-5.1,4162,1418,7.73,2.63,0
served,EQUITY-INCOME,income_100k_plus,households,WEEKDAYS-ANY-MINIMUM,400,149263,97454,88166,-9288,65.3,59.1,-6.2,13040,3752,8.74,2.51,0
served,EQUITY-VEHICLE,zero_vehicle_households,households,WEEKDAYS-ANY-MINIMUM,400,62357,53618,52557,-1062,86.0,84.3,-1.7,2495,1433,4.0,2.3,0
served,EQUITY-VEHICLE,one_vehicle_households,households,WEEKDAYS-ANY-MINIMUM,400,189348,138616,130993,-7622,73.2,69.2,-4.0,12564,4942,6.64,2.61,0
served,EQUITY-DISABILITY,with_a_disability,people,WEEKDAYS-ANY-MINIMUM,400,141173,100889,95116,-5772,71.5,67.4,-4.1,9815,4043,6.95,2.86,0
served,EQUITY-LANGUAGE,limited_english_households,households,WEEKDAYS-ANY-MINIMUM,400,6898,5417,5131,-287,78.5,74.4,-4.2,417,130,6.05,1.89,0
served,REGION,all_residents,people,WEEKENDS-ANY-MINIMUM,400,950675,591745,585533,-6212,62.2,61.6,-0.7,51621,45409,5.43,4.78,0
served,REGION,all_households,households,WEEKENDS-ANY-MINIMUM,400,432834,272715,270624,-2091,63.0,62.5,-0.5,23180,21089,5.36,4.87,0
served,EQUITY-RACE,hispanic_or_latino,people,WEEKENDS-ANY-MINIMUM,400,32110,22146,21731,-414,69.0,67.7,-1.3,1481,1067,4.61,3.32,0
served,EQUITY-RACE,white_nh,people,WEEKENDS-ANY-MINIMUM,400,681119,391372,383466,-7906,57.5,56.3,-1.2,42403,34497,6.23,5.06,0
served,EQUITY-RACE,black_nh,people,WEEKENDS-ANY-MINIMUM,400,148564,117574,120515,2941,79.1,81.1,2.0,3888,6829,2.62,4.6,0
served,EQUITY-RACE,native_american_nh,people,WEEKENDS-ANY-MINIMUM,400,536,425,433,9,79.2,80.9,1.6,10,19,1.95,3.6,1
served,EQUITY-RACE,asian_nh,people,WEEKENDS-ANY-MINIMUM,400,38967,27226,26476,-750,69.9,67.9,-1.9,1401,651,3.59,1.67,0
served,EQUITY-RACE,pacific_islander_nh,people,WEEKENDS-ANY-MINIMUM,400,121,90,43,-47,74.4,35.4,-38.9,48,1,39.38,0.45,1
served,EQUITY-RACE,other_race_nh,people,WEEKENDS-ANY-MINIMUM,400,5661,3599,3839,239,63.6,67.8,4.2,209,448,3.69,7.91,0
served,EQUITY-RACE,two_or_more_nh,people,WEEKENDS-ANY-MINIMUM,400,43597,29313,29029,-283,67.2,66.6,-0.6,2180,1897,5.0,4.35,0
served,EQUITY-AGE,under_18,people,WEEKENDS-ANY-MINIMUM,400,165704,99581,98646,-936,60.1,59.5,-0.6,9359,8423,5.65,5.08,0
served,EQUITY-AGE,age_65_plus,people,WEEKENDS-ANY-MINIMUM,400,188953,107891,106107,-1784,57.1,56.2,-0.9,11510,9726,6.09,5.15,0
served,EQUITY-INCOME,income_under_25k,households,WEEKENDS-ANY-MINIMUM,400,80572,58526,59889,1363,72.6,74.3,1.7,3023,4386,3.75,5.44,0
served,EQUITY-INCOME,income_25k_50k,households,WEEKENDS-ANY-MINIMUM,400,80606,53021,53497,476,65.8,66.4,0.6,3942,4418,4.89,5.48,0
served,EQUITY-INCOME,income_50k_75k,households,WEEKENDS-ANY-MINIMUM,400,68543,43872,43372,-500,64.0,63.3,-0.7,3805,3305,5.55,4.82,0
served,EQUITY-INCOME,income_75k_100k,households,WEEKENDS-ANY-MINIMUM,400,53850,32705,32129,-576,60.7,59.7,-1.1,3142,2566,5.83,4.76,0
served,EQUITY-INCOME,income_100k_plus,households,WEEKENDS-ANY-MINIMUM,400,149263,84591,81737,-2854,56.7,54.8,-1.9,9268,6414,6.21,4.3,0
served,EQUITY-VEHICLE,zero_vehicle_households,households,WEEKENDS-ANY-MINIMUM,400,62357,50809,51262,454,81.5,82.2,0.7,2158,2612,3.46,4.19,0
served,EQUITY-VEHICLE,one_vehicle_households,households,WEEKENDS-ANY-MINIMUM,400,189348,124639,124240,-399,65.8,65.6,-0.2,9534,9134,5.04,4.82,0
served,EQUITY-DISABILITY,with_a_disability,people,WEEKENDS-ANY-MINIMUM,400,141173,89680,89790,110,63.5,63.6,0.1,7282,7391,5.16,5.24,0
served,EQUITY-LANGUAGE,limited_english_households,households,WEEKENDS-ANY-MINIMUM,400,6898,5051,4922,-130,73.2,71.3,-1.9,329,199,4.77,2.89,0
served,REGION,all_residents,people,WEEK-ANY-HOURLY,400,950675,500634,521361,20727,52.7,54.8,2.2,58674,79400,6.17,8.35,0
served,REGION,all_households,households,WEEK-ANY-HOURLY,400,432834,231632,241170,9538,53.5,55.7,2.2,26708,36245,6.17,8.37,0
served,EQUITY-RACE,hispanic_or_latino,people,WEEK-ANY-HOURLY,400,32110,19929,20250,321,62.1,63.1,1.0,1879,2200,5.85,6.85,0
served,EQUITY-RACE,white_nh,people,WEEK-ANY-HOURLY,400,681119,324087,336209,12122,47.6,49.4,1.8,45322,57443,6.65,8.43,0
served,EQUITY-RACE,black_nh,people,WEEK-ANY-HOURLY,400,148564,104481,110977,6496,70.3,74.7,4.4,7425,13920,5.0,9.37,0
served,EQUITY-RACE,native_american_nh,people,WEEK-ANY-HOURLY,400,536,371,379,8,69.2,70.7,1.6,20,28,3.69,5.26,1
served,EQUITY-RACE,asian_nh,people,WEEK-ANY-HOURLY,400,38967,23356,23835,479,59.9,61.2,1.2,1148,1627,2.95,4.18,0
served,EQUITY-RACE,pacific_islander_nh,people,WEEK-ANY-HOURLY,400,121,52,42,-9,42.9,35.1,-7.8,11,2,9.05,1.24,1
served,EQUITY-RACE,other_race_nh,people,WEEK-ANY-HOURLY,400,5661,3228,3222,-6,57.0,56.9,-0.1,320,314,5.66,5.55,0
served,EQUITY-RACE,two_or_more_nh,people,WEEK-ANY-HOURLY,400,43597,25130,26447,1317,57.6,60.7,3.0,2548,3865,5.84,8.87,0
served,EQUITY-AGE,under_18,people,WEEK-ANY-HOURLY,400,165704,82798,86257,3459,50.0,52.1,2.1,10947,14406,6.61,8.69,0
served,EQUITY-AGE,age_65_plus,people,WEEK-ANY-HOURLY,400,188953,87815,91861,4047,46.5,48.6,2.1,12665,16712,6.7,8.84,0
served,EQUITY-INCOME,income_under_25k,households,WEEK-ANY-HOURLY,400,80572,50953,54362,3409,63.2,67.5,4.2,4256,7664,5.28,9.51,0
served,EQUITY-INCOME,income_25k_50k,households,WEEK-ANY-HOURLY,400,80606,44304,47198,2894,55.0,58.6,3.6,4874,7768,6.05,9.64,0
served,EQUITY-INCOME,income_50k_75k,households,WEEK-ANY-HOURLY,400,68543,37053,38813,1760,54.1,56.6,2.6,4331,6091,6.32,8.89,0
served,EQUITY-INCOME,income_75k_100k,households,WEEK-ANY-HOURLY,400,53850,27496,28723,1227,51.1,53.3,2.3,3415,4642,6.34,8.62,0
served,EQUITY-INCOME,income_100k_plus,households,WEEK-ANY-HOURLY,400,149263,71826,72075,248,48.1,48.3,0.2,9832,10080,6.59,6.75,0
served,EQUITY-VEHICLE,zero_vehicle_households,households,WEEK-ANY-HOURLY,400,62357,45261,47579,2319,72.6,76.3,3.7,2888,5206,4.63,8.35,0
served,EQUITY-VEHICLE,one_vehicle_households,households,WEEK-ANY-HOURLY,400,189348,106313,111581,5267,56.1,58.9,2.8,11588,16855,6.12,8.9,0
served,EQUITY-DISABILITY,with_a_disability,people,WEEK-ANY-HOURLY,400,141173,73774,79862,6088,52.3,56.6,4.3,8264,14352,5.85,10.17,0
served,EQUITY-LANGUAGE,limited_english_households,households,WEEK-ANY-HOURLY,400,6898,4379,4438,60,63.5,64.3,0.9,364,424,5.27,6.14,0
served,REGION,all_residents,people,WEEKEND-ANY-HOURLY,400,950675,374349,427777,53428,39.4,45.0,5.6,36885,90312,3.88,9.5,0
served,REGION,all_households,households,WEEKEND-ANY-HOURLY,400,432834,172955,198182,25226,40.0,45.8,5.8,17174,42401,3.97,9.8,0
served,EQUITY-RACE,hispanic_or_latino,people,WEEKEND-ANY-HOURLY,400,32110,15551,17552,2001,48.4,54.7,6.2,1145,3146,3.57,9.8,0
served,EQUITY-RACE,white_nh,people,WEEKEND-ANY-HOURLY,400,681119,236472,271566,35095,34.7,39.9,5.2,25841,60935,3.79,8.95,0
served,EQUITY-RACE,black_nh,people,WEEKEND-ANY-HOURLY,400,148564,80986,94259,13273,54.5,63.4,8.9,6375,19648,4.29,13.23,0
served,EQUITY-RACE,native_american_nh,people,WEEKEND-ANY-HOURLY,400,536,299,324,25,55.7,60.4,4.7,37,62,6.85,11.55,1
served,EQUITY-RACE,asian_nh,people,WEEKEND-ANY-HOURLY,400,38967,19404,20049,645,49.8,51.5,1.7,1233,1878,3.16,4.82,0
served,EQUITY-RACE,pacific_islander_nh,people,WEEKEND-ANY-HOURLY,400,121,40,41,1,33.0,33.8,0.8,1,2,0.77,1.57,1
served,EQUITY-RACE,other_race_nh,people,WEEKEND-ANY-HOURLY,400,5661,2690,2693,3,47.5,47.6,0.1,303,306,5.35,5.41,0
served,EQUITY-RACE,two_or_more_nh,people,WEEKEND-ANY-HOURLY,400,43597,18908,21292,2384,43.4,48.8,5.5,1950,4335,4.47,9.94,0
served,EQUITY-AGE,under_18,people,WEEKEND-ANY-HOURLY,400,165704,59472,68479,9007,35.9,41.3,5.4,6776,15783,4.09,9.52,0
served,EQUITY-AGE,age_65_plus,people,WEEKEND-ANY-HOURLY,400,188953,61958,73503,11545,32.8,38.9,6.1,7458,19003,3.95,10.06,0
served,EQUITY-INCOME,income_under_25k,households,WEEKEND-ANY-HOURLY,400,80572,39699,45619,5920,49.3,56.6,7.3,3112,9032,3.86,11.21,0
served,EQUITY-INCOME,income_25k_50k,households,WEEKEND-ANY-HOURLY,400,80606,32867,38067,5201,40.8,47.2,6.5,3462,8663,4.3,10.75,0
served,EQUITY-INCOME,income_50k_75k,households,WEEKEND-ANY-HOURLY,400,68543,27562,31228,3666,40.2,45.6,5.3,2975,6640,4.34,9.69,0
served,EQUITY-INCOME,income_75k_100k,households,WEEKEND-ANY-HOURLY,400,53850,20098,23131,3033,37.3,43.0,5.6,2010,5043,3.73,9.37,0
served,EQUITY-INCOME,income_100k_plus,households,WEEKEND-ANY-HOURLY,400,149263,52730,60136,7407,35.3,40.3,5.0,5615,13022,3.76,8.72,0
served,EQUITY-VEHICLE,zero_vehicle_households,households,WEEKEND-ANY-HOURLY,400,62357,37203,41353,4150,59.7,66.3,6.7,2480,6630,3.98,10.63,0
served,EQUITY-VEHICLE,one_vehicle_households,households,WEEKEND-ANY-HOURLY,400,189348,79886,91683,11798,42.2,48.4,6.2,7573,19371,4.0,10.23,0
served,EQUITY-DISABILITY,with_a_disability,people,WEEKEND-ANY-HOURLY,400,141173,54692,63899,9207,38.7,45.3,6.5,5519,14726,3.91,10.43,0
served,EQUITY-LANGUAGE,limited_english_households,households,WEEKEND-ANY-HOURLY,400,6898,3278,3533,255,47.5,51.2,3.7,302,557,4.37,8.07,0
served,REGION,all_residents,people,WEEK-ANY-MINIMUM,150,950675,310394,286292,-24102,32.6,30.1,-2.5,40799,16697,4.29,1.76,0
served,REGION,all_households,households,WEEK-ANY-MINIMUM,150,432834,143946,132860,-11086,33.3,30.7,-2.6,19239,8153,4.44,1.88,0
served,EQUITY-RACE,hispanic_or_latino,people,WEEK-ANY-MINIMUM,150,32110,12536,11411,-1126,39.0,35.5,-3.5,1578,453,4.92,1.41,0
served,EQUITY-RACE,white_nh,people,WEEK-ANY-MINIMUM,150,681119,196375,178270,-18105,28.8,26.2,-2.7,29510,11404,4.33,1.67,0
served,EQUITY-RACE,black_nh,people,WEEK-ANY-MINIMUM,150,148564,68790,66262,-2528,46.3,44.6,-1.7,5759,3231,3.88,2.17,0
served,EQUITY-RACE,native_american_nh,people,WEEK-ANY-MINIMUM,150,536,224,222,-2,41.8,41.4,-0.4,16,14,2.96,2.53,1
served,EQUITY-RACE,asian_nh,people,WEEK-ANY-MINIMUM,150,38967,14991,13749,-1242,38.5,35.3,-3.2,1853,611,4.76,1.57,0
served,EQUITY-RACE,pacific_islander_nh,people,WEEK-ANY-MINIMUM,150,121,54,49,-5,44.7,40.6,-4.1,5,0,4.21,0.12,1
served,EQUITY-RACE,other_race_nh,people,WEEK-ANY-MINIMUM,150,5661,2428,2286,-141,42.9,40.4,-2.5,330,189,5.83,3.34,0
served,EQUITY-RACE,two_or_more_nh,people,WEEK-ANY-MINIMUM,150,43597,14996,14043,-952,34.4,32.2,-2.2,1748,796,4.01,1.82,0
served,EQUITY-AGE,under_18,people,WEEK-ANY-MINIMUM,150,165704,50041,46307,-3734,30.2,27.9,-2.3,6464,2730,3.9,1.65,0
served,EQUITY-AGE,age_65_plus,people,WEEK-ANY-MINIMUM,150,188953,53631,48740,-4891,28.4,25.8,-2.6,7923,3033,4.19,1.6,0
served,EQUITY-INCOME,income_under_25k,households,WEEK-ANY-MINIMUM,150,80572,32756,31423,-1334,40.7,39.0,-1.7,3374,2041,4.19,2.53,0
served,EQUITY-INCOME,income_25k_50k,households,WEEK-ANY-MINIMUM,150,80606,29076,26961,-2115,36.1,33.4,-2.6,3749,1633,4.65,2.03,0
served,EQUITY-INCOME,income_50k_75k,households,WEEK-ANY-MINIMUM,150,68543,23397,21434,-1963,34.1,31.3,-2.9,3198,1235,4.67,1.8,0
served,EQUITY-INCOME,income_75k_100k,households,WEEK-ANY-MINIMUM,150,53850,17063,15647,-1416,31.7,29.1,-2.6,2399,983,4.46,1.83,0
served,EQUITY-INCOME,income_100k_plus,households,WEEK-ANY-MINIMUM,150,149263,41654,37396,-4258,27.9,25.1,-2.9,6518,2261,4.37,1.51,0
served,EQUITY-VEHICLE,zero_vehicle_households,households,WEEK-ANY-MINIMUM,150,62357,30612,29297,-1315,49.1,47.0,-2.1,2923,1608,4.69,2.58,0
served,EQUITY-VEHICLE,one_vehicle_households,households,WEEK-ANY-MINIMUM,150,189348,66526,61649,-4877,35.1,32.6,-2.6,8460,3583,4.47,1.89,0
served,EQUITY-DISABILITY,with_a_disability,people,WEEK-ANY-MINIMUM,150,141173,47472,44547,-2925,33.6,31.6,-2.1,5719,2794,4.05,1.98,0
served,EQUITY-LANGUAGE,limited_english_households,households,WEEK-ANY-MINIMUM,150,6898,2746,2583,-163,39.8,37.4,-2.4,315,153,4.57,2.21,0
served,REGION,all_residents,people,WEEKDAYS-ANY-MINIMUM,150,950675,310384,286292,-24092,32.6,30.1,-2.5,40799,16707,4.29,1.76,0
served,REGION,all_households,households,WEEKDAYS-ANY-MINIMUM,150,432834,143943,132860,-11082,33.3,30.7,-2.6,19239,8157,4.44,1.88,0
served,EQUITY-RACE,hispanic_or_latino,people,WEEKDAYS-ANY-MINIMUM,150,32110,12536,11411,-1126,39.0,35.5,-3.5,1578,453,4.92,1.41,0
served,EQUITY-RACE,white_nh,people,WEEKDAYS-ANY-MINIMUM,150,681119,196372,178270,-18102,28.8,26.2,-2.7,29510,11408,4.33,1.67,0
served,EQUITY-RACE,black_nh,people,WEEKDAYS-ANY-MINIMUM,150,148564,68785,66262,-2523,46.3,44.6,-1.7,5759,3236,3.88,2.18,0
served,EQUITY-RACE,native_american_nh,people,WEEKDAYS-ANY-MINIMUM,150,536,224,222,-2,41.8,41.4,-0.4,16,14,2.96,2.53,1
served,EQUITY-RACE,asian_nh,people,WEEKDAYS-ANY-MINIMUM,150,38967,14991,13749,-1242,38.5,35.3,-3.2,1853,611,4.76,1.57,0
served,EQUITY-RACE,pacific_islander_nh,people,WEEKDAYS-ANY-MINIMUM,150,121,54,49,-5,44.7,40.6,-4.1,5,0,4.21,0.12,1
served,EQUITY-RACE,other_race_nh,people,WEEKDAYS-ANY-MINIMUM,150,5661,2428,2286,-141,42.9,40.4,-2.5,330,189,5.83,3.34,0
served,EQUITY-RACE,two_or_more_nh,people,WEEKDAYS-ANY-MINIMUM,150,43597,14995,14043,-952,34.4,32.2,-2.2,1748,796,4.01,1.83,0
served,EQUITY-AGE,under_18,people,WEEKDAYS-ANY-MINIMUM,150,165704,50038,46307,-3732,30.2,27.9,-2.3,6464,2733,3.9,1.65,0
served,EQUITY-AGE,age_65_plus,people,WEEKDAYS-ANY-MINIMUM,150,188953,53630,48740,-4890,28.4,25.8,-2.6,7923,3034,4.19,1.61,0
served,EQUITY-INCOME,income_under_25k,households,WEEKDAYS-ANY-MINIMUM,150,80572,32755,31423,-1333,40.7,39.0,-1.7,3374,2042,4.19,2.53,0
served,EQUITY-INCOME,income_25k_50k,households,WEEKDAYS-ANY-MINIMUM,150,80606,29075,26961,-2114,36.1,33.4,-2.6,3749,1634,4.65,2.03,0
served,EQUITY-INCOME,income_50k_75k,households,WEEKDAYS-ANY-MINIMUM,150,68543,23397,21434,-1963,34.1,31.3,-2.9,3198,1235,4.67,1.8,0
served,EQUITY-INCOME,income_75k_100k,households,WEEKDAYS-ANY-MINIMUM,150,53850,17062,15647,-1415,31.7,29.1,-2.6,2399,984,4.46,1.83,0
served,EQUITY-INCOME,income_100k_plus,households,WEEKDAYS-ANY-MINIMUM,150,149263,41653,37396,-4257,27.9,25.1,-2.9,6518,2262,4.37,1.52,0
served,EQUITY-VEHICLE,zero_vehicle_households,households,WEEKDAYS-ANY-MINIMUM,150,62357,30611,29297,-1314,49.1,47.0,-2.1,2923,1609,4.69,2.58,0
served,EQUITY-VEHICLE,one_vehicle_households,households,WEEKDAYS-ANY-MINIMUM,150,189348,66524,61649,-4875,35.1,32.6,-2.6,8460,3585,4.47,1.89,0
served,EQUITY-DISABILITY,with_a_disability,people,WEEKDAYS-ANY-MINIMUM,150,141173,47470,44547,-2923,33.6,31.6,-2.1,5719,2795,4.05,1.98,0
served,EQUITY-LANGUAGE,limited_english_households,households,WEEKDAYS-ANY-MINIMUM,150,6898,2746,2583,-163,39.8,37.4,-2.4,315,153,4.57,2.21,0
served,REGION,all_residents,people,WEEKENDS-ANY-MINIMUM,150,950675,282480,273333,-9148,29.7,28.8,-1.0,32574,23425,3.43,2.46,0
served,REGION,all_households,households,WEEKENDS-ANY-MINIMUM,150,432834,130967,126883,-4083,30.3,29.3,-0.9,15437,11353,3.57,2.62,0
served,EQUITY-RACE,hispanic_or_latino,people,WEEKENDS-ANY-MINIMUM,150,32110,11790,11070,-720,36.7,34.5,-2.2,1387,667,4.32,2.08,0
served,EQUITY-RACE,white_nh,people,WEEKENDS-ANY-MINIMUM,150,681119,174571,168160,-6412,25.6,24.7,-0.9,22704,16292,3.33,2.39,0
served,EQUITY-RACE,black_nh,people,WEEKENDS-ANY-MINIMUM,150,148564,65380,64954,-426,44.0,43.7,-0.3,4997,4570,3.36,3.08,0
served,EQUITY-RACE,native_american_nh,people,WEEKENDS-ANY-MINIMUM,150,536,215,215,0,40.1,40.1,0.0,15,15,2.76,2.76,1
served,EQUITY-RACE,asian_nh,people,WEEKENDS-ANY-MINIMUM,150,38967,14378,13460,-918,36.9,34.5,-2.4,1580,662,4.05,1.7,0
served,EQUITY-RACE,pacific_islander_nh,people,WEEKENDS-ANY-MINIMUM,150,121,54,36,-18,44.5,29.9,-14.7,18,0,14.82,0.12,1
served,EQUITY-RACE,other_race_nh,people,WEEKENDS-ANY-MINIMUM,150,5661,2198,1996,-202,38.8,35.3,-3.6,388,187,6.86,3.29,0
served,EQUITY-RACE,two_or_more_nh,people,WEEKENDS-ANY-MINIMUM,150,43597,13894,13442,-453,31.9,30.8,-1.0,1485,1033,3.41,2.37,0
served,EQUITY-AGE,under_18,people,WEEKENDS-ANY-MINIMUM,150,165704,45214,43851,-1363,27.3,26.5,-0.8,5225,3862,3.15,2.33,0
served,EQUITY-AGE,age_65_plus,people,WEEKENDS-ANY-MINIMUM,150,188953,47675,45897,-1778,25.2,24.3,-0.9,6204,4426,3.28,2.34,0
served,EQUITY-INCOME,income_under_25k,households,WEEKENDS-ANY-MINIMUM,150,80572,30575,30573,-2,37.9,37.9,-0.0,2729,2727,3.39,3.38,0
served,EQUITY-INCOME,income_25k_50k,households,WEEKENDS-ANY-MINIMUM,150,80606,26582,25910,-672,33.0,32.1,-0.8,2981,2310,3.7,2.87,0
served,EQUITY-INCOME,income_50k_75k,households,WEEKENDS-ANY-MINIMUM,150,68543,21249,20334,-915,31.0,29.7,-1.3,2632,1717,3.84,2.51,0
served,EQUITY-INCOME,income_75k_100k,households,WEEKENDS-ANY-MINIMUM,150,53850,15243,14765,-478,28.3,27.4,-0.9,1849,1371,3.43,2.55,0
served,EQUITY-INCOME,income_100k_plus,households,WEEKENDS-ANY-MINIMUM,150,149263,37318,35301,-2017,25.0,23.7,-1.4,5245,3228,3.51,2.16,0
served,EQUITY-VEHICLE,zero_vehicle_households,households,WEEKENDS-ANY-MINIMUM,150,62357,29011,28590,-421,46.5,45.8,-0.7,2539,2117,4.07,3.39,0
served,EQUITY-VEHICLE,one_vehicle_households,households,WEEKENDS-ANY-MINIMUM,150,189348,61006,59024,-1981,32.2,31.2,-1.0,6933,4952,3.66,2.62,0
served,EQUITY-DISABILITY,with_a_disability,people,WEEKENDS-ANY-MINIMUM,150,141173,43257,42514,-742,30.6,30.1,-0.5,4690,3948,3.32,2.8,0
served,EQUITY-LANGUAGE,limited_english_households,households,WEEKENDS-ANY-MINIMUM,150,6898,2593,2520,-73,37.6,36.5,-1.1,253,180,3.67,2.61,0
served,REGION,all_residents,people,WEEK-ANY-HOURLY,150,950675,237867,245758,7892,25.0,25.9,0.8,32707,40599,3.44,4.27,0
served,REGION,all_households,households,WEEK-ANY-HOURLY,150,432834,110284,113551,3266,25.5,26.2,0.8,15825,19091,3.66,4.41,0
served,EQUITY-RACE,hispanic_or_latino,people,WEEK-ANY-HOURLY,150,32110,10264,10263,-1,32.0,32.0,-0.0,1403,1402,4.37,4.37,0
served,EQUITY-RACE,white_nh,people,WEEK-ANY-HOURLY,150,681119,145306,149160,3854,21.3,21.9,0.6,21265,25118,3.12,3.69,0
served,EQUITY-RACE,black_nh,people,WEEK-ANY-HOURLY,150,148564,56028,59812,3783,37.7,40.3,2.5,6971,10755,4.69,7.24,0
served,EQUITY-RACE,native_american_nh,people,WEEK-ANY-HOURLY,150,536,177,194,17,33.0,36.2,3.2,5,22,0.88,4.06,1
served,EQUITY-RACE,asian_nh,people,WEEK-ANY-HOURLY,150,38967,12637,12374,-263,32.4,31.8,-0.7,1129,866,2.9,2.22,0
served,EQUITY-RACE,pacific_islander_nh,people,WEEK-ANY-HOURLY,150,121,40,36,-4,33.1,29.8,-3.2,5,1,4.06,0.82,1
served,EQUITY-RACE,other_race_nh,people,WEEK-ANY-HOURLY,150,5661,1786,1786,0,31.5,31.6,0.0,273,273,4.82,4.83,0
served,EQUITY-RACE,two_or_more_nh,people,WEEK-ANY-HOURLY,150,43597,11629,12134,505,26.7,27.8,1.2,1657,2162,3.8,4.96,0
served,EQUITY-AGE,under_18,people,WEEK-ANY-HOURLY,150,165704,36776,38649,1873,22.2,23.3,1.1,5475,7348,3.3,4.43,0
served,EQUITY-AGE,age_65_plus,people,WEEK-ANY-HOURLY,150,188953,38648,40601,1953,20.5,21.5,1.0,6084,8037,3.22,4.25,0
served,EQUITY-INCOME,income_under_25k,households,WEEK-ANY-HOURLY,150,80572,26203,27359,1155,32.5,34.0,1.4,3359,4515,4.17,5.6,0
served,EQUITY-INCOME,income_25k_50k,households,WEEK-ANY-HOURLY,150,80606,21817,22653,836,27.1,28.1,1.0,3344,4180,4.15,5.19,0
served,EQUITY-INCOME,income_50k_75k,households,WEEK-ANY-HOURLY,150,68543,17885,18495,610,26.1,27.0,0.9,2703,3313,3.94,4.83,0
served,EQUITY-INCOME,income_75k_100k,households,WEEK-ANY-HOURLY,150,53850,12566,13288,722,23.3,24.7,1.3,1718,2440,3.19,4.53,0
served,EQUITY-INCOME,income_100k_plus,households,WEEK-ANY-HOURLY,150,149263,31813,31756,-57,21.3,21.3,-0.0,4701,4644,3.15,3.11,0
served,EQUITY-VEHICLE,zero_vehicle_households,households,WEEK-ANY-HOURLY,150,62357,25505,26141,636,40.9,41.9,1.0,3047,3683,4.89,5.91,0
served,EQUITY-VEHICLE,one_vehicle_households,households,WEEK-ANY-HOURLY,150,189348,51488,53189,1701,27.2,28.1,0.9,7204,8904,3.8,4.7,0
served,EQUITY-DISABILITY,with_a_disability,people,WEEK-ANY-HOURLY,150,141173,35140,37775,2635,24.9,26.8,1.9,4973,7608,3.52,5.39,0
served,EQUITY-LANGUAGE,limited_english_households,households,WEEK-ANY-HOURLY,150,6898,2192,2232,40,31.8,32.4,0.6,252,292,3.65,4.23,0
served,REGION,all_residents,people,WEEKEND-ANY-HOURLY,150,950675,178605,198084,19479,18.8,20.8,2.0,27669,47147,2.91,4.96,0
served,REGION,all_households,households,WEEKEND-ANY-HOURLY,150,432834,82311,92394,10083,19.0,21.3,2.3,11821,21904,2.73,5.06,0
served,EQUITY-RACE,hispanic_or_latino,people,WEEKEND-ANY-HOURLY,150,32110,7792,8341,549,24.3,26.0,1.7,1314,1863,4.09,5.8,0
served,EQUITY-RACE,white_nh,people,WEEKEND-ANY-HOURLY,150,681119,107856,118931,11076,15.8,17.5,1.6,17269,28344,2.54,4.16,0
served,EQUITY-RACE,black_nh,people,WEEKEND-ANY-HOURLY,150,148564,42546,48913,6367,28.6,32.9,4.3,6577,12944,4.43,8.71,0
served,EQUITY-RACE,native_american_nh,people,WEEKEND-ANY-HOURLY,150,536,132,152,19,24.7,28.3,3.6,21,40,3.89,7.51,1
served,EQUITY-RACE,asian_nh,people,WEEKEND-ANY-HOURLY,150,38967,10266,10517,251,26.3,27.0,0.6,1159,1410,2.97,3.62,0
served,EQUITY-RACE,pacific_islander_nh,people,WEEKEND-ANY-HOURLY,150,121,30,31,1,24.9,25.9,1.0,4,5,2.96,3.98,1
served,EQUITY-RACE,other_race_nh,people,WEEKEND-ANY-HOURLY,150,5661,1257,1422,164,22.2,25.1,2.9,139,304,2.46,5.37,0
served,EQUITY-RACE,two_or_more_nh,people,WEEKEND-ANY-HOURLY,150,43597,8726,9776,1050,20.0,22.4,2.4,1187,2237,2.72,5.13,0
served,EQUITY-AGE,under_18,people,WEEKEND-ANY-HOURLY,150,165704,25497,30326,4829,15.4,18.3,2.9,3624,8453,2.19,5.1,0
served,EQUITY-AGE,age_65_plus,people,WEEKEND-ANY-HOURLY,150,188953,27305,31991,4685,14.5,16.9,2.5,4293,8978,2.27,4.75,0
served,EQUITY-INCOME,income_under_25k,households,WEEKEND-ANY-HOURLY,150,80572,19986,22455,2470,24.8,27.9,3.1,2645,5115,3.28,6.35,0
served,EQUITY-INCOME,income_25k_50k,households,WEEKEND-ANY-HOURLY,150,80606,15878,17965,2087,19.7,22.3,2.6,2439,4526,3.03,5.62,0
served,EQUITY-INCOME,income_50k_75k,households,WEEKEND-ANY-HOURLY,150,68543,13203,14793,1591,19.3,21.6,2.3,1981,3571,2.89,5.21,0
served,EQUITY-INCOME,income_75k_100k,households,WEEKEND-ANY-HOURLY,150,53850,9387,10611,1224,17.4,19.7,2.3,1454,2678,2.7,4.97,0
served,EQUITY-INCOME,income_100k_plus,households,WEEKEND-ANY-HOURLY,150,149263,23858,26569,2711,16.0,17.8,1.8,3303,6014,2.21,4.03,0
served,EQUITY-VEHICLE,zero_vehicle_households,households,WEEKEND-ANY-HOURLY,150,62357,20237,22279,2042,32.5,35.7,3.3,2460,4502,3.95,7.22,0
served,EQUITY-VEHICLE,one_vehicle_households,households,WEEKEND-ANY-HOURLY,150,189348,38457,43202,4745,20.3,22.8,2.5,5222,9967,2.76,5.26,0
served,EQUITY-DISABILITY,with_a_disability,people,WEEKEND-ANY-HOURLY,150,141173,25400,29651,4252,18.0,21.0,3.0,3827,8078,2.71,5.72,0
served,EQUITY-LANGUAGE,limited_english_households,households,WEEKEND-ANY-HOURLY,150,6898,1623,1756,133,23.5,25.5,1.9,217,350,3.15,5.07,0
three_county,REGION,all_residents,people,WEEK-ANY-MINIMUM,400,1757001,666519,622004,-44515,37.9,35.4,-2.5,71041,26527,4.04,1.51,0
three_county,REGION,all_households,households,WEEK-ANY-MINIMUM,400,773038,306713,287073,-19640,39.7,37.1,-2.5,31605,11965,4.09,1.55,0
three_county,EQUITY-RACE,hispanic_or_latino,people,WEEK-ANY-MINIMUM,400,46351,23840,22865,-975,51.4,49.3,-2.1,1635,660,3.53,1.42,0
three_county,EQUITY-RACE,white_nh,people,WEEK-ANY-MINIMUM,400,1400406,452374,412390,-39984,32.3,29.4,-2.9,59311,19328,4.24,1.38,0
three_county,EQUITY-RACE,black_nh,people,WEEK-ANY-MINIMUM,400,171967,124597,123681,-915,72.5,71.9,-0.5,4958,4042,2.88,2.35,0
three_county,EQUITY-RACE,native_american_nh,people,WEEK-ANY-MINIMUM,400,762,454,455,1,59.5,59.7,0.1,7,9,0.98,1.12,1
three_county,EQUITY-RACE,asian_nh,people,WEEK-ANY-MINIMUM,400,57760,29015,27749,-1266,50.2,48.0,-2.2,1962,696,3.4,1.21,0
three_county,EQUITY-RACE,pacific_islander_nh,people,WEEK-ANY-MINIMUM,400,272,91,80,-12,33.6,29.3,-4.4,12,0,4.42,0.05,1
three_county,EQUITY-RACE,other_race_nh,people,WEEK-ANY-MINIMUM,400,8015,4263,4126,-137,53.2,51.5,-1.7,551,414,6.88,5.17,0
three_county,EQUITY-RACE,two_or_more_nh,people,WEEK-ANY-MINIMUM,400,71468,31886,30658,-1228,44.6,42.9,-1.7,2605,1377,3.65,1.93,0
three_county,EQUITY-AGE,under_18,people,WEEK-ANY-MINIMUM,400,326604,113113,105417,-7697,34.6,32.3,-2.4,13015,5318,3.98,1.63,0
three_county,EQUITY-AGE,age_65_plus,people,WEEK-ANY-MINIMUM,400,373153,125527,114304,-11223,33.6,30.6,-3.0,16160,4937,4.33,1.32,0
three_county,EQUITY-INCOME,income_under_25k,households,WEEK-ANY-MINIMUM,400,121733,63370,61869,-1501,52.1,50.8,-1.2,4003,2502,3.29,2.05,0
three_county,EQUITY-INCOME,income_25k_50k,households,WEEK-ANY-MINIMUM,400,136373,59170,56316,-2855,43.4,41.3,-2.1,5347,2492,3.92,1.83,0
three_county,EQUITY-INCOME,income_50k_75k,households,WEEK-ANY-MINIMUM,400,120827,49438,46206,-3232,40.9,38.2,-2.7,5053,1821,4.18,1.51,0
three_county,EQUITY-INCOME,income_75k_100k,households,WEEK-ANY-MINIMUM,400,97145,37270,34515,-2755,38.4,35.5,-2.8,4162,1408,4.28,1.45,0
three_county,EQUITY-INCOME,income_100k_plus,households,WEEK-ANY-MINIMUM,400,296960,97464,88166,-9298,32.8,29.7,-3.1,13040,3742,4.39,1.26,0
three_county,EQUITY-VEHICLE,zero_vehicle_households,households,WEEK-ANY-MINIMUM,400,80170,53626,52557,-1069,66.9,65.6,-1.3,2495,1426,3.11,1.78,0
three_county,EQUITY-VEHICLE,one_vehicle_households,households,WEEK-ANY-MINIMUM,400,299706,138642,130993,-7649,46.3,43.7,-2.6,12564,4916,4.19,1.64,0
three_county,EQUITY-DISABILITY,with_a_disability,people,WEEK-ANY-MINIMUM,400,248597,100907,95116,-5791,40.6,38.3,-2.3,9815,4025,3.95,1.62,0
three_county,EQUITY-LANGUAGE,limited_english_households,households,WEEK-ANY-MINIMUM,400,8875,5417,5131,-287,61.0,57.8,-3.2,417,130,4.7,1.47,0
three_county,REGION,all_residents,people,WEEKDAYS-ANY-MINIMUM,400,1757001,666391,622004,-44387,37.9,35.4,-2.5,71041,26655,4.04,1.52,0
three_county,REGION,all_households,households,WEEKDAYS-ANY-MINIMUM,400,773038,306667,287073,-19594,39.7,37.1,-2.5,31605,12011,4.09,1.55,0
three_county,EQUITY-RACE,hispanic_or_latino,people,WEEKDAYS-ANY-MINIMUM,400,46351,23836,22865,-971,51.4,49.3,-2.1,1635,664,3.53,1.43,0
three_county,EQUITY-RACE,white_nh,people,WEEKDAYS-ANY-MINIMUM,400,1400406,452323,412390,-39933,32.3,29.4,-2.9,59311,19378,4.24,1.38,0
three_county,EQUITY-RACE,black_nh,people,WEEKDAYS-ANY-MINIMUM,400,171967,124534,123681,-853,72.4,71.9,-0.5,4958,4105,2.88,2.39,0
three_county,EQUITY-RACE,native_american_nh,people,WEEKDAYS-ANY-MINIMUM,400,762,454,455,1,59.5,59.7,0.1,7,9,0.98,1.12,1
three_county,EQUITY-RACE,asian_nh,people,WEEKDAYS-ANY-MINIMUM,400,57760,29013,27749,-1264,50.2,48.0,-2.2,1962,698,3.4,1.21,0
three_county,EQUITY-RACE,pacific_islander_nh,people,WEEKDAYS-ANY-MINIMUM,400,272,91,80,-12,33.6,29.3,-4.4,12,0,4.42,0.05,1
three_county,EQUITY-RACE,other_race_nh,people,WEEKDAYS-ANY-MINIMUM,400,8015,4263,4126,-137,53.2,51.5,-1.7,551,414,6.88,5.17,0
three_county,EQUITY-RACE,two_or_more_nh,people,WEEKDAYS-ANY-MINIMUM,400,71468,31876,30658,-1218,44.6,42.9,-1.7,2605,1388,3.65,1.94,0
three_county,EQUITY-AGE,under_18,people,WEEKDAYS-ANY-MINIMUM,400,326604,113077,105417,-7660,34.6,32.3,-2.3,13015,5355,3.98,1.64,0
three_county,EQUITY-AGE,age_65_plus,people,WEEKDAYS-ANY-MINIMUM,400,373153,125513,114304,-11209,33.6,30.6,-3.0,16160,4951,4.33,1.33,0
three_county,EQUITY-INCOME,income_under_25k,households,WEEKDAYS-ANY-MINIMUM,400,121733,63358,61869,-1489,52.0,50.8,-1.2,4003,2514,3.29,2.06,0
three_county,EQUITY-INCOME,income_25k_50k,households,WEEKDAYS-ANY-MINIMUM,400,136373,59161,56316,-2845,43.4,41.3,-2.1,5347,2502,3.92,1.83,0
three_county,EQUITY-INCOME,income_50k_75k,households,WEEKDAYS-ANY-MINIMUM,400,120827,49434,46206,-3228,40.9,38.2,-2.7,5053,1826,4.18,1.51,0
three_county,EQUITY-INCOME,income_75k_100k,households,WEEKDAYS-ANY-MINIMUM,400,97145,37260,34515,-2745,38.4,35.5,-2.8,4162,1418,4.28,1.46,0
three_county,EQUITY-INCOME,income_100k_plus,households,WEEKDAYS-ANY-MINIMUM,400,296960,97454,88166,-9288,32.8,29.7,-3.1,13040,3752,4.39,1.26,0
three_county,EQUITY-VEHICLE,zero_vehicle_households,households,WEEKDAYS-ANY-MINIMUM,400,80170,53618,52557,-1062,66.9,65.6,-1.3,2495,1433,3.11,1.79,0
three_county,EQUITY-VEHICLE,one_vehicle_households,households,WEEKDAYS-ANY-MINIMUM,400,299706,138616,130993,-7622,46.3,43.7,-2.5,12564,4942,4.19,1.65,0
three_county,EQUITY-DISABILITY,with_a_disability,people,WEEKDAYS-ANY-MINIMUM,400,248597,100889,95116,-5772,40.6,38.3,-2.3,9815,4043,3.95,1.63,0
three_county,EQUITY-LANGUAGE,limited_english_households,households,WEEKDAYS-ANY-MINIMUM,400,8875,5417,5131,-287,61.0,57.8,-3.2,417,130,4.7,1.47,0
three_county,REGION,all_residents,people,WEEKENDS-ANY-MINIMUM,400,1757001,591745,585533,-6212,33.7,33.3,-0.4,51621,45409,2.94,2.58,0
three_county,REGION,all_households,households,WEEKENDS-ANY-MINIMUM,400,773038,272715,270624,-2091,35.3,35.0,-0.3,23180,21089,3.0,2.73,0
three_county,EQUITY-RACE,hispanic_or_latino,people,WEEKENDS-ANY-MINIMUM,400,46351,22146,21731,-414,47.8,46.9,-0.9,1481,1067,3.2,2.3,0
three_county,EQUITY-RACE,white_nh,people,WEEKENDS-ANY-MINIMUM,400,1400406,391372,383466,-7906,27.9,27.4,-0.6,42403,34497,3.03,2.46,0
three_county,EQUITY-RACE,black_nh,people,WEEKENDS-ANY-MINIMUM,400,171967,117574,120515,2941,68.4,70.1,1.7,3888,6829,2.26,3.97,0
three_county,EQUITY-RACE,native_american_nh,people,WEEKENDS-ANY-MINIMUM,400,762,425,433,9,55.7,56.9,1.2,10,19,1.37,2.53,1
three_county,EQUITY-RACE,asian_nh,people,WEEKENDS-ANY-MINIMUM,400,57760,27226,26476,-750,47.1,45.8,-1.3,1401,651,2.43,1.13,0
three_county,EQUITY-RACE,pacific_islander_nh,people,WEEKENDS-ANY-MINIMUM,400,272,90,43,-47,33.1,15.8,-17.3,48,1,17.52,0.2,1
three_county,EQUITY-RACE,other_race_nh,people,WEEKENDS-ANY-MINIMUM,400,8015,3599,3839,239,44.9,47.9,3.0,209,448,2.61,5.59,0
three_county,EQUITY-RACE,two_or_more_nh,people,WEEKENDS-ANY-MINIMUM,400,71468,29313,29029,-283,41.0,40.6,-0.4,2180,1897,3.05,2.65,0
three_county,EQUITY-AGE,under_18,people,WEEKENDS-ANY-MINIMUM,400,326604,99581,98646,-936,30.5,30.2,-0.3,9359,8423,2.87,2.58,0
three_county,EQUITY-AGE,age_65_plus,people,WEEKENDS-ANY-MINIMUM,400,373153,107891,106107,-1784,28.9,28.4,-0.5,11510,9726,3.08,2.61,0
three_county,EQUITY-INCOME,income_under_25k,households,WEEKENDS-ANY-MINIMUM,400,121733,58526,59889,1363,48.1,49.2,1.1,3023,4386,2.48,3.6,0
three_county,EQUITY-INCOME,income_25k_50k,households,WEEKENDS-ANY-MINIMUM,400,136373,53021,53497,476,38.9,39.2,0.3,3942,4418,2.89,3.24,0
three_county,EQUITY-INCOME,income_50k_75k,households,WEEKENDS-ANY-MINIMUM,400,120827,43872,43372,-500,36.3,35.9,-0.4,3805,3305,3.15,2.74,0
three_county,EQUITY-INCOME,income_75k_100k,households,WEEKENDS-ANY-MINIMUM,400,97145,32705,32129,-576,33.7,33.1,-0.6,3142,2566,3.23,2.64,0
three_county,EQUITY-INCOME,income_100k_plus,households,WEEKENDS-ANY-MINIMUM,400,296960,84591,81737,-2854,28.5,27.5,-1.0,9268,6414,3.12,2.16,0
three_county,EQUITY-VEHICLE,zero_vehicle_households,households,WEEKENDS-ANY-MINIMUM,400,80170,50809,51262,454,63.4,63.9,0.6,2158,2612,2.69,3.26,0
three_county,EQUITY-VEHICLE,one_vehicle_households,households,WEEKENDS-ANY-MINIMUM,400,299706,124639,124240,-399,41.6,41.5,-0.1,9534,9134,3.18,3.05,0
three_county,EQUITY-DISABILITY,with_a_disability,people,WEEKENDS-ANY-MINIMUM,400,248597,89680,89790,110,36.1,36.1,0.0,7282,7391,2.93,2.97,0
three_county,EQUITY-LANGUAGE,limited_english_households,households,WEEKENDS-ANY-MINIMUM,400,8875,5051,4922,-130,56.9,55.5,-1.5,329,199,3.71,2.25,0
three_county,REGION,all_residents,people,WEEK-ANY-HOURLY,400,1757001,500634,521361,20727,28.5,29.7,1.2,58674,79400,3.34,4.52,0
three_county,REGION,all_households,households,WEEK-ANY-HOURLY,400,773038,231632,241170,9538,30.0,31.2,1.2,26708,36245,3.45,4.69,0
three_county,EQUITY-RACE,hispanic_or_latino,people,WEEK-ANY-HOURLY,400,46351,19929,20250,321,43.0,43.7,0.7,1879,2200,4.05,4.75,0
three_county,EQUITY-RACE,white_nh,people,WEEK-ANY-HOURLY,400,1400406,324087,336209,12122,23.1,24.0,0.9,45322,57443,3.24,4.1,0
three_county,EQUITY-RACE,black_nh,people,WEEK-ANY-HOURLY,400,171967,104481,110977,6496,60.8,64.5,3.8,7425,13920,4.32,8.09,0
three_county,EQUITY-RACE,native_american_nh,people,WEEK-ANY-HOURLY,400,762,371,379,8,48.7,49.8,1.1,20,28,2.6,3.7,1
three_county,EQUITY-RACE,asian_nh,people,WEEK-ANY-HOURLY,400,57760,23356,23835,479,40.4,41.3,0.8,1148,1627,1.99,2.82,0
three_county,EQUITY-RACE,pacific_islander_nh,people,WEEK-ANY-HOURLY,400,272,52,42,-9,19.1,15.6,-3.5,11,2,4.03,0.55,1
three_county,EQUITY-RACE,other_race_nh,people,WEEK-ANY-HOURLY,400,8015,3228,3222,-6,40.3,40.2,-0.1,320,314,4.0,3.92,0
three_county,EQUITY-RACE,two_or_more_nh,people,WEEK-ANY-HOURLY,400,71468,25130,26447,1317,35.2,37.0,1.8,2548,3865,3.57,5.41,0
three_county,EQUITY-AGE,under_18,people,WEEK-ANY-HOURLY,400,326604,82798,86257,3459,25.4,26.4,1.1,10947,14406,3.35,4.41,0
three_county,EQUITY-AGE,age_65_plus,people,WEEK-ANY-HOURLY,400,373153,87815,91861,4047,23.5,24.6,1.1,12665,16712,3.39,4.48,0
three_county,EQUITY-INCOME,income_under_25k,households,WEEK-ANY-HOURLY,400,121733,50953,54362,3409,41.9,44.7,2.8,4256,7664,3.5,6.3,0
three_county,EQUITY-INCOME,income_25k_50k,households,WEEK-ANY-HOURLY,400,136373,44304,47198,2894,32.5,34.6,2.1,4874,7768,3.57,5.7,0
three_county,EQUITY-INCOME,income_50k_75k,households,WEEK-ANY-HOURLY,400,120827,37053,38813,1760,30.7,32.1,1.5,4331,6091,3.58,5.04,0
three_county,EQUITY-INCOME,income_75k_100k,households,WEEK-ANY-HOURLY,400,97145,27496,28723,1227,28.3,29.6,1.3,3415,4642,3.52,4.78,0
three_county,EQUITY-INCOME,income_100k_plus,households,WEEK-ANY-HOURLY,400,296960,71826,72075,248,24.2,24.3,0.1,9832,10080,3.31,3.39,0
three_county,EQUITY-VEHICLE,zero_vehicle_households,households,WEEK-ANY-HOURLY,400,80170,45261,47579,2319,56.5,59.3,2.9,2888,5206,3.6,6.49,0
three_county,EQUITY-VEHICLE,one_vehicle_households,households,WEEK-ANY-HOURLY,400,299706,106313,111581,5267,35.5,37.2,1.8,11588,16855,3.87,5.62,0
three_county,EQUITY-DISABILITY,with_a_disability,people,WEEK-ANY-HOURLY,400,248597,73774,79862,6088,29.7,32.1,2.4,8264,14352,3.32,5.77,0
three_county,EQUITY-LANGUAGE,limited_english_households,households,WEEK-ANY-HOURLY,400,8875,4379,4438,60,49.3,50.0,0.7,364,424,4.1,4.77,0
three_county,REGION,all_residents,people,WEEKEND-ANY-HOURLY,400,1757001,374349,427777,53428,21.3,24.3,3.0,36885,90312,2.1,5.14,0
three_county,REGION,all_households,households,WEEKEND-ANY-HOURLY,400,773038,172955,198182,25226,22.4,25.6,3.3,17174,42401,2.22,5.48,0
three_county,EQUITY-RACE,hispanic_or_latino,people,WEEKEND-ANY-HOURLY,400,46351,15551,17552,2001,33.6,37.9,4.3,1145,3146,2.47,6.79,0
three_county,EQUITY-RACE,white_nh,people,WEEKEND-ANY-HOURLY,400,1400406,236472,271566,35095,16.9,19.4,2.5,25841,60935,1.85,4.35,0
three_county,EQUITY-RACE,black_nh,people,WEEKEND-ANY-HOURLY,400,171967,80986,94259,13273,47.1,54.8,7.7,6375,19648,3.71,11.43,0
three_county,EQUITY-RACE,native_american_nh,people,WEEKEND-ANY-HOURLY,400,762,299,324,25,39.2,42.5,3.3,37,62,4.82,8.13,1
three_county,EQUITY-RACE,asian_nh,people,WEEKEND-ANY-HOURLY,400,57760,19404,20049,645,33.6,34.7,1.1,1233,1878,2.13,3.25,0
three_county,EQUITY-RACE,pacific_islander_nh,people,WEEKEND-ANY-HOURLY,400,272,40,41,1,14.7,15.0,0.4,1,2,0.34,0.7,1
three_county,EQUITY-RACE,other_race_nh,people,WEEKEND-ANY-HOURLY,400,8015,2690,2693,3,33.6,33.6,0.0,303,306,3.78,3.82,0
three_county,EQUITY-RACE,two_or_more_nh,people,WEEKEND-ANY-HOURLY,400,71468,18908,21292,2384,26.5,29.8,3.3,1950,4335,2.73,6.07,0
three_county,EQUITY-AGE,under_18,people,WEEKEND-ANY-HOURLY,400,326604,59472,68479,9007,18.2,21.0,2.8,6776,15783,2.07,4.83,0
three_county,EQUITY-AGE,age_65_plus,people,WEEKEND-ANY-HOURLY,400,373153,61958,73503,11545,16.6,19.7,3.1,7458,19003,2.0,5.09,0
three_county,EQUITY-INCOME,income_under_25k,households,WEEKEND-ANY-HOURLY,400,121733,39699,45619,5920,32.6,37.5,4.9,3112,9032,2.56,7.42,0
three_county,EQUITY-INCOME,income_25k_50k,households,WEEKEND-ANY-HOURLY,400,136373,32867,38067,5201,24.1,27.9,3.8,3462,8663,2.54,6.35,0
three_county,EQUITY-INCOME,income_50k_75k,households,WEEKEND-ANY-HOURLY,400,120827,27562,31228,3666,22.8,25.8,3.0,2975,6640,2.46,5.5,0
three_county,EQUITY-INCOME,income_75k_100k,households,WEEKEND-ANY-HOURLY,400,97145,20098,23131,3033,20.7,23.8,3.1,2010,5043,2.07,5.19,0
three_county,EQUITY-INCOME,income_100k_plus,households,WEEKEND-ANY-HOURLY,400,296960,52730,60136,7407,17.8,20.3,2.5,5615,13022,1.89,4.39,0
three_county,EQUITY-VEHICLE,zero_vehicle_households,households,WEEKEND-ANY-HOURLY,400,80170,37203,41353,4150,46.4,51.6,5.2,2480,6630,3.09,8.27,0
three_county,EQUITY-VEHICLE,one_vehicle_households,households,WEEKEND-ANY-HOURLY,400,299706,79886,91683,11798,26.7,30.6,3.9,7573,19371,2.53,6.46,0
three_county,EQUITY-DISABILITY,with_a_disability,people,WEEKEND-ANY-HOURLY,400,248597,54692,63899,9207,22.0,25.7,3.7,5519,14726,2.22,5.92,0
three_county,EQUITY-LANGUAGE,limited_english_households,households,WEEKEND-ANY-HOURLY,400,8875,3278,3533,255,36.9,39.8,2.9,302,557,3.4,6.27,0
three_county,REGION,all_residents,people,WEEK-ANY-MINIMUM,150,1757001,310394,286292,-24102,17.7,16.3,-1.4,40799,16697,2.32,0.95,0
three_county,REGION,all_households,households,WEEK-ANY-MINIMUM,150,773038,143946,132860,-11086,18.6,17.2,-1.4,19239,8153,2.49,1.05,0
three_county,EQUITY-RACE,hispanic_or_latino,people,WEEK-ANY-MINIMUM,150,46351,12536,11411,-1126,27.0,24.6,-2.4,1578,453,3.41,0.98,0
three_county,EQUITY-RACE,white_nh,people,WEEK-ANY-MINIMUM,150,1400406,196375,178270,-18105,14.0,12.7,-1.3,29510,11404,2.11,0.81,0
three_county,EQUITY-RACE,black_nh,people,WEEK-ANY-MINIMUM,150,171967,68790,66262,-2528,40.0,38.5,-1.5,5759,3231,3.35,1.88,0
three_county,EQUITY-RACE,native_american_nh,people,WEEK-ANY-MINIMUM,150,762,224,222,-2,29.4,29.1,-0.3,16,14,2.08,1.78,1
three_county,EQUITY-RACE,asian_nh,people,WEEK-ANY-MINIMUM,150,57760,14991,13749,-1242,26.0,23.8,-2.2,1853,611,3.21,1.06,0
three_county,EQUITY-RACE,pacific_islander_nh,people,WEEK-ANY-MINIMUM,150,272,54,49,-5,19.9,18.1,-1.8,5,0,1.87,0.06,1
three_county,EQUITY-RACE,other_race_nh,people,WEEK-ANY-MINIMUM,150,8015,2428,2286,-141,30.3,28.5,-1.8,330,189,4.12,2.36,0
three_county,EQUITY-RACE,two_or_more_nh,people,WEEK-ANY-MINIMUM,150,71468,14996,14043,-952,21.0,19.6,-1.3,1748,796,2.45,1.11,0
three_county,EQUITY-AGE,under_18,people,WEEK-ANY-MINIMUM,150,326604,50041,46307,-3734,15.3,14.2,-1.1,6464,2730,1.98,0.84,0
three_county,EQUITY-AGE,age_65_plus,people,WEEK-ANY-MINIMUM,150,373153,53631,48740,-4891,14.4,13.1,-1.3,7923,3033,2.12,0.81,0
three_county,EQUITY-INCOME,income_under_25k,households,WEEK-ANY-MINIMUM,150,121733,32756,31423,-1334,26.9,25.8,-1.1,3374,2041,2.77,1.68,0
three_county,EQUITY-INCOME,income_25k_50k,households,WEEK-ANY-MINIMUM,150,136373,29076,26961,-2115,21.3,19.8,-1.6,3749,1633,2.75,1.2,0
three_county,EQUITY-INCOME,income_50k_75k,households,WEEK-ANY-MINIMUM,150,120827,23397,21434,-1963,19.4,17.7,-1.6,3198,1235,2.65,1.02,0
three_county,EQUITY-INCOME,income_75k_100k,households,WEEK-ANY-MINIMUM,150,97145,17063,15647,-1416,17.6,16.1,-1.5,2399,983,2.47,1.01,0
three_county,EQUITY-INCOME,income_100k_plus,households,WEEK-ANY-MINIMUM,150,296960,41654,37396,-4258,14.0,12.6,-1.4,6518,2261,2.2,0.76,0
three_county,EQUITY-VEHICLE,zero_vehicle_households,households,WEEK-ANY-MINIMUM,150,80170,30612,29297,-1315,38.2,36.5,-1.6,2923,1608,3.65,2.01,0
three_county,EQUITY-VEHICLE,one_vehicle_households,households,WEEK-ANY-MINIMUM,150,299706,66526,61649,-4877,22.2,20.6,-1.6,8460,3583,2.82,1.2,0
three_county,EQUITY-DISABILITY,with_a_disability,people,WEEK-ANY-MINIMUM,150,248597,47472,44547,-2925,19.1,17.9,-1.2,5719,2794,2.3,1.12,0
three_county,EQUITY-LANGUAGE,limited_english_households,households,WEEK-ANY-MINIMUM,150,8875,2746,2583,-163,30.9,29.1,-1.8,315,153,3.55,1.72,0
three_county,REGION,all_residents,people,WEEKDAYS-ANY-MINIMUM,150,1757001,310384,286292,-24092,17.7,16.3,-1.4,40799,16707,2.32,0.95,0
three_county,REGION,all_households,households,WEEKDAYS-ANY-MINIMUM,150,773038,143943,132860,-11082,18.6,17.2,-1.4,19239,8157,2.49,1.06,0
three_county,EQUITY-RACE,hispanic_or_latino,people,WEEKDAYS-ANY-MINIMUM,150,46351,12536,11411,-1126,27.0,24.6,-2.4,1578,453,3.41,0.98,0
three_county,EQUITY-RACE,white_nh,people,WEEKDAYS-ANY-MINIMUM,150,1400406,196372,178270,-18102,14.0,12.7,-1.3,29510,11408,2.11,0.81,0
three_county,EQUITY-RACE,black_nh,people,WEEKDAYS-ANY-MINIMUM,150,171967,68785,66262,-2523,40.0,38.5,-1.5,5759,3236,3.35,1.88,0
three_county,EQUITY-RACE,native_american_nh,people,WEEKDAYS-ANY-MINIMUM,150,762,224,222,-2,29.4,29.1,-0.3,16,14,2.08,1.78,1
three_county,EQUITY-RACE,asian_nh,people,WEEKDAYS-ANY-MINIMUM,150,57760,14991,13749,-1242,26.0,23.8,-2.1,1853,611,3.21,1.06,0
three_county,EQUITY-RACE,pacific_islander_nh,people,WEEKDAYS-ANY-MINIMUM,150,272,54,49,-5,19.9,18.1,-1.8,5,0,1.87,0.06,1
three_county,EQUITY-RACE,other_race_nh,people,WEEKDAYS-ANY-MINIMUM,150,8015,2428,2286,-141,30.3,28.5,-1.8,330,189,4.12,2.36,0
three_county,EQUITY-RACE,two_or_more_nh,people,WEEKDAYS-ANY-MINIMUM,150,71468,14995,14043,-952,21.0,19.6,-1.3,1748,796,2.45,1.11,0
three_county,EQUITY-AGE,under_18,people,WEEKDAYS-ANY-MINIMUM,150,326604,50038,46307,-3732,15.3,14.2,-1.1,6464,2733,1.98,0.84,0
three_county,EQUITY-AGE,age_65_plus,people,WEEKDAYS-ANY-MINIMUM,150,373153,53630,48740,-4890,14.4,13.1,-1.3,7923,3034,2.12,0.81,0
three_county,EQUITY-INCOME,income_under_25k,households,WEEKDAYS-ANY-MINIMUM,150,121733,32755,31423,-1333,26.9,25.8,-1.1,3374,2042,2.77,1.68,0
three_county,EQUITY-INCOME,income_25k_50k,households,WEEKDAYS-ANY-MINIMUM,150,136373,29075,26961,-2114,21.3,19.8,-1.6,3749,1634,2.75,1.2,0
three_county,EQUITY-INCOME,income_50k_75k,households,WEEKDAYS-ANY-MINIMUM,150,120827,23397,21434,-1963,19.4,17.7,-1.6,3198,1235,2.65,1.02,0
three_county,EQUITY-INCOME,income_75k_100k,households,WEEKDAYS-ANY-MINIMUM,150,97145,17062,15647,-1415,17.6,16.1,-1.5,2399,984,2.47,1.01,0
three_county,EQUITY-INCOME,income_100k_plus,households,WEEKDAYS-ANY-MINIMUM,150,296960,41653,37396,-4257,14.0,12.6,-1.4,6518,2262,2.2,0.76,0
three_county,EQUITY-VEHICLE,zero_vehicle_households,households,WEEKDAYS-ANY-MINIMUM,150,80170,30611,29297,-1314,38.2,36.5,-1.6,2923,1609,3.65,2.01,0
three_county,EQUITY-VEHICLE,one_vehicle_households,households,WEEKDAYS-ANY-MINIMUM,150,299706,66524,61649,-4875,22.2,20.6,-1.6,8460,3585,2.82,1.2,0
three_county,EQUITY-DISABILITY,with_a_disability,people,WEEKDAYS-ANY-MINIMUM,150,248597,47470,44547,-2923,19.1,17.9,-1.2,5719,2795,2.3,1.12,0
three_county,EQUITY-LANGUAGE,limited_english_households,households,WEEKDAYS-ANY-MINIMUM,150,8875,2746,2583,-163,30.9,29.1,-1.8,315,153,3.55,1.72,0
three_county,REGION,all_residents,people,WEEKENDS-ANY-MINIMUM,150,1757001,282480,273333,-9148,16.1,15.6,-0.5,32574,23425,1.85,1.33,0
three_county,REGION,all_households,households,WEEKENDS-ANY-MINIMUM,150,773038,130967,126883,-4083,16.9,16.4,-0.5,15437,11353,2.0,1.47,0
three_county,EQUITY-RACE,hispanic_or_latino,people,WEEKENDS-ANY-MINIMUM,150,46351,11790,11070,-720,25.4,23.9,-1.6,1387,667,2.99,1.44,0
three_county,EQUITY-RACE,white_nh,people,WEEKENDS-ANY-MINIMUM,150,1400406,174571,168160,-6412,12.5,12.0,-0.5,22704,16292,1.62,1.16,0
three_county,EQUITY-RACE,black_nh,people,WEEKENDS-ANY-MINIMUM,150,171967,65380,64954,-426,38.0,37.8,-0.2,4997,4570,2.91,2.66,0
three_county,EQUITY-RACE,native_american_nh,people,WEEKENDS-ANY-MINIMUM,150,762,215,215,0,28.2,28.2,0.0,15,15,1.94,1.94,1
three_county,EQUITY-RACE,asian_nh,people,WEEKENDS-ANY-MINIMUM,150,57760,14378,13460,-918,24.9,23.3,-1.6,1580,662,2.74,1.15,0
three_county,EQUITY-RACE,pacific_islander_nh,people,WEEKENDS-ANY-MINIMUM,150,272,54,36,-18,19.8,13.3,-6.5,18,0,6.59,0.06,1
three_county,EQUITY-RACE,other_race_nh,people,WEEKENDS-ANY-MINIMUM,150,8015,2198,1996,-202,27.4,24.9,-2.5,388,187,4.85,2.33,0
three_county,EQUITY-RACE,two_or_more_nh,people,WEEKENDS-ANY-MINIMUM,150,71468,13894,13442,-453,19.4,18.8,-0.6,1485,1033,2.08,1.44,0
three_county,EQUITY-AGE,under_18,people,WEEKENDS-ANY-MINIMUM,150,326604,45214,43851,-1363,13.8,13.4,-0.4,5225,3862,1.6,1.18,0
three_county,EQUITY-AGE,age_65_plus,people,WEEKENDS-ANY-MINIMUM,150,373153,47675,45897,-1778,12.8,12.3,-0.5,6204,4426,1.66,1.19,0
three_county,EQUITY-INCOME,income_under_25k,households,WEEKENDS-ANY-MINIMUM,150,121733,30575,30573,-2,25.1,25.1,-0.0,2729,2727,2.24,2.24,0
three_county,EQUITY-INCOME,income_25k_50k,households,WEEKENDS-ANY-MINIMUM,150,136373,26582,25910,-672,19.5,19.0,-0.5,2981,2310,2.19,1.69,0
three_county,EQUITY-INCOME,income_50k_75k,households,WEEKENDS-ANY-MINIMUM,150,120827,21249,20334,-915,17.6,16.8,-0.8,2632,1717,2.18,1.42,0
three_county,EQUITY-INCOME,income_75k_100k,households,WEEKENDS-ANY-MINIMUM,150,97145,15243,14765,-478,15.7,15.2,-0.5,1849,1371,1.9,1.41,0
three_county,EQUITY-INCOME,income_100k_plus,households,WEEKENDS-ANY-MINIMUM,150,296960,37318,35301,-2017,12.6,11.9,-0.7,5245,3228,1.77,1.09,0
three_county,EQUITY-VEHICLE,zero_vehicle_households,households,WEEKENDS-ANY-MINIMUM,150,80170,29011,28590,-421,36.2,35.7,-0.5,2539,2117,3.17,2.64,0
three_county,EQUITY-VEHICLE,one_vehicle_households,households,WEEKENDS-ANY-MINIMUM,150,299706,61006,59024,-1981,20.4,19.7,-0.7,6933,4952,2.31,1.65,0
three_county,EQUITY-DISABILITY,with_a_disability,people,WEEKENDS-ANY-MINIMUM,150,248597,43257,42514,-742,17.4,17.1,-0.3,4690,3948,1.89,1.59,0
three_county,EQUITY-LANGUAGE,limited_english_households,households,WEEKENDS-ANY-MINIMUM,150,8875,2593,2520,-73,29.2,28.4,-0.8,253,180,2.85,2.03,0
three_county,REGION,all_residents,people,WEEK-ANY-HOURLY,150,1757001,237867,245758,7892,13.5,14.0,0.4,32707,40599,1.86,2.31,0
three_county,REGION,all_households,households,WEEK-ANY-HOURLY,150,773038,110284,113551,3266,14.3,14.7,0.4,15825,19091,2.05,2.47,0
three_county,EQUITY-RACE,hispanic_or_latino,people,WEEK-ANY-HOURLY,150,46351,10264,10263,-1,22.1,22.1,-0.0,1403,1402,3.03,3.02,0
three_county,EQUITY-RACE,white_nh,people,WEEK-ANY-HOURLY,150,1400406,145306,149160,3854,10.4,10.7,0.3,21265,25118,1.52,1.79,0
three_county,EQUITY-RACE,black_nh,people,WEEK-ANY-HOURLY,150,171967,56028,59812,3783,32.6,34.8,2.2,6971,10755,4.05,6.25,0
three_county,EQUITY-RACE,native_american_nh,people,WEEK-ANY-HOURLY,150,762,177,194,17,23.2,25.4,2.2,5,22,0.62,2.86,1
three_county,EQUITY-RACE,asian_nh,people,WEEK-ANY-HOURLY,150,57760,12637,12374,-263,21.9,21.4,-0.5,1129,866,1.96,1.5,0
three_county,EQUITY-RACE,pacific_islander_nh,people,WEEK-ANY-HOURLY,150,272,40,36,-4,14.7,13.3,-1.4,5,1,1.81,0.36,1
three_county,EQUITY-RACE,other_race_nh,people,WEEK-ANY-HOURLY,150,8015,1786,1786,0,22.3,22.3,0.0,273,273,3.4,3.41,0
three_county,EQUITY-RACE,two_or_more_nh,people,WEEK-ANY-HOURLY,150,71468,11629,12134,505,16.3,17.0,0.7,1657,2162,2.32,3.03,0
three_county,EQUITY-AGE,under_18,people,WEEK-ANY-HOURLY,150,326604,36776,38649,1873,11.3,11.8,0.6,5475,7348,1.68,2.25,0
three_county,EQUITY-AGE,age_65_plus,people,WEEK-ANY-HOURLY,150,373153,38648,40601,1953,10.4,10.9,0.5,6084,8037,1.63,2.15,0
three_county,EQUITY-INCOME,income_under_25k,households,WEEK-ANY-HOURLY,150,121733,26203,27359,1155,21.5,22.5,0.9,3359,4515,2.76,3.71,0
three_county,EQUITY-INCOME,income_25k_50k,households,WEEK-ANY-HOURLY,150,136373,21817,22653,836,16.0,16.6,0.6,3344,4180,2.45,3.07,0
three_county,EQUITY-INCOME,income_50k_75k,households,WEEK-ANY-HOURLY,150,120827,17885,18495,610,14.8,15.3,0.5,2703,3313,2.24,2.74,0
three_county,EQUITY-INCOME,income_75k_100k,households,WEEK-ANY-HOURLY,150,97145,12566,13288,722,12.9,13.7,0.7,1718,2440,1.77,2.51,0
three_county,EQUITY-INCOME,income_100k_plus,households,WEEK-ANY-HOURLY,150,296960,31813,31756,-57,10.7,10.7,-0.0,4701,4644,1.58,1.56,0
three_county,EQUITY-VEHICLE,zero_vehicle_households,households,WEEK-ANY-HOURLY,150,80170,25505,26141,636,31.8,32.6,0.8,3047,3683,3.8,4.59,0
three_county,EQUITY-VEHICLE,one_vehicle_households,households,WEEK-ANY-HOURLY,150,299706,51488,53189,1701,17.2,17.7,0.6,7204,8904,2.4,2.97,0
three_county,EQUITY-DISABILITY,with_a_disability,people,WEEK-ANY-HOURLY,150,248597,35140,37775,2635,14.1,15.2,1.1,4973,7608,2.0,3.06,0
three_county,EQUITY-LANGUAGE,limited_english_households,households,WEEK-ANY-HOURLY,150,8875,2192,2232,40,24.7,25.2,0.4,252,292,2.84,3.29,0
three_county,REGION,all_residents,people,WEEKEND-ANY-HOURLY,150,1757001,178605,198084,19479,10.2,11.3,1.1,27669,47147,1.57,2.68,0
three_county,REGION,all_households,households,WEEKEND-ANY-HOURLY,150,773038,82311,92394,10083,10.6,12.0,1.3,11821,21904,1.53,2.83,0
three_county,EQUITY-RACE,hispanic_or_latino,people,WEEKEND-ANY-HOURLY,150,46351,7792,8341,549,16.8,18.0,1.2,1314,1863,2.83,4.02,0
three_county,EQUITY-RACE,white_nh,people,WEEKEND-ANY-HOURLY,150,1400406,107856,118931,11076,7.7,8.5,0.8,17269,28344,1.23,2.02,0
three_county,EQUITY-RACE,black_nh,people,WEEKEND-ANY-HOURLY,150,171967,42546,48913,6367,24.7,28.4,3.7,6577,12944,3.82,7.53,0
three_county,EQUITY-RACE,native_american_nh,people,WEEKEND-ANY-HOURLY,150,762,132,152,19,17.4,19.9,2.5,21,40,2.74,5.28,1
three_county,EQUITY-RACE,asian_nh,people,WEEKEND-ANY-HOURLY,150,57760,10266,10517,251,17.8,18.2,0.4,1159,1410,2.01,2.44,0
three_county,EQUITY-RACE,pacific_islander_nh,people,WEEKEND-ANY-HOURLY,150,272,30,31,1,11.1,11.5,0.5,4,5,1.32,1.77,1
three_county,EQUITY-RACE,other_race_nh,people,WEEKEND-ANY-HOURLY,150,8015,1257,1422,164,15.7,17.7,2.1,139,304,1.74,3.79,0
three_county,EQUITY-RACE,two_or_more_nh,people,WEEKEND-ANY-HOURLY,150,71468,8726,9776,1050,12.2,13.7,1.5,1187,2237,1.66,3.13,0
three_county,EQUITY-AGE,under_18,people,WEEKEND-ANY-HOURLY,150,326604,25497,30326,4829,7.8,9.3,1.5,3624,8453,1.11,2.59,0
three_county,EQUITY-AGE,age_65_plus,people,WEEKEND-ANY-HOURLY,150,373153,27305,31991,4685,7.3,8.6,1.3,4293,8978,1.15,2.41,0
three_county,EQUITY-INCOME,income_under_25k,households,WEEKEND-ANY-HOURLY,150,121733,19986,22455,2470,16.4,18.4,2.0,2645,5115,2.17,4.2,0
three_county,EQUITY-INCOME,income_25k_50k,households,WEEKEND-ANY-HOURLY,150,136373,15878,17965,2087,11.6,13.2,1.5,2439,4526,1.79,3.32,0
three_county,EQUITY-INCOME,income_50k_75k,households,WEEKEND-ANY-HOURLY,150,120827,13203,14793,1591,10.9,12.2,1.3,1981,3571,1.64,2.96,0
three_county,EQUITY-INCOME,income_75k_100k,households,WEEKEND-ANY-HOURLY,150,97145,9387,10611,1224,9.7,10.9,1.3,1454,2678,1.5,2.76,0
three_county,EQUITY-INCOME,income_100k_plus,households,WEEKEND-ANY-HOURLY,150,296960,23858,26569,2711,8.0,8.9,0.9,3303,6014,1.11,2.03,0
three_county,EQUITY-VEHICLE,zero_vehicle_households,households,WEEKEND-ANY-HOURLY,150,80170,20237,22279,2042,25.2,27.8,2.5,2460,4502,3.07,5.62,0
three_county,EQUITY-VEHICLE,one_vehicle_households,households,WEEKEND-ANY-HOURLY,150,299706,38457,43202,4745,12.8,14.4,1.6,5222,9967,1.74,3.33,0
three_county,EQUITY-DISABILITY,with_a_disability,people,WEEKEND-ANY-HOURLY,150,248597,25400,29651,4252,10.2,11.9,1.7,3827,8078,1.54,3.25,0
three_county,EQUITY-LANGUAGE,limited_english_households,households,WEEKEND-ANY-HOURLY,150,8875,1623,1756,133,18.3,19.8,1.5,217,350,2.45,3.94,0
