scope,question,group,universe,total,cur_weekday_trips,prop_weekday_trips,net_weekday_pct,cur_saturday_trips,prop_saturday_trips,net_saturday_pct,cur_sunday_trips,prop_sunday_trips,net_sunday_pct
allegheny,REGION,all_residents,people,1238177,114.7,121.0,5.5,77.3,91.4,18.2,56.8,69.1,21.7
allegheny,REGION,all_households,households,545802,114.8,121.8,6.1,76.8,91.2,18.8,56.8,69.1,21.7
allegheny,EQUITY-RACE,hispanic_or_latino,people,36691,192.0,202.0,5.2,130.7,152.6,16.8,94.6,114.3,20.8
allegheny,EQUITY-RACE,white_nh,people,934734,94.7,100.0,5.6,63.5,75.6,19.1,46.5,57.3,23.2
allegheny,EQUITY-RACE,black_nh,people,152924,168.9,177.4,5.0,115.1,132.5,15.1,85.9,99.7,16.1
allegheny,EQUITY-RACE,native_american_nh,people,628,169.4,173.9,2.7,119.7,129.9,8.5,90.4,99.7,10.3
allegheny,EQUITY-RACE,asian_nh,people,53578,240.5,255.1,6.1,164.6,196.0,19.1,119.3,148.0,24.1
allegheny,EQUITY-RACE,pacific_islander_nh,people,187,285.1,302.2,6.0,188.9,219.5,16.2,140.3,165.9,18.2
allegheny,EQUITY-RACE,other_race_nh,people,6773,150.5,155.5,3.3,99.9,114.2,14.3,72.4,85.5,18.1
allegheny,EQUITY-RACE,two_or_more_nh,people,52662,125.1,132.0,5.5,84.6,100.2,18.4,62.4,75.3,20.7
allegheny,EQUITY-AGE,under_18,people,230228,69.5,73.0,5.0,46.7,54.6,16.9,34.4,41.4,20.3
allegheny,EQUITY-AGE,age_65_plus,people,249886,80.1,83.8,4.6,53.0,62.5,17.9,39.3,47.6,21.1
allegheny,EQUITY-INCOME,income_under_25k,households,86622,175.4,186.8,6.5,118.0,140.0,18.6,87.9,106.1,20.7
allegheny,EQUITY-INCOME,income_25k_50k,households,93323,120.7,128.6,6.5,80.2,95.7,19.3,59.5,72.8,22.4
allegheny,EQUITY-INCOME,income_50k_75k,households,82657,110.0,116.4,5.8,73.5,87.4,18.9,54.2,66.3,22.3
allegheny,EQUITY-INCOME,income_75k_100k,households,67373,110.2,117.4,6.5,73.1,87.5,19.7,54.1,66.2,22.4
allegheny,EQUITY-INCOME,income_100k_plus,households,215827,91.3,96.2,5.4,61.1,72.3,18.3,44.9,54.5,21.4
allegheny,EQUITY-VEHICLE,zero_vehicle_households,households,65143,255.9,271.8,6.2,171.8,202.9,18.1,127.6,152.9,19.8
allegheny,EQUITY-VEHICLE,one_vehicle_households,households,221226,133.8,142.8,6.7,89.5,107.0,19.6,66.3,80.9,22.0
allegheny,EQUITY-DISABILITY,with_a_disability,people,170957,103.1,109.1,5.8,68.8,81.6,18.6,51.0,62.1,21.8
allegheny,EQUITY-LANGUAGE,limited_english_households,households,7885,183.9,195.2,6.1,123.4,147.6,19.6,90.7,112.4,23.9
served,REGION,all_residents,people,950675,149.7,158.0,5.5,100.9,119.4,18.3,74.1,90.4,22.0
served,REGION,all_households,households,432834,145.2,154.1,6.1,97.0,115.4,19.0,71.8,87.5,21.9
served,EQUITY-RACE,hispanic_or_latino,people,32110,219.9,231.3,5.2,149.7,174.8,16.8,108.4,131.0,20.8
served,EQUITY-RACE,white_nh,people,681119,130.2,137.6,5.7,87.3,104.1,19.2,64.0,79.0,23.4
served,EQUITY-RACE,black_nh,people,148564,174.1,183.1,5.2,118.6,136.9,15.4,88.5,103.0,16.4
served,EQUITY-RACE,native_american_nh,people,536,198.4,203.7,2.7,140.2,152.2,8.6,105.9,116.9,10.4
served,EQUITY-RACE,asian_nh,people,38967,330.7,350.8,6.1,226.3,269.5,19.1,164.0,203.6,24.1
served,EQUITY-RACE,pacific_islander_nh,people,121,440.7,467.0,6.0,291.9,339.3,16.2,216.8,256.3,18.2
served,EQUITY-RACE,other_race_nh,people,5661,180.1,186.5,3.6,119.6,137.1,14.6,86.7,102.7,18.5
served,EQUITY-RACE,two_or_more_nh,people,43597,151.7,160.1,5.5,102.6,121.7,18.6,75.7,91.5,20.9
served,EQUITY-AGE,under_18,people,165704,96.8,101.8,5.2,65.0,76.2,17.2,47.9,57.8,20.7
served,EQUITY-AGE,age_65_plus,people,188953,106.2,111.2,4.7,70.3,83.0,18.1,52.1,63.2,21.3
served,EQUITY-INCOME,income_under_25k,households,80572,189.3,201.8,6.6,127.3,151.4,18.9,94.9,114.8,21.0
served,EQUITY-INCOME,income_25k_50k,households,80606,140.1,149.4,6.6,93.1,111.3,19.5,69.0,84.7,22.8
served,EQUITY-INCOME,income_50k_75k,households,68543,133.1,140.9,5.9,88.9,105.9,19.1,65.6,80.3,22.4
served,EQUITY-INCOME,income_75k_100k,households,53850,138.1,147.2,6.6,91.5,109.8,20.0,67.8,83.1,22.6
served,EQUITY-INCOME,income_100k_plus,households,149263,132.3,139.4,5.4,88.5,104.7,18.3,65.0,79.0,21.5
served,EQUITY-VEHICLE,zero_vehicle_households,households,62357,268.0,284.8,6.3,179.9,212.8,18.3,133.6,160.4,20.1
served,EQUITY-VEHICLE,one_vehicle_households,households,189348,156.7,167.3,6.8,104.8,125.4,19.7,77.6,94.9,22.3
served,EQUITY-DISABILITY,with_a_disability,people,141173,125.3,132.7,5.9,83.6,99.3,18.8,62.0,75.6,21.9
served,EQUITY-LANGUAGE,limited_english_households,households,6898,210.6,223.6,6.2,141.3,169.2,19.7,103.9,128.8,24.0
three_county,REGION,all_residents,people,1757001,81.0,85.5,5.6,54.6,64.6,18.3,40.1,48.9,21.9
three_county,REGION,all_households,households,773038,81.3,86.3,6.2,54.3,64.6,19.0,40.2,49.0,21.9
three_county,EQUITY-RACE,hispanic_or_latino,people,46351,152.3,160.2,5.2,103.7,121.1,16.8,75.1,90.7,20.8
three_county,EQUITY-RACE,white_nh,people,1400406,63.3,66.9,5.7,42.4,50.6,19.3,31.1,38.4,23.5
three_county,EQUITY-RACE,black_nh,people,171967,150.4,158.2,5.2,102.5,118.2,15.3,76.5,89.0,16.3
three_county,EQUITY-RACE,native_american_nh,people,762,139.6,143.3,2.7,98.7,107.0,8.4,74.5,82.2,10.3
three_county,EQUITY-RACE,asian_nh,people,57760,223.1,236.7,6.1,152.7,181.8,19.1,110.7,137.3,24.0
three_county,EQUITY-RACE,pacific_islander_nh,people,272,196.0,207.7,6.0,129.9,150.9,16.2,96.5,114.0,18.1
three_county,EQUITY-RACE,other_race_nh,people,8015,127.2,131.7,3.5,84.5,96.8,14.6,61.2,72.5,18.5
three_county,EQUITY-RACE,two_or_more_nh,people,71468,92.6,97.7,5.5,62.6,74.2,18.5,46.2,55.8,20.8
three_county,EQUITY-AGE,under_18,people,326604,49.1,51.6,5.1,33.0,38.6,17.0,24.3,29.3,20.6
three_county,EQUITY-AGE,age_65_plus,people,373153,53.8,56.3,4.6,35.6,42.0,18.0,26.4,32.0,21.2
three_county,EQUITY-INCOME,income_under_25k,households,121733,125.3,133.5,6.5,84.3,100.2,18.9,62.8,76.0,21.0
three_county,EQUITY-INCOME,income_25k_50k,households,136373,82.8,88.3,6.6,55.0,65.8,19.6,40.8,50.1,22.8
three_county,EQUITY-INCOME,income_50k_75k,households,120827,75.5,79.9,5.8,50.4,60.0,19.0,37.2,45.5,22.3
three_county,EQUITY-INCOME,income_75k_100k,households,97145,76.5,81.6,6.7,50.7,60.8,19.9,37.6,46.1,22.6
three_county,EQUITY-INCOME,income_100k_plus,households,296960,66.5,70.1,5.4,44.5,52.6,18.2,32.7,39.7,21.4
three_county,EQUITY-VEHICLE,zero_vehicle_households,households,80170,208.4,221.6,6.3,139.9,165.5,18.3,103.9,124.8,20.1
three_county,EQUITY-VEHICLE,one_vehicle_households,households,299706,99.0,105.7,6.8,66.2,79.2,19.6,49.0,60.0,22.4
three_county,EQUITY-DISABILITY,with_a_disability,people,248597,71.1,75.4,6.0,47.5,56.4,18.7,35.2,42.9,21.9
three_county,EQUITY-LANGUAGE,limited_english_households,households,8875,163.7,173.8,6.2,109.8,131.5,19.8,80.8,100.1,23.9
