place,block_groups,residents,lat,lon
Penn Hills municipality,38,41414.0,40.473835,-79.827392
Mount Lebanon township,30,33370.0,40.376263,-80.049181
Ross township,22,32939.0,40.528707,-80.024689
Bethel Park municipality,25,32881.0,40.322773,-80.039148
McCandless township,19,29100.0,40.576657,-80.029472
Monroeville municipality,23,28794.0,40.429081,-79.764006
Shaler township,19,27538.0,40.524323,-79.964735
Moon township,17,26902.0,40.516021,-80.21074
Plum borough,16,26723.0,40.489271,-79.744867
Upper St. Clair municipality,11,20863.0,40.334358,-80.081433
Baldwin borough,16,20117.0,40.363383,-79.971431
West Mifflin borough,18,19190.0,40.366847,-79.894638
South Fayette township,9,18460.0,40.349362,-80.145546
Hampton township,11,18185.0,40.586076,-79.950529
McKeesport city,21,17380.0,40.343624,-79.844637
Scott township,12,17270.0,40.389025,-80.074485
North Fayette township,9,16107.0,40.431053,-80.219732
Whitehall borough,13,15751.0,40.359821,-79.98925
Robinson township,8,15534.0,40.461322,-80.133583
Franklin Park borough,7,15235.0,40.588104,-80.087956
Pine township,6,15224.0,40.643209,-80.038056
Squirrel Hill South,13,14819.0,40.432149,-79.927231
Shadyside,14,14218.0,40.453884,-79.931812
Wilkinsburg borough,16,14027.0,40.442694,-79.876445
South Park township,11,13706.0,40.298867,-79.996291
Brookline,14,13513.0,40.394317,-80.014452
Jefferson Hills borough,6,12317.0,40.298552,-79.942953
West Deer township,8,12228.0,40.624713,-79.877865
Squirrel Hill North,10,12183.0,40.447201,-79.937106
Richland township,6,11844.0,40.637132,-79.945542
Elizabeth township,8,10599.0,40.277615,-79.831403
Munhall borough,9,10548.0,40.391016,-79.901815
Marshall township,4,10226.0,40.646222,-80.09718
North Oakland,6,10103.0,40.446347,-79.954195
Harrison township,11,9949.0,40.627869,-79.722611
Brentwood borough,7,9866.0,40.375336,-79.976535
North Versailles township,10,9845.0,40.377243,-79.812844
Carrick,12,9156.0,40.393774,-79.985724
O Hara township,8,9109.0,40.507394,-79.892139
Collier township,5,8972.0,40.398691,-80.127764
Mount Washington,9,8711.0,40.426987,-80.008646
Kennedy township,6,8549.0,40.479462,-80.104633
Bloomfield,10,8520.0,40.461159,-79.946176
Swissvale borough,10,8418.0,40.422349,-79.885467
Pleasant Hills borough,7,8399.0,40.330837,-79.958619
Castle Shannon borough,8,8209.0,40.365224,-80.021629
Bellevue borough,7,8128.0,40.495512,-80.053753
Dormont borough,8,8063.0,40.393788,-80.037053
Carnegie borough,8,7978.0,40.406605,-80.087526
White Oak borough,7,7468.0,40.343983,-79.811542
South Side Flats,7,7335.0,40.427685,-79.976216
Indiana township,5,7309.0,40.568122,-79.876126
Ohio township,2,7228.0,40.544499,-80.093222
Brighton Heights,7,7023.0,40.48229,-80.037255
Beechview,10,6812.0,40.409489,-80.024978
Oakmont borough,5,6702.0,40.519352,-79.836939
Findlay township,4,6698.0,40.468716,-80.265809
East Liberty,7,6645.0,40.465542,-79.925466
Bluff,3,6609.0,40.436017,-79.990428
Highland Park,8,6605.0,40.479945,-79.9327
Greenfield,8,6582.0,40.423689,-79.936168
West View borough,7,6533.0,40.518627,-80.033105
Point Breeze,7,6387.0,40.45761,-79.930519
Stowe township,7,6294.0,40.477012,-80.075396
Forest Hills borough,6,6286.0,40.424215,-79.85314
Wilkins township,5,6212.0,40.425623,-79.825653
Clairton city,6,6044.0,40.296325,-79.889532
Crafton borough,5,5961.0,40.434398,-80.068519
McKees Rocks borough,6,5786.0,40.468745,-80.066608
Sheraden,6,5514.0,40.455903,-80.057908
Central Oakland,4,5418.0,40.438003,-79.955092
Coraopolis borough,5,5417.0,40.515472,-80.163797
Fox Chapel borough,4,5246.0,40.522388,-79.890777
Duquesne city,6,5149.0,40.371041,-79.852843
Turtle Creek borough,5,5007.0,40.409467,-79.820843
Green Tree borough,3,4833.0,40.416063,-80.051882
Bridgeville borough,6,4686.0,40.357076,-80.106641
Avalon borough,5,4674.0,40.50045,-80.06696
Central Lawrenceville,6,4654.0,40.479261,-79.976413
Central Business District,5,4600.0,40.440904,-80.000637
Stanton Heights,4,4589.0,40.481104,-79.937606
Marshall-Shadeland,5,4496.0,40.470418,-80.029619
Glassport borough,5,4368.0,40.326743,-79.888503
Tarentum borough,5,4249.0,40.603878,-79.75619
North Braddock borough,4,4219.0,40.405483,-79.853139
Crafton Heights,4,4094.0,40.444342,-80.053536
South Side Slopes,4,4085.0,40.42149,-79.975778
Garfield,5,4038.0,40.46755,-79.937754
East Hills,2,3994.0,40.453627,-79.872426
Terrace Village,4,3863.0,40.44292,-79.969479
Sewickley borough,3,3823.0,40.538931,-80.180701
Perry North,5,3799.0,40.486763,-80.016321
Banksville,4,3750.0,40.409268,-80.040871
Westwood,2,3647.0,40.432182,-80.051189
Lincoln-Lemington-Belmar,5,3644.0,40.469363,-79.89754
Port Vue borough,4,3620.0,40.338688,-79.873443
Overbrook,4,3597.0,40.385303,-79.996849
Spring Hill-City View,4,3553.0,40.465814,-79.992416
Perry South,6,3552.0,40.468888,-80.012774
Knoxville,5,3513.0,40.413382,-79.992845
Etna borough,4,3364.0,40.501006,-79.949122
Hazelwood,4,3324.0,40.423054,-79.965977
Mount Oliver borough,4,3319.0,40.411474,-79.986676
Springdale borough,4,3319.0,40.542356,-79.783281
Ingram borough,3,3299.0,40.444631,-80.069151
Millvale borough,3,3299.0,40.483619,-79.974058
South Oakland,4,3280.0,40.445913,-79.98187
Lincoln Place,3,3249.0,40.37148,-79.913562
Morningside,4,3222.0,40.481592,-79.927906
Arlington,1,3200.0,40.414432,-79.972292
Reserve township,4,3180.0,40.482829,-79.991289
Brackenridge borough,4,3167.0,40.6081,-79.741565
Sharpsburg borough,4,3119.0,40.495326,-79.925934
Churchill borough,3,3087.0,40.440403,-79.845967
Edgewood borough,3,3077.0,40.431977,-79.884738
Harmar township,3,3075.0,40.545693,-79.833199
Pitcairn borough,3,3032.0,40.405524,-79.777272
Forward township,2,3009.0,40.231055,-79.89588
Central Northside,1,2995.0,40.456836,-80.010717
Crawford-Roberts,3,2978.0,40.441941,-79.985097
Homestead borough,3,2874.0,40.404259,-79.908005
Homewood North,4,2862.0,40.459251,-79.89058
Troy Hill,2,2856.0,40.462626,-79.984403
Aspinwall borough,3,2843.0,40.493496,-79.903625
Lower Lawrenceville,2,2724.0,40.464854,-79.963598
Elliott,2,2639.0,40.443079,-80.03924
Upper Lawrenceville,3,2549.0,40.480203,-79.951347
Emsworth borough,2,2465.0,40.51233,-80.096668
South Versailles township,2,2403.0,40.296316,-79.80332
Duquesne Heights,2,2346.0,40.436439,-80.023193
Point Breeze North,2,2338.0,40.452827,-79.906111
Liberty borough,2,2320.0,40.324266,-79.855134
Fawn township,2,2197.0,40.647757,-79.767637
Homewood South,3,2186.0,40.453737,-79.892933
Crescent township,2,2141.0,40.556232,-80.231101
East Pittsburgh borough,2,2121.0,40.397705,-79.839834
Braddock borough,2,2039.0,40.405812,-79.868957
East McKeesport borough,2,2002.0,40.384112,-79.807902
Beltzhoover,2,1994.0,40.418128,-80.003013
Baldwin township,2,1987.0,40.380145,-80.015841
Manchester,3,1986.0,40.4544,-80.024288
Friendship,2,1935.0,40.460694,-79.934281
East Allegheny,2,1934.0,40.4549,-79.998809
Strip District,1,1928.0,40.456719,-79.97972
Ben Avon borough,2,1919.0,40.50686,-80.08135
West Homestead borough,1,1905.0,40.39548,-79.913412
Allentown,3,1837.0,40.421974,-79.993517
Rankin borough,2,1793.0,40.412813,-79.879693
Aleppo township,1,1747.0,40.533131,-80.148692
Middle Hill,2,1746.0,40.447657,-79.973272
Glen Hazel,1,1693.0,40.406889,-79.934116
Cheswick borough,1,1661.0,40.544034,-79.800741
Dravosburg borough,2,1643.0,40.351372,-79.89018
Braddock Hills borough,2,1629.0,40.416504,-79.86172
Northview Heights,1,1621.0,40.477377,-80.000679
Edgeworth borough,2,1587.0,40.552135,-80.192584
Upper Hill,2,1550.0,40.452831,-79.959558
Bedford Dwellings,1,1545.0,40.450489,-79.974695
Versailles borough,1,1533.0,40.318398,-79.83095
Leet township,1,1530.0,40.576475,-80.209301
Oakdale borough,1,1489.0,40.400685,-80.186242
Larimer,2,1473.0,40.46302,-79.911956
Bell Acres borough,1,1468.0,40.590102,-80.173968
Blawnox borough,1,1439.0,40.493776,-79.861542
Springdale township,2,1436.0,40.55322,-79.799502
West Oakland,1,1428.0,40.441074,-79.962082
Allegheny Center,1,1404.0,40.451882,-80.00517
East Deer township,1,1389.0,40.582244,-79.779724
Chartiers City,1,1388.0,40.454753,-80.071261
Elizabeth borough,1,1371.0,40.269813,-79.887917
Swisshelm Park,1,1369.0,40.421479,-79.903142
New Homestead,1,1359.0,40.385747,-79.924376
Verona borough,2,1352.0,40.507057,-79.838814
Wilmerding borough,1,1275.0,40.391518,-79.809393
Fineview,2,1255.0,40.46192,-80.005819
Heidelberg borough,1,1234.0,40.391575,-80.091587
Bradford Woods borough,1,1194.0,40.636837,-80.082749
Summer Hill,1,1194.0,40.494512,-80.009769
Whitaker borough,1,1140.0,40.399038,-79.888739
Oakwood,1,1132.0,40.427165,-80.064258
Polish Hill,2,1115.0,40.457719,-79.965019
Leetsdale borough,1,1096.0,40.56641,-80.209728
Neville township,1,1085.0,40.513227,-80.135166
Frazer township,1,1040.0,40.606774,-79.794685
Fairywood,1,976.0,40.448889,-80.077737
Windgap,1,930.0,40.459317,-80.077464
Lincoln borough,1,922.0,40.298377,-79.853842
Bon Air,1,776.0,40.408023,-79.99938
Chalfant borough,1,768.0,40.409959,-79.838333
California-Kirkbride,1,758.0,40.460042,-80.021645
Kilbuck township,1,704.0,40.517423,-80.085693
Sewickley Heights borough,1,690.0,40.553502,-80.155055
Sewickley Hills borough,1,672.0,40.568631,-80.126549
Pennsbury Village borough,1,655.0,40.428562,-80.101481
Glen Osborne borough,1,585.0,40.531662,-80.167553
Wall borough,1,563.0,40.393014,-79.787996
Allegheny West,1,545.0,40.452309,-80.016453
Homewood West,1,545.0,40.45967,-79.90295
Rosslyn Farms borough,1,534.0,40.423417,-80.090453
Thornburg borough,1,464.0,40.433552,-80.085878
McDonald borough,1,437.0,40.372374,-80.228005
East Carnegie,1,431.0,40.417421,-80.073069
North Shore,2,366.0,40.559634,-80.217546
West Elizabeth borough,1,344.0,40.271754,-79.897973
Ben Avon Heights borough,1,304.0,40.511839,-80.073224
Glenfield borough,1,199.0,40.519402,-80.132093
South Shore,1,167.0,40.431565,-80.00213
Haysville borough,1,99.0,40.527287,-80.156014
Trafford borough,1,16.0,40.382348,-79.767964
Regent Square,1,10.0,40.427746,-79.900219
Pittsburgh city,1,0.0,40.487566,-79.89083
