geoid,place,place_distance_m,lat,lon,population,residents_lost,residents_gained,black_lost,black_gained,age_65_plus_lost,age_65_plus_gained,under_18_lost,under_18_gained,low_income_lost,low_income_gained,zero_vehicle_lost,zero_vehicle_gained,disability_lost,disability_gained,limited_english_lost,limited_english_gained
420034135004,McCandless township,697,40.576613,-80.004869,2059.0,1923.3,0.0,56.1,0.0,364.0,0.0,198.2,0.0,75.1,0.0,36.5,0.0,168.9,0.0,14.7,0.0
420034282002,Reserve township,93,40.488147,-79.998198,1430.0,1629.0,0.0,154.0,0.0,365.6,0.0,283.8,0.0,61.6,0.0,45.2,0.0,241.5,0.0,0.0,0.0
420034600012,Kennedy township,325,40.49082,-80.105407,1272.0,1624.0,0.0,28.0,0.0,304.0,0.0,416.0,0.0,60.0,0.0,73.0,0.0,176.7,0.0,0.0,0.0
420034600011,Kennedy township,154,40.488192,-80.115839,1654.0,1492.0,0.0,210.0,0.0,520.0,0.0,135.0,0.0,156.0,0.0,114.0,0.0,229.7,0.0,0.0,0.0
420034292011,Ross township,142,40.549448,-79.998993,1938.0,1481.1,0.0,0.0,0.0,236.1,0.0,314.5,0.0,6.6,0.0,0.0,0.0,137.5,0.0,21.0,0.0
420034751014,Bethel Park municipality,235,40.348318,-80.046898,1788.0,1439.0,0.0,12.5,0.0,616.6,0.0,95.8,0.0,172.7,0.0,125.3,0.0,263.3,0.0,0.0,0.0
420034804003,Baldwin borough,383,40.382363,-79.962911,1574.0,1286.2,0.0,0.0,0.0,164.8,0.0,298.6,0.0,37.6,0.0,12.3,0.0,148.5,0.0,0.0,0.0
420034135003,McCandless township,74,40.57245,-79.997337,1448.0,1267.0,0.0,0.0,0.0,229.0,0.0,284.0,0.0,79.0,0.0,0.0,0.0,175.6,0.0,15.3,0.0
420034803003,Baldwin borough,286,40.391078,-79.972128,1383.0,1220.2,0.0,27.2,0.0,364.5,0.0,234.5,0.0,68.3,0.0,16.5,0.0,120.6,0.0,3.5,0.0
420034704003,Scott township,406,40.368048,-80.090871,1418.0,1128.2,0.0,0.0,0.0,194.0,0.0,284.5,0.0,26.7,0.0,67.1,0.0,207.7,0.0,0.0,0.0
420034801023,Baldwin borough,145,40.34212,-79.994599,840.0,1120.1,0.0,109.5,0.0,336.5,0.0,201.3,0.0,67.1,0.0,2.0,0.0,107.3,0.0,0.0,0.0
420034292022,Ross township,208,40.517866,-79.990426,1348.0,1114.2,0.0,9.0,0.0,296.7,0.0,191.8,0.0,57.7,0.0,18.0,0.0,105.9,0.0,3.5,0.0
420034804001,Baldwin borough,274,40.387025,-79.95045,1274.0,1057.0,0.0,47.8,0.0,204.5,0.0,208.5,0.0,102.7,0.0,52.5,0.0,132.3,0.0,0.0,0.0
420034900033,South Park township,137,40.319637,-79.988776,1537.0,1035.5,0.0,0.0,0.0,271.3,0.0,144.6,0.0,27.3,0.0,28.8,0.0,176.5,0.0,22.8,0.0
420034803002,Baldwin borough,299,40.393196,-79.963524,1537.0,1020.5,0.0,38.1,0.0,266.1,0.0,163.6,0.0,25.0,0.0,10.5,0.0,107.1,0.0,3.1,0.0
420034801022,Baldwin borough,79,40.343742,-80.000999,1215.0,1014.1,0.0,1.0,0.0,260.7,0.0,149.1,0.0,31.7,0.0,11.5,0.0,151.3,0.0,0.0,0.0
420034292021,Ross township,237,40.534323,-79.993164,1298.0,990.9,0.0,0.0,0.0,210.8,0.0,251.1,0.0,35.8,0.0,0.0,0.0,101.4,0.0,3.4,0.0
420034134003,Hampton township,538,40.559128,-79.993321,1607.0,982.9,0.0,4.1,0.0,166.3,0.0,293.4,0.0,4.1,0.0,30.0,0.0,79.7,0.0,0.0,0.0
420035262021,Plum borough,514,40.479786,-79.772183,1133.0,900.7,0.0,0.0,0.0,100.1,0.0,239.6,0.0,37.2,0.0,5.1,0.0,71.2,0.0,3.3,0.0
420034134001,McCandless township,475,40.561781,-80.000959,1607.0,888.8,0.0,0.0,0.0,124.6,0.0,193.4,0.0,13.6,0.0,8.6,0.0,110.6,0.0,0.0,0.0
420035237021,Penn Hills township,783,40.495114,-79.802949,1780.0,864.0,0.0,152.7,0.0,148.8,0.0,72.2,0.0,89.2,0.0,24.6,0.0,213.2,0.0,6.0,0.0
420035253002,Oakmont borough,134,40.522958,-79.834446,1462.0,856.2,0.0,0.0,0.0,150.2,0.0,189.8,0.0,28.4,0.0,4.6,0.0,65.9,0.0,0.0,0.0
420034132013,McCandless township,1492,40.570799,-80.042124,1695.0,853.6,0.0,11.3,0.0,178.6,0.0,254.9,0.0,23.6,0.0,9.8,0.0,92.0,0.0,12.0,0.0
420034752002,Bethel Park municipality,547,40.335147,-80.052979,1535.0,827.1,0.0,0.8,0.0,98.8,0.0,180.9,0.0,32.0,0.0,5.0,0.0,85.0,0.0,2.6,0.0
420034134002,McCandless township,227,40.55941,-80.013969,1303.0,819.8,0.0,15.3,0.0,241.9,0.0,176.6,0.0,17.1,0.0,61.1,0.0,76.5,0.0,0.0,0.0
420031918005,Brookline,319,40.385619,-80.013668,702.0,790.2,0.0,0.0,0.0,25.8,0.0,118.2,0.0,25.2,0.0,33.2,0.0,83.7,0.0,0.0,0.0
420034293001,Ross township,1989,40.548511,-80.043772,2070.0,777.1,0.0,4.6,0.0,318.6,0.0,121.5,0.0,51.3,0.0,66.4,0.0,132.0,0.0,1.7,0.0
420034741011,Mount Lebanon township,414,40.356317,-80.063314,2341.0,771.5,0.0,0.0,0.0,108.1,0.0,237.0,0.0,31.4,0.0,2.1,0.0,49.4,0.0,4.9,0.0
420034771003,Whitehall borough,369,40.356626,-80.0087,1442.0,758.0,0.0,0.0,0.0,132.8,0.0,147.2,0.0,63.7,0.0,23.2,0.0,90.6,0.0,6.2,0.0
420034703001,Scott township,143,40.385741,-80.080938,1596.0,737.5,0.0,11.7,0.0,176.3,0.0,118.0,0.0,29.2,0.0,35.4,0.0,119.7,0.0,1.3,0.0
420034884004,West Mifflin borough,197,40.361033,-79.871199,1736.0,737.2,0.0,25.4,0.0,166.6,0.0,122.5,0.0,75.6,0.0,64.6,0.0,120.7,0.0,6.1,0.0
420035624001,Bon Air,37,40.408023,-79.99938,759.0,722.8,0.0,8.4,0.0,176.1,0.0,71.7,0.0,44.7,0.0,41.0,0.0,248.0,0.0,24.8,0.0
420035231001,Penn Hills township,107,40.473833,-79.871497,1212.0,715.6,60.4,614.4,51.8,115.7,9.8,134.6,11.4,33.4,2.8,3.1,0.3,74.9,6.3,2.1,0.2
420035263021,Plum borough,280,40.46853,-79.709316,1891.0,708.5,0.0,108.0,0.0,155.8,0.0,150.6,0.0,8.6,0.0,15.3,0.0,62.7,0.0,3.2,0.0
420035213012,Monroeville municipality,851,40.426278,-79.758447,1235.0,693.4,0.0,160.8,0.0,196.4,0.0,29.7,0.0,114.0,0.0,79.1,0.0,129.9,0.0,0.4,0.0
420034801021,Baldwin borough,338,40.348829,-80.003789,1066.0,675.5,0.0,3.6,0.0,146.6,0.0,150.9,0.0,11.5,0.0,7.9,0.0,99.2,0.0,0.0,0.0
420034734021,Mount Lebanon township,252,40.355996,-80.047691,1056.0,669.4,0.0,0.0,0.0,165.6,0.0,142.9,0.0,73.1,0.0,44.6,0.0,79.9,0.0,2.8,0.0
420034142002,Hampton township,310,40.560106,-79.979224,1718.0,667.7,120.7,0.0,0.0,153.2,27.7,147.3,26.6,0.0,0.0,0.0,0.0,61.1,11.0,2.0,0.4
420035030023,White Oak borough,332,40.33623,-79.815191,1207.0,662.8,0.0,91.0,0.0,257.5,0.0,45.2,0.0,19.4,0.0,11.0,0.0,110.6,0.0,3.5,0.0
420034735003,Mount Lebanon township,549,40.361716,-80.05432,2095.0,646.1,0.0,10.6,0.0,127.1,0.0,178.7,0.0,7.0,0.0,3.0,0.0,36.8,0.0,3.9,0.0
420035237024,Penn Hills township,203,40.493512,-79.793859,572.0,644.0,0.0,429.0,0.0,0.0,0.0,224.0,0.0,80.0,0.0,0.0,0.0,125.2,0.0,3.5,0.0
420034771002,Whitehall borough,322,40.352934,-80.001322,994.0,616.8,0.0,0.0,0.0,263.2,0.0,106.3,0.0,55.0,0.0,15.3,0.0,77.3,0.0,5.3,0.0
420034572002,Bridgeville borough,161,40.358561,-80.100928,730.0,614.8,0.0,0.0,0.0,72.8,0.0,146.5,0.0,71.8,0.0,119.4,0.0,104.6,0.0,6.0,0.0
420035644001,North Versailles township,491,40.36561,-79.786214,1051.0,613.4,0.0,18.3,0.0,232.2,0.0,51.6,0.0,0.0,0.0,0.0,0.0,144.1,0.0,0.0,0.0
420035231002,Penn Hills township,66,40.470594,-79.866295,1157.0,613.3,0.0,418.4,0.0,188.8,0.0,89.6,0.0,24.6,0.0,17.4,0.0,91.1,0.0,2.6,0.0
420035630003,Chartiers City,363,40.454753,-80.071261,1079.0,600.7,0.0,321.6,0.0,110.8,0.0,101.7,0.0,44.6,0.0,35.5,0.0,86.1,0.0,15.6,0.0
420035262011,Plum borough,855,40.494346,-79.77074,1267.0,551.1,0.0,3.1,0.0,129.4,0.0,88.2,0.0,6.6,0.0,0.0,0.0,62.6,0.0,0.0,0.0
420034801012,Baldwin borough,305,40.338029,-79.987921,1121.0,540.9,0.0,7.7,0.0,117.0,0.0,29.9,0.0,0.0,0.0,13.4,0.0,79.8,0.0,10.0,0.0
420034900032,Baldwin borough,436,40.331259,-79.993764,1228.0,521.4,0.0,0.0,0.0,68.1,0.0,142.4,0.0,10.6,0.0,0.0,0.0,86.6,0.0,11.2,0.0
420034705012,Scott township,295,40.39496,-80.060786,1609.0,515.4,0.0,21.5,0.0,213.2,0.0,16.9,0.0,67.4,0.0,29.1,0.0,58.6,0.0,45.9,0.0
420034639001,McKees Rocks borough,181,40.467959,-80.076008,1232.0,508.6,0.0,109.0,0.0,67.5,0.0,43.9,0.0,41.8,0.0,27.8,0.0,82.9,0.0,0.0,0.0
420031414001,Greenfield,329,40.421765,-79.92369,1029.0,489.8,0.0,23.7,0.0,79.3,0.0,98.2,0.0,5.9,0.0,7.0,0.0,58.8,0.0,10.1,0.0
420034884001,McKeesport city,512,40.368947,-79.86614,1055.0,475.5,0.0,0.0,0.0,99.3,0.0,155.6,0.0,29.0,0.0,28.2,0.0,62.6,0.0,3.2,0.0
420034292023,Ross township,476,40.521353,-79.999503,1959.0,474.6,8.8,0.0,0.0,128.3,2.4,108.1,2.0,4.5,0.1,0.0,0.0,62.2,1.2,2.1,0.0
420034735001,Mount Lebanon township,300,40.373,-80.054312,836.0,473.6,0.0,0.0,0.0,41.7,0.0,188.2,0.0,3.6,0.0,0.0,0.0,26.3,0.0,2.8,0.0
420034572001,Bridgeville borough,176,40.360835,-80.103423,541.0,456.0,0.0,44.0,0.0,78.0,0.0,78.0,0.0,26.0,0.0,19.0,0.0,83.1,0.0,4.8,0.0
420034706001,Heidelberg borough,240,40.393658,-80.084891,1584.0,448.2,0.0,38.1,0.0,80.1,0.0,59.9,0.0,17.2,0.0,2.2,0.0,59.2,0.0,3.7,0.0
420034292012,Ross township,467,40.542132,-80.007287,3003.0,446.4,0.0,30.7,0.0,104.5,0.0,83.9,0.0,25.7,0.0,6.3,0.0,46.6,0.0,7.1,0.0
420034736022,Mount Lebanon township,628,40.369774,-80.068315,1933.0,445.6,0.0,0.0,0.0,140.3,0.0,99.0,0.0,8.5,0.0,9.0,0.0,42.3,0.0,4.0,0.0
420034736021,Mount Lebanon township,244,40.372583,-80.061898,728.0,440.0,0.0,0.0,0.0,84.0,0.0,104.0,0.0,0.0,0.0,0.0,0.0,71.0,0.0,6.8,0.0
420034754012,Baldwin borough,641,40.340533,-80.010423,1702.0,430.7,0.0,0.0,0.0,148.6,0.0,70.5,0.0,13.9,0.0,8.1,0.0,80.2,0.0,4.5,0.0
420034297001,Ross township,71,40.500532,-80.0312,1416.0,427.4,0.0,18.0,0.0,136.6,0.0,47.8,0.0,58.0,0.0,6.4,0.0,56.1,0.0,1.3,0.0
420034736011,Mount Lebanon township,450,40.388629,-80.06512,1007.0,425.3,0.0,0.0,0.0,79.6,0.0,117.3,0.0,27.5,0.0,0.0,0.0,51.1,0.0,1.0,0.0
420034735002,Mount Lebanon township,373,40.366111,-80.056761,857.0,423.7,0.0,0.0,0.0,56.8,0.0,106.2,0.0,0.0,0.0,0.0,0.0,21.1,0.0,2.2,0.0
420034271002,Ross township,664,40.529491,-79.982308,1739.0,422.7,0.0,5.0,0.0,128.6,0.0,69.3,0.0,3.5,0.0,3.7,0.0,43.7,0.0,0.0,0.0
420034281001,Reserve township,264,40.475319,-79.981692,570.0,416.1,5.7,0.0,0.0,85.7,1.2,55.6,0.8,4.6,0.1,0.0,0.0,30.0,0.4,0.0,0.0
420032904004,Carrick,35,40.390332,-79.976376,882.0,414.4,0.0,58.7,0.0,128.2,0.0,6.5,0.0,42.0,0.0,44.2,0.0,87.8,0.0,3.2,0.0
420034281002,Reserve township,119,40.471181,-79.982962,617.0,409.2,0.0,5.8,0.0,83.1,0.0,60.0,0.0,10.1,0.0,5.1,0.0,30.4,0.0,0.0,0.0
420035644003,North Versailles township,981,40.370396,-79.809243,974.0,401.0,0.0,46.9,0.0,162.6,0.0,14.8,0.0,37.1,0.0,51.5,0.0,102.3,0.0,0.0,0.0
420034704001,Scott township,159,40.368026,-80.082507,951.0,371.1,0.0,0.0,0.0,112.4,0.0,37.3,0.0,13.7,0.0,19.8,0.0,81.4,0.0,0.0,0.0
420034782003,Brentwood borough,275,40.3825,-79.972848,2148.0,368.3,0.0,87.2,0.0,46.5,0.0,112.6,0.0,73.8,0.0,58.7,0.0,67.4,0.0,0.0,0.0
420034591011,Kennedy township,1548,40.495809,-80.136659,1733.0,360.4,0.0,34.0,0.0,63.1,0.0,84.8,0.0,16.6,0.0,6.1,0.0,56.9,0.0,5.5,0.0
420035010001,Versailles borough,260,40.318398,-79.83095,1476.0,351.1,0.0,17.6,0.0,82.0,0.0,50.2,0.0,55.0,0.0,30.0,0.0,96.4,0.0,2.5,0.0
420034455002,Sewickley borough,202,40.54135,-80.185419,1619.0,340.4,0.0,4.8,0.0,90.6,0.0,66.8,0.0,24.6,0.0,20.3,0.0,41.0,0.0,0.7,0.0
420035262023,Plum borough,641,40.48365,-79.77908,1153.0,337.8,0.0,66.0,0.0,55.4,0.0,81.7,0.0,12.7,0.0,13.9,0.0,38.4,0.0,1.8,0.0
420034741021,Bethel Park municipality,1452,40.347504,-80.06835,2435.0,328.9,0.0,0.3,0.0,79.4,0.0,89.6,0.0,7.0,0.0,18.0,0.0,35.3,0.0,2.8,0.0
420035253001,Oakmont borough,304,40.526829,-79.835652,757.0,326.3,0.0,0.0,0.0,100.3,0.0,50.4,0.0,18.8,0.0,15.2,0.0,40.8,0.0,0.0,0.0
420034772002,Whitehall borough,287,40.366501,-79.989514,716.0,322.7,0.0,0.0,0.0,50.2,0.0,63.9,0.0,6.6,0.0,8.2,0.0,44.6,0.0,0.9,0.0
420032413003,Spring Hill-City View,172,40.465038,-79.990001,750.0,317.9,0.0,47.2,0.0,76.1,0.0,63.6,0.0,19.2,0.0,11.2,0.0,54.9,0.0,0.0,0.0
420034706003,Scott township,341,40.399404,-80.092275,721.0,314.6,0.0,0.0,0.0,144.3,0.0,10.3,0.0,52.1,0.0,6.1,0.0,66.5,0.0,4.2,0.0
420035644004,North Versailles township,623,40.380822,-79.794398,1330.0,306.1,0.0,1.7,0.0,142.8,0.0,31.7,0.0,36.9,0.0,36.6,0.0,97.7,0.0,0.0,0.0
420032613002,Summer Hill,164,40.494512,-80.009769,998.0,299.1,0.0,63.4,0.0,66.6,0.0,47.1,0.0,14.8,0.0,38.8,0.0,20.4,0.0,3.9,0.0
420031918006,Brookline,237,40.386428,-80.009429,941.0,291.8,0.0,0.0,0.0,78.1,0.0,60.1,0.0,0.0,0.0,0.0,0.0,42.6,0.0,0.0,0.0
420035211001,Monroeville municipality,481,40.456362,-79.765604,992.0,285.1,0.0,5.0,0.0,64.8,0.0,60.6,0.0,18.4,0.0,3.1,0.0,47.9,0.0,1.9,0.0
420031412003,Point Breeze,87,40.447684,-79.90663,1342.0,277.9,0.0,9.1,0.0,61.5,0.0,66.8,0.0,4.0,0.0,5.5,0.0,27.2,0.0,0.0,0.0
420035213014,Pitcairn borough,1822,40.412003,-79.756993,1391.0,272.4,0.0,26.7,0.0,31.1,0.0,71.6,0.0,8.3,0.0,0.0,0.0,51.1,0.0,0.2,0.0
420034801011,Baldwin borough,307,40.346695,-79.990308,715.0,271.4,0.0,0.0,0.0,36.2,0.0,96.4,0.0,0.0,0.0,0.0,0.0,22.9,0.0,2.9,0.0
420034803001,Baldwin borough,355,40.400702,-79.971903,693.0,258.7,0.0,0.5,0.0,66.3,0.0,41.0,0.0,6.0,0.0,0.0,0.0,33.8,0.0,1.0,0.0
420035237022,Penn Hills township,723,40.484094,-79.786739,1624.0,256.6,0.0,39.6,0.0,66.4,0.0,52.5,0.0,44.9,0.0,26.5,0.0,53.2,0.0,1.5,0.0
420034282001,Reserve township,465,40.487113,-79.986548,638.0,252.1,0.0,0.0,0.0,60.1,0.0,36.3,0.0,0.0,0.0,7.3,0.0,73.9,0.0,0.0,0.0
420034600023,Kennedy township,343,40.479203,-80.112672,803.0,238.6,0.0,53.6,0.0,56.8,0.0,68.5,0.0,3.2,0.0,0.0,0.0,32.6,0.0,0.2,0.0
420035263012,Plum borough,920,40.474696,-79.720059,2306.0,231.9,0.0,3.4,0.0,63.5,0.0,42.8,0.0,5.3,0.0,1.2,0.0,38.7,0.0,0.0,0.0
420034013003,Harrison township,163,40.616877,-79.739792,770.0,230.5,0.0,10.0,0.0,62.7,0.0,31.3,0.0,5.9,0.0,0.0,0.0,39.8,0.0,0.8,0.0
420035213021,Monroeville municipality,847,40.430933,-79.769464,1592.0,225.5,0.0,63.5,0.0,45.7,0.0,35.8,0.0,2.0,0.0,4.7,0.0,30.5,0.0,0.5,0.0
420031408001,Squirrel Hill South,287,40.432022,-79.91465,1993.0,220.7,0.0,27.2,0.0,52.5,0.0,55.9,0.0,4.4,0.0,7.5,0.0,16.9,0.0,2.8,0.0
420034884002,West Mifflin borough,195,40.364646,-79.861537,963.0,218.8,0.0,0.2,0.0,51.2,0.0,40.7,0.0,10.3,0.0,4.0,0.0,29.5,0.0,1.5,0.0
420031807001,Mount Washington,94,40.426416,-80.001514,628.0,213.7,0.0,5.8,0.0,12.6,0.0,4.0,0.0,9.9,0.0,4.0,0.0,38.2,0.0,1.2,0.0
420034133001,McCandless township,659,40.560844,-80.030709,1759.0,198.2,0.0,3.4,0.0,62.7,0.0,36.4,0.0,5.9,0.0,1.9,0.0,18.4,0.0,0.5,0.0
420034804002,Baldwin borough,432,40.380963,-79.947758,1044.0,196.2,0.0,0.0,0.0,68.5,0.0,10.7,0.0,8.6,0.0,0.0,0.0,27.9,0.0,0.0,0.0
420039818001,Lincoln-Lemington-Belmar,159,40.479349,-79.897814,314.0,191.4,0.0,40.8,0.0,94.7,0.0,20.1,0.0,0.0,0.0,0.0,0.0,14.4,0.0,0.0,0.0
420034688001,Carnegie borough,143,40.403088,-80.090807,589.0,189.9,0.0,21.2,0.0,51.2,0.0,42.5,0.0,69.0,0.0,34.4,0.0,38.8,0.0,1.8,0.0
420034600022,Kennedy township,283,40.471781,-80.103291,1802.0,188.5,0.0,1.6,0.0,85.1,0.0,21.1,0.0,8.1,0.0,5.1,0.0,29.4,0.0,0.2,0.0
420034455003,Sewickley borough,304,40.535438,-80.180208,1208.0,179.8,0.0,3.2,0.0,15.5,0.0,36.1,0.0,6.4,0.0,3.3,0.0,18.6,0.0,0.3,0.0
420035130001,North Braddock borough,150,40.403585,-79.860124,1311.0,171.7,0.0,131.6,0.0,42.5,0.0,21.8,0.0,42.1,0.0,51.6,0.0,42.8,0.0,0.0,0.0
420034271003,Shaler township,1358,40.516392,-79.975276,1930.0,165.9,0.0,1.1,0.0,34.5,0.0,32.7,0.0,1.2,0.0,1.7,0.0,17.5,0.0,0.0,0.0
420034886003,West Mifflin borough,339,40.335962,-79.932567,1232.0,163.5,0.0,30.3,0.0,51.6,0.0,26.5,0.0,1.4,0.0,1.6,0.0,28.9,0.0,0.0,0.0
420034736013,Mount Lebanon township,212,40.380116,-80.057229,1671.0,162.7,0.0,5.0,0.0,37.3,0.0,35.1,0.0,2.7,0.0,0.0,0.0,23.9,0.0,0.5,0.0
420034013001,Harrison township,267,40.62489,-79.727673,1275.0,160.3,0.0,2.1,0.0,27.8,0.0,42.0,0.0,5.7,0.0,2.6,0.0,16.3,0.0,0.3,0.0
420034291001,Ross township,439,40.504667,-80.000557,1211.0,150.5,0.0,14.6,0.0,54.0,0.0,14.4,0.0,3.4,0.0,0.0,0.0,14.2,0.0,1.6,0.0
420033001004,Knoxville,160,40.411053,-79.993301,655.0,147.6,0.0,29.4,0.0,18.4,0.0,39.4,0.0,6.0,0.0,2.2,0.0,12.7,0.0,2.5,0.0
420034688002,Carnegie borough,309,40.40411,-80.094787,665.0,134.9,0.0,15.1,0.0,15.8,0.0,20.4,0.0,15.5,0.0,10.4,0.0,24.7,0.0,1.1,0.0
420034706002,Scott township,53,40.398286,-80.088599,631.0,133.4,0.0,6.8,0.0,19.0,0.0,8.0,0.0,6.5,0.0,20.5,0.0,28.5,0.0,1.8,0.0
420034883002,West Mifflin borough,960,40.370671,-79.884516,948.0,131.1,0.0,0.0,0.0,40.1,0.0,21.2,0.0,10.8,0.0,3.0,0.0,23.3,0.0,0.0,0.0
420034013002,Harrison township,568,40.622665,-79.735898,600.0,129.7,0.0,0.0,0.0,12.1,0.0,12.7,0.0,18.9,0.0,0.0,0.0,21.7,0.0,0.4,0.0
420034263002,Shaler township,516,40.538437,-79.978353,2012.0,128.0,0.0,1.1,0.0,43.9,0.0,24.7,0.0,4.3,0.0,0.0,0.0,18.9,0.0,0.6,0.0
420035232001,Penn Hills township,261,40.465866,-79.856693,1185.0,125.9,0.0,28.6,0.0,34.7,0.0,14.3,0.0,41.3,0.0,6.5,0.0,19.6,0.0,0.0,0.0
420035262012,Plum borough,1030,40.485396,-79.752932,2437.0,121.3,0.0,0.1,0.0,30.0,0.0,26.9,0.0,4.0,0.0,1.8,0.0,15.2,0.0,0.0,0.0
420034297002,Ross township,767,40.495318,-80.039298,954.0,116.4,0.0,0.0,0.0,33.7,0.0,28.0,0.0,3.7,0.0,4.1,0.0,15.9,0.0,0.4,0.0
420034754011,Whitehall borough,731,40.349721,-80.018928,1577.0,116.0,0.0,0.0,0.0,37.6,0.0,16.7,0.0,1.6,0.0,8.6,0.0,28.6,0.0,1.6,0.0
420034141023,McCandless township,1643,40.593831,-79.979209,1882.0,115.1,0.0,0.0,0.0,33.0,0.0,16.9,0.0,0.8,0.0,1.2,0.0,15.9,0.0,1.6,0.0
420034020001,Brackenridge borough,135,40.613113,-79.739879,625.0,110.1,0.0,3.2,0.0,35.2,0.0,16.0,0.0,16.2,0.0,3.4,0.0,20.6,0.0,0.0,0.0
420035262022,Plum borough,245,40.465868,-79.754597,2363.0,108.8,0.0,8.5,0.0,25.8,0.0,21.2,0.0,3.8,0.0,0.3,0.0,15.7,0.0,0.7,0.0
420032902002,Carrick,217,40.391395,-79.983967,955.0,108.6,0.0,27.6,0.0,27.1,0.0,9.0,0.0,44.5,0.0,58.5,0.0,23.9,0.0,2.3,0.0
420034135002,McCandless township,404,40.575525,-80.020611,2164.0,107.7,131.0,0.5,0.6,20.8,25.3,17.3,21.1,6.6,8.0,1.5,1.9,13.5,16.4,1.2,1.4
420033001003,Knoxville,158,40.412838,-79.992846,639.0,97.3,0.0,58.2,0.0,15.5,0.0,23.6,0.0,10.8,0.0,13.8,0.0,8.8,0.0,1.7,0.0
420035261012,,,40.512516,-79.757349,3258.0,96.7,0.0,1.5,0.0,6.6,0.0,30.9,0.0,1.3,0.0,0.0,0.0,6.2,0.0,0.0,0.0
420035251001,Oakmont borough,695,40.517676,-79.830703,2003.0,95.3,0.0,1.4,0.0,23.3,0.0,20.3,0.0,7.0,0.0,2.6,0.0,12.1,0.0,0.0,0.0
420035261014,Penn Hills township,1156,40.523543,-79.799707,1079.0,93.0,0.0,4.2,0.0,74.1,0.0,1.9,0.0,13.3,0.0,14.1,0.0,9.2,0.0,0.0,0.0
420034132011,McCandless township,427,40.575912,-80.031127,817.0,92.9,0.0,0.0,0.0,17.0,0.0,14.1,0.0,1.1,0.0,0.0,0.0,10.1,0.0,1.3,0.0
420034011001,Harrison township,549,40.64746,-79.715071,1414.0,86.6,89.9,0.8,0.9,21.5,22.3,9.6,9.9,5.4,5.6,3.0,3.1,20.1,20.9,0.3,0.3
420035030025,White Oak borough,1231,40.350769,-79.810115,1666.0,86.1,0.0,0.9,0.0,39.8,0.0,11.3,0.0,19.0,0.0,2.6,0.0,16.0,0.0,0.5,0.0
420035138002,Braddock borough,5,40.403268,-79.86841,1036.0,85.3,0.0,70.7,0.0,14.1,0.0,21.2,0.0,22.3,0.0,12.3,0.0,15.4,0.0,0.4,0.0
420031807002,Mount Washington,104,40.424673,-80.001182,632.0,84.9,0.0,9.7,0.0,12.3,0.0,0.0,0.0,4.9,0.0,3.8,0.0,17.0,0.0,0.5,0.0
420035190003,Churchill borough,184,40.447607,-79.852483,772.0,84.6,0.0,5.1,0.0,13.3,0.0,23.1,0.0,1.3,0.0,0.6,0.0,7.6,0.0,0.2,0.0
420034294001,Ross township,1082,40.543066,-80.032477,672.0,79.8,482.6,0.0,0.0,14.1,85.0,26.9,162.7,0.8,4.9,0.8,4.9,6.6,40.1,0.4,2.4
420031018002,Stanton Heights,225,40.483762,-79.939239,1461.0,79.4,0.0,6.9,0.0,15.8,0.0,10.8,0.0,6.7,0.0,1.2,0.0,9.0,0.0,0.7,0.0
420034571002,Bridgeville borough,228,40.358195,-80.113463,685.0,78.7,0.0,0.4,0.0,16.1,0.0,11.1,0.0,13.8,0.0,9.8,0.0,18.3,0.0,0.0,0.0
420035215003,Monroeville municipality,190,40.449047,-79.758299,773.0,78.2,0.0,0.7,0.0,20.6,0.0,26.1,0.0,0.6,0.0,0.0,0.0,6.6,0.0,0.3,0.0
420034741012,Scott township,1099,40.354854,-80.082795,2119.0,77.3,0.0,0.5,0.0,9.4,0.0,22.5,0.0,2.0,0.0,0.0,0.0,4.7,0.0,0.5,0.0
420032904002,Carrick,43,40.387229,-79.982129,1240.0,76.7,0.0,8.1,0.0,15.1,0.0,7.8,0.0,5.1,0.0,4.6,0.0,12.2,0.0,0.4,0.0
420034263003,Shaler township,688,40.549185,-79.980035,2364.0,72.3,0.0,3.1,0.0,12.7,0.0,16.1,0.0,3.1,0.0,0.0,0.0,7.1,0.0,0.2,0.0
420035605002,Wilkinsburg borough,252,40.43678,-79.890832,1218.0,72.3,0.0,6.3,0.0,16.1,0.0,9.1,0.0,3.9,0.0,5.1,0.0,10.2,0.0,3.0,0.0
420034035001,Tarentum borough,460,40.604084,-79.763076,862.0,69.9,0.0,11.3,0.0,16.9,0.0,17.1,0.0,6.9,0.0,9.6,0.0,10.6,0.0,0.0,0.0
420034790001,Brookline,617,40.382888,-80.013541,877.0,68.7,0.0,0.0,0.0,15.4,0.0,17.0,0.0,1.1,0.0,1.1,0.0,11.2,0.0,0.9,0.0
420035212002,Monroeville municipality,276,40.427816,-79.791437,923.0,65.3,0.0,17.0,0.0,33.3,0.0,0.0,0.0,13.3,0.0,2.2,0.0,16.0,0.0,0.5,0.0
420035154012,Swissvale borough,104,40.422568,-79.896976,632.0,60.5,0.0,22.5,0.0,4.1,0.0,6.8,0.0,8.4,0.0,7.1,0.0,4.0,0.0,0.3,0.0
420033001005,Knoxville,43,40.40881,-79.993932,640.0,60.2,0.0,11.5,0.0,12.1,0.0,2.1,0.0,2.3,0.0,8.5,0.0,10.2,0.0,2.0,0.0
420034455001,Sewickley borough,315,40.539693,-80.175393,1080.0,58.7,0.0,2.8,0.0,10.6,0.0,16.2,0.0,5.5,0.0,3.9,0.0,5.8,0.0,0.1,0.0
420035211002,Monroeville municipality,1105,40.44798,-79.77656,1316.0,57.5,0.0,18.6,0.0,13.1,0.0,7.8,0.0,2.9,0.0,0.8,0.0,9.2,0.0,0.4,0.0
420034731002,Mount Lebanon township,409,40.391868,-80.052186,846.0,55.8,0.0,0.2,0.0,14.4,0.0,11.6,0.0,0.0,0.0,0.0,0.0,6.6,0.0,0.0,0.0
420034133002,,,40.56028,-80.050412,2413.0,54.7,0.0,0.0,0.0,15.1,0.0,11.0,0.0,2.2,0.0,1.0,0.0,5.9,0.0,0.2,0.0
420035231004,Penn Hills township,316,40.464842,-79.883785,642.0,53.9,0.0,42.7,0.0,15.2,0.0,15.2,0.0,4.9,0.0,5.4,0.0,12.2,0.0,0.3,0.0
420034772001,Overbrook,418,40.373731,-79.990042,850.0,51.7,0.0,0.0,0.0,13.4,0.0,7.6,0.0,1.8,0.0,0.7,0.0,5.9,0.0,0.1,0.0
420035644002,North Versailles township,946,40.367001,-79.800987,1165.0,45.3,0.0,2.3,0.0,13.9,0.0,6.4,0.0,1.4,0.0,0.0,0.0,12.7,0.0,0.0,0.0
420035642003,White Oak borough,598,40.34287,-79.789925,866.0,44.9,0.0,0.0,0.0,18.2,0.0,7.2,0.0,1.7,0.0,1.3,0.0,7.4,0.0,0.0,0.0
420035215001,Monroeville municipality,465,40.439039,-79.717082,1475.0,44.3,10.0,2.2,0.5,14.1,3.2,3.4,0.8,1.3,0.3,0.7,0.2,6.3,1.4,0.3,0.1
420034011002,Harrison township,384,40.637196,-79.707196,1410.0,43.5,0.0,0.7,0.0,20.0,0.0,5.4,0.0,0.8,0.0,0.0,0.0,13.2,0.0,0.2,0.0
420032902001,Carrick,551,40.401636,-79.982674,927.0,41.1,0.0,2.3,0.0,10.4,0.0,7.8,0.0,5.2,0.0,3.7,0.0,11.5,0.0,1.1,0.0
420035041004,North Versailles township,438,40.38025,-79.833778,1454.0,40.9,0.0,23.7,0.0,5.5,0.0,10.7,0.0,5.8,0.0,4.1,0.0,7.1,0.0,0.0,0.0
420035041002,North Versailles township,369,40.394306,-79.824178,552.0,39.8,0.0,14.5,0.0,2.9,0.0,8.5,0.0,5.4,0.0,8.8,0.0,5.0,0.0,0.0,0.0
420034688003,Carnegie borough,537,40.40814,-80.096019,1299.0,38.9,0.0,0.0,0.0,9.7,0.0,2.0,0.0,2.2,0.0,0.3,0.0,9.5,0.0,0.4,0.0
420031414002,Squirrel Hill South,272,40.424426,-79.920462,671.0,38.2,0.0,1.2,0.0,10.4,0.0,6.1,0.0,1.5,0.0,0.0,0.0,3.8,0.0,0.7,0.0
420034772003,Whitehall borough,160,40.355011,-79.992572,952.0,37.5,160.3,0.0,0.0,8.8,37.7,8.2,35.1,0.3,1.5,0.3,1.5,2.9,12.2,0.1,0.2
420031018001,Stanton Heights,464,40.483418,-79.934467,953.0,37.3,0.0,4.8,0.0,9.2,0.0,5.6,0.0,1.2,0.0,1.3,0.0,4.5,0.0,0.3,0.0
420035513002,McKeesport city,822,40.329257,-79.828377,1479.0,36.7,38.4,2.8,2.9,9.9,10.3,9.3,9.8,3.1,3.3,1.4,1.5,7.9,8.3,0.0,0.0
420034572003,Bridgeville borough,420,40.353825,-80.100819,1260.0,34.2,0.0,0.0,0.0,8.2,0.0,5.4,0.0,2.3,0.0,1.1,0.0,6.0,0.0,0.3,0.0
420034293002,West View borough,1668,40.535612,-80.040765,1482.0,33.4,300.3,0.0,0.0,13.5,120.8,1.2,10.5,3.6,32.8,0.5,4.3,7.7,69.5,0.1,0.9
420031918007,Brookline,113,40.390051,-80.012325,816.0,33.2,0.0,9.2,0.0,9.7,0.0,1.1,0.0,8.4,0.0,6.7,0.0,9.5,0.0,0.0,0.0
420030405001,Central Oakland,261,40.439894,-79.954735,1867.0,31.9,0.0,2.1,0.0,0.6,0.0,0.0,0.0,5.4,0.0,4.1,0.0,2.6,0.0,0.5,0.0
420031918003,Brookline,180,40.389733,-80.016904,648.0,30.6,0.0,2.3,0.0,2.5,0.0,6.6,0.0,0.5,0.0,0.2,0.0,3.7,0.0,0.0,0.0
420034295001,Ross township,524,40.549126,-80.026175,1876.0,27.4,128.8,1.2,5.5,6.9,32.6,4.4,20.9,3.5,16.3,2.3,10.9,7.3,34.1,0.0,0.0
420035190001,Churchill borough,1071,40.43697,-79.836599,1123.0,26.2,0.0,2.9,0.0,10.3,0.0,2.8,0.0,0.1,0.0,0.0,0.0,4.7,0.0,0.2,0.0
420034135001,McCandless township,632,40.583605,-80.007034,950.0,24.5,0.0,0.0,0.0,9.8,0.0,4.4,0.0,2.4,0.0,0.0,0.0,5.6,0.0,0.5,0.0
420031916001,Banksville,509,40.421423,-80.024377,776.0,23.9,0.0,0.4,0.0,10.9,0.0,2.5,0.0,2.0,0.0,2.0,0.0,3.8,0.0,0.0,0.0
420034721002,Banksville,355,40.400062,-80.038672,942.0,22.9,0.0,4.4,0.0,3.1,0.0,3.9,0.0,1.4,0.0,1.8,0.0,2.7,0.0,0.1,0.0
420032620003,Spring Hill-City View,117,40.468995,-79.993826,591.0,17.9,0.0,6.6,0.0,0.7,0.0,4.7,0.0,1.2,0.0,0.7,0.0,4.1,0.0,0.0,0.0
420030605002,Polish Hill,123,40.458501,-79.961736,536.0,15.5,0.0,0.0,0.0,4.2,0.0,0.6,0.0,1.5,0.0,0.2,0.0,3.2,0.0,0.1,0.0
420034035002,Tarentum borough,40,40.60717,-79.753222,708.0,14.0,0.0,1.3,0.0,2.7,0.0,0.7,0.0,0.0,0.0,1.3,0.0,3.2,0.0,0.0,0.0
420034703002,Scott township,440,40.377082,-80.081542,2721.0,13.8,0.0,0.6,0.0,6.5,0.0,1.3,0.0,0.3,0.0,0.4,0.0,2.8,0.0,0.0,0.0
420031203001,Lincoln-Lemington-Belmar,137,40.469309,-79.903758,883.0,13.6,0.0,11.7,0.0,2.0,0.0,4.7,0.0,2.0,0.0,1.6,0.0,2.2,0.0,0.4,0.0
420035653001,Hays,549,40.385747,-79.924376,1238.0,13.2,0.0,2.6,0.0,2.3,0.0,2.7,0.0,1.1,0.0,0.4,0.0,1.8,0.0,0.0,0.0
420035214021,Trafford borough,954,40.400478,-79.755798,1317.0,12.8,0.0,2.2,0.0,2.2,0.0,3.1,0.0,0.2,0.0,0.0,0.0,1.3,0.0,0.1,0.0
420032602002,Perry North,73,40.491212,-80.021055,1464.0,12.8,0.0,2.2,0.0,1.9,0.0,3.1,0.0,1.2,0.0,0.6,0.0,3.0,0.0,0.0,0.0
420034020003,Brackenridge borough,48,40.608454,-79.745315,1096.0,11.4,0.0,2.4,0.0,1.8,0.0,1.8,0.0,1.6,0.0,0.6,0.0,1.6,0.0,0.0,0.0
420034350001,Emsworth borough,344,40.513434,-80.095737,1364.0,10.4,0.0,0.5,0.0,1.9,0.0,2.5,0.0,0.7,0.0,0.2,0.0,1.5,0.0,0.0,0.0
420034511021,Moon township,519,40.527616,-80.191361,2003.0,9.5,0.0,0.0,0.0,1.5,0.0,1.7,0.0,0.2,0.0,0.0,0.0,1.2,0.0,0.1,0.0
420032615002,Perry South,302,40.47177,-80.016607,805.0,7.1,0.0,3.1,0.0,1.6,0.0,1.2,0.0,0.7,0.0,0.6,0.0,1.9,0.0,0.0,0.0
420035619001,Lincoln-Lemington-Belmar,193,40.472497,-79.894402,656.0,6.0,0.0,5.6,0.0,3.2,0.0,0.0,0.0,1.7,0.0,0.5,0.0,2.7,0.0,0.1,0.0
420035644007,"Trafford borough (Westmoreland, PA)",772,40.382348,-79.767964,64.0,2.8,0.0,0.0,0.0,2.8,0.0,0.0,0.0,2.8,0.0,0.0,0.0,2.8,0.0,0.0,0.0
420034704002,Scott township,645,40.365293,-80.077855,699.0,2.6,0.0,0.0,0.0,0.5,0.0,0.4,0.0,0.0,0.0,0.0,0.0,0.4,0.0,0.0,0.0
420039806001,Manchester,98,40.452554,-80.027017,19.0,2.1,0.0,0.0,0.0,0.0,0.0,0.0,0.0,2.1,0.0,2.1,0.0,2.1,0.0,0.0,0.0
420030406001,South Oakland,523,40.437694,-79.952636,1174.0,0.0,210.0,0.0,0.0,0.0,12.7,0.0,0.0,0.0,40.4,0.0,23.3,0.0,17.4,0.0,2.6
420030406002,South Oakland,361,40.435629,-79.954032,880.0,0.0,175.1,0.0,2.0,0.0,0.0,0.0,0.0,0.0,23.4,0.0,16.8,0.0,6.9,0.0,1.1
420030409003,South Oakland,542,40.431051,-79.952629,624.0,0.0,166.4,0.0,23.0,0.0,13.2,0.0,4.4,0.0,29.2,0.0,23.4,0.0,17.1,0.0,3.6
420031106002,Highland Park,210,40.47486,-79.916366,705.0,0.0,219.5,0.0,13.5,0.0,68.0,0.0,20.5,0.0,15.1,0.0,2.5,0.0,16.5,0.0,0.0
420031414004,Hazelwood,704,40.418931,-79.917978,1894.0,0.0,173.2,0.0,5.2,0.0,52.8,0.0,41.0,0.0,17.2,0.0,9.7,0.0,17.1,0.0,3.0
420031918002,Brookline,413,40.39055,-80.022706,657.0,0.0,73.9,0.0,0.0,0.0,24.8,0.0,0.0,0.0,3.4,0.0,3.5,0.0,15.3,0.0,0.0
420031918004,Brookline,400,40.393471,-80.026548,766.0,0.0,234.2,0.0,20.2,0.0,29.8,0.0,0.0,0.0,17.5,0.0,0.0,0.0,58.9,0.0,0.0
420032023002,Banksville,315,40.4031,-80.04573,1107.0,0.0,180.8,0.0,13.6,0.0,40.4,0.0,16.4,0.0,12.9,0.0,3.8,0.0,19.1,0.0,5.9
420033207001,Overbrook,437,40.385223,-80.001268,1117.0,0.0,282.0,0.0,5.1,0.0,43.8,0.0,58.7,0.0,6.4,0.0,3.0,0.0,29.4,0.0,0.0
420033207002,Overbrook,510,40.377841,-79.99972,496.0,0.0,10.4,0.0,0.2,0.0,1.6,0.0,2.1,0.0,1.6,0.0,1.3,0.0,3.0,0.0,0.0
420034012003,Harrison township,1029,40.611235,-79.724198,510.0,0.0,7.0,0.0,0.2,0.0,0.9,0.0,0.6,0.0,0.2,0.0,0.5,0.0,1.0,0.0,0.0
420034012004,Harrison township,442,40.613219,-79.733391,755.0,0.0,440.1,0.0,14.5,0.0,46.1,0.0,106.6,0.0,10.0,0.0,0.0,0.0,40.8,0.0,1.8
420034020004,Brackenridge borough,588,40.604507,-79.739643,931.0,0.0,978.2,0.0,36.1,0.0,172.6,0.0,140.4,0.0,99.5,0.0,95.6,0.0,132.6,0.0,0.0
420034035004,Tarentum borough,153,40.602137,-79.749851,934.0,0.0,172.1,0.0,0.0,0.0,36.4,0.0,54.7,0.0,31.1,0.0,27.8,0.0,43.9,0.0,0.0
420034090011,,,40.642621,-80.060011,1068.0,0.0,3.8,0.0,0.1,0.0,1.2,0.0,0.4,0.0,0.1,0.0,0.2,0.0,0.4,0.0,0.0
420034090013,,,40.634342,-80.045726,3532.0,0.0,372.5,0.0,0.0,0.0,53.4,0.0,93.0,0.0,12.1,0.0,0.0,0.0,24.8,0.0,1.1
420034090014,,,40.626271,-80.064431,1924.0,0.0,991.4,0.0,0.0,0.0,69.5,0.0,248.4,0.0,22.1,0.0,0.0,0.0,61.1,0.0,2.7
420034131002,McCandless township,825,40.593762,-80.032551,2146.0,0.0,39.7,0.0,0.0,0.0,5.8,0.0,5.5,0.0,2.3,0.0,1.4,0.0,4.3,0.0,0.3
420034131003,McCandless township,1692,40.599845,-80.043612,1407.0,0.0,8.3,0.0,0.0,0.0,2.4,0.0,2.3,0.0,0.9,0.0,0.8,0.0,0.8,0.0,0.1
420034131004,,,40.603654,-80.059026,2162.0,0.0,244.9,0.0,0.0,0.0,41.9,0.0,68.4,0.0,4.2,0.0,1.0,0.0,22.6,0.0,1.7
420034142001,Hampton township,990,40.561435,-79.963011,1020.0,0.0,387.8,0.0,7.4,0.0,125.8,0.0,140.2,0.0,7.9,0.0,0.0,0.0,32.5,0.0,1.1
420034270001,Millvale borough,38,40.488411,-79.972678,1314.0,0.0,16.2,0.0,0.6,0.0,3.2,0.0,1.7,0.0,1.3,0.0,1.3,0.0,3.8,0.0,0.0
420034270002,Millvale borough,404,40.478614,-79.973711,771.0,0.0,12.5,0.0,0.1,0.0,1.6,0.0,1.9,0.0,1.0,0.0,1.5,0.0,3.8,0.0,0.0
420034270003,Ross township,524,40.481448,-79.97537,1291.0,0.0,601.7,0.0,91.4,0.0,64.5,0.0,49.4,0.0,39.2,0.0,83.3,0.0,117.2,0.0,0.0
420034271001,Ross township,747,40.507089,-79.980872,1671.0,0.0,561.5,0.0,0.0,0.0,54.9,0.0,84.3,0.0,19.0,0.0,0.0,0.0,46.9,0.0,0.0
420034272002,Shaler township,936,40.49947,-79.972435,1194.0,0.0,530.8,0.0,0.0,0.0,41.2,0.0,169.0,0.0,34.2,0.0,10.6,0.0,62.3,0.0,6.3
420034294002,Ross township,1466,40.535095,-80.030338,1722.0,0.0,797.2,0.0,19.4,0.0,201.5,0.0,113.9,0.0,44.7,0.0,11.5,0.0,77.5,0.0,4.6
420034294003,West View borough,980,40.527607,-80.027216,1319.0,0.0,234.4,0.0,4.7,0.0,44.7,0.0,41.9,0.0,14.9,0.0,0.0,0.0,24.2,0.0,1.4
420034302001,West View borough,431,40.523977,-80.036476,800.0,0.0,798.4,0.0,0.0,0.0,118.8,0.0,159.4,0.0,0.0,0.0,14.6,0.0,80.4,0.0,2.6
420034302002,West View borough,156,40.519473,-80.031334,1255.0,0.0,264.5,0.0,0.2,0.0,42.4,0.0,32.6,0.0,9.7,0.0,9.5,0.0,29.0,0.0,0.9
420034511051,Moon township,907,40.508434,-80.216744,1504.0,0.0,100.8,0.0,0.0,0.0,8.6,0.0,3.0,0.0,4.0,0.0,1.1,0.0,6.9,0.0,0.6
420034530043,North Fayette township,1045,40.445491,-80.201126,2701.0,0.0,30.4,0.0,0.5,0.0,4.3,0.0,5.7,0.0,1.9,0.0,0.3,0.0,2.5,0.0,0.3
420034592012,Robinson township,195,40.44752,-80.150845,2250.0,0.0,857.6,0.0,38.2,0.0,113.9,0.0,55.7,0.0,43.8,0.0,5.9,0.0,55.6,0.0,5.2
420034592013,Robinson township,966,40.441123,-80.134129,2405.0,0.0,11.7,0.0,0.4,0.0,2.1,0.0,2.5,0.0,0.3,0.0,0.4,0.0,0.9,0.0,0.1
420034687001,Carnegie borough,633,40.412852,-80.089991,1067.0,0.0,215.5,0.0,11.7,0.0,45.2,0.0,46.4,0.0,21.2,0.0,3.1,0.0,25.5,0.0,0.5
420034687002,Carnegie borough,527,40.413765,-80.08889,603.0,0.0,112.8,0.0,3.3,0.0,23.8,0.0,6.5,0.0,3.3,0.0,0.8,0.0,12.4,0.0,0.2
420034689001,Carnegie borough,441,40.406708,-80.078515,1271.0,0.0,397.0,0.0,6.5,0.0,106.4,0.0,40.9,0.0,63.7,0.0,22.4,0.0,61.3,0.0,15.6
420034689002,Carnegie borough,434,40.402745,-80.078085,921.0,0.0,202.3,0.0,27.5,0.0,41.2,0.0,42.1,0.0,11.1,0.0,10.2,0.0,38.0,0.0,9.7
420034705011,Scott township,335,40.400436,-80.057358,2708.0,0.0,35.0,0.0,0.2,0.0,1.0,0.0,10.3,0.0,0.0,0.0,1.0,0.0,2.3,0.0,1.8
420034705021,Scott township,595,40.406399,-80.066288,1553.0,0.0,299.5,0.0,4.0,0.0,62.3,0.0,44.2,0.0,12.8,0.0,6.3,0.0,37.1,0.0,0.1
420034723001,Dormont borough,325,40.393095,-80.031276,944.0,0.0,159.4,0.0,3.9,0.0,25.8,0.0,16.4,0.0,20.9,0.0,13.2,0.0,31.2,0.0,0.0
420034731001,Mount Lebanon township,363,40.39677,-80.050722,1410.0,0.0,89.9,0.0,0.0,0.0,9.9,0.0,28.0,0.0,2.9,0.0,0.8,0.0,6.3,0.0,0.0
420034732003,Mount Lebanon township,435,40.378748,-80.048024,1287.0,0.0,61.3,0.0,1.6,0.0,21.7,0.0,10.3,0.0,5.2,0.0,3.7,0.0,6.9,0.0,0.1
420034734013,Mount Lebanon township,435,40.376454,-80.043498,1100.0,0.0,91.3,0.0,1.4,0.0,12.5,0.0,18.2,0.0,3.2,0.0,9.3,0.0,6.8,0.0,0.8
420034882001,West Mifflin borough,263,40.395471,-79.876588,1812.0,0.0,225.6,0.0,37.3,0.0,23.0,0.0,89.9,0.0,16.3,0.0,11.1,0.0,20.7,0.0,1.8
420034886004,West Mifflin borough,484,40.342028,-79.925226,1870.0,0.0,93.1,0.0,0.0,0.0,21.7,0.0,14.1,0.0,6.6,0.0,2.2,0.0,21.9,0.0,0.0
420035041001,North Versailles township,259,40.39087,-79.817419,1052.0,0.0,244.1,0.0,75.6,0.0,65.2,0.0,36.1,0.0,54.0,0.0,36.9,0.0,58.3,0.0,0.0
420035041003,North Versailles township,587,40.375864,-79.817349,779.0,0.0,9.3,0.0,0.5,0.0,1.3,0.0,1.9,0.0,0.0,0.0,0.0,0.0,2.9,0.0,0.0
420035070001,Wilmerding borough,753,40.38684,-79.804638,802.0,0.0,41.6,0.0,5.4,0.0,10.0,0.0,6.4,0.0,1.6,0.0,2.1,0.0,7.1,0.0,0.1
420035070002,East McKeesport borough,133,40.381986,-79.810447,1274.0,0.0,101.6,0.0,18.4,0.0,27.6,0.0,6.9,0.0,11.5,0.0,7.5,0.0,21.6,0.0,0.3
420035213022,Monroeville municipality,336,40.434435,-79.777856,956.0,0.0,109.3,0.0,19.8,0.0,12.6,0.0,5.7,0.0,36.1,0.0,16.1,0.0,19.8,0.0,0.3
420035214011,Monroeville municipality,775,40.427809,-79.73672,2067.0,0.0,28.2,0.0,0.8,0.0,7.0,0.0,2.5,0.0,1.1,0.0,0.5,0.0,4.0,0.0,0.0
420035220001,Pitcairn borough,389,40.404789,-79.773592,622.0,0.0,38.3,0.0,1.1,0.0,6.9,0.0,3.9,0.0,0.0,0.0,0.0,0.0,10.4,0.0,0.0
420035234001,Penn Hills township,550,40.450557,-79.833292,1264.0,0.0,251.1,0.0,74.0,0.0,63.5,0.0,84.6,0.0,39.3,0.0,0.0,0.0,69.6,0.0,1.2
420035234004,Penn Hills township,584,40.453142,-79.830138,687.0,0.0,1016.9,0.0,281.0,0.0,241.5,0.0,255.7,0.0,9.9,0.0,9.9,0.0,68.6,0.0,1.1
420035234006,Penn Hills township,405,40.460928,-79.829429,662.0,0.0,102.0,0.0,29.0,0.0,48.1,0.0,0.0,0.0,37.9,0.0,16.5,0.0,24.6,0.0,0.4
420035236001,Penn Hills township,1373,40.448422,-79.814547,1751.0,0.0,454.2,0.0,148.8,0.0,145.4,0.0,92.1,0.0,57.7,0.0,0.0,0.0,56.5,0.0,0.0
420035236002,Penn Hills township,327,40.461215,-79.82001,987.0,0.0,512.6,0.0,150.9,0.0,63.9,0.0,191.6,0.0,0.0,0.0,5.1,0.0,60.3,0.0,0.0
420035509002,McKeesport city,469,40.348006,-79.855952,897.0,0.0,366.8,0.0,154.8,0.0,106.0,0.0,35.8,0.0,62.5,0.0,58.3,0.0,114.0,0.0,4.2
420035513001,McKeesport city,294,40.341886,-79.83225,868.0,0.0,372.7,0.0,127.7,0.0,85.3,0.0,40.1,0.0,73.5,0.0,29.2,0.0,77.4,0.0,0.0
420035520002,McKeesport city,550,40.340404,-79.843066,574.0,0.0,137.2,0.0,55.9,0.0,43.3,0.0,0.0,0.0,46.0,0.0,23.5,0.0,109.1,0.0,0.0
420035520004,McKeesport city,553,40.3401,-79.838685,711.0,0.0,220.1,0.0,64.2,0.0,50.1,0.0,27.4,0.0,43.9,0.0,43.9,0.0,117.3,0.0,0.0
420035523001,McKeesport city,361,40.343724,-79.852491,552.0,0.0,152.4,0.0,94.8,0.0,48.8,0.0,33.3,0.0,57.1,0.0,17.7,0.0,76.4,0.0,0.0
420035523002,McKeesport city,396,40.339616,-79.850728,755.0,0.0,369.9,0.0,270.5,0.0,77.6,0.0,92.3,0.0,34.7,0.0,34.1,0.0,110.9,0.0,0.0
420035523003,McKeesport city,270,40.343243,-79.847462,555.0,0.0,196.0,0.0,120.5,0.0,7.1,0.0,38.5,0.0,44.4,0.0,49.2,0.0,39.2,0.0,0.0
420035524001,McKeesport city,881,40.336913,-79.83545,610.0,0.0,941.4,0.0,289.5,0.0,68.5,0.0,490.3,0.0,25.6,0.0,77.6,0.0,114.2,0.0,10.2
420035524002,McKeesport city,534,40.333071,-79.83726,898.0,0.0,181.5,0.0,28.7,0.0,39.6,0.0,43.3,0.0,24.8,0.0,4.5,0.0,32.0,0.0,2.9
420035524003,McKeesport city,188,40.334314,-79.845705,1384.0,0.0,245.9,0.0,39.0,0.0,52.9,0.0,61.5,0.0,23.1,0.0,2.0,0.0,55.6,0.0,5.0
420035625003,Sheraden,383,40.457388,-80.055536,1132.0,0.0,292.9,0.0,201.7,0.0,11.6,0.0,76.7,0.0,24.3,0.0,17.9,0.0,24.8,0.0,0.0
420039801001,Aspinwall borough,568,40.485757,-79.90953,8.0,0.0,0.0,0.0,0.0,0.0,0.0,0.0,0.0,0.0,0.0,0.0,0.0,0.0,0.0,0.0,0.0
