place,anchor,status,weekday_boardings,stops_now,stops_proposed,n_routes_now,n_routes_proposed,routes_now,routes_proposed,routes_kept,routes_lost,routes_gained
Allegheny Center,Downtown,keeps,897.73,27,18,12,12,1;11;12;13;15;16;17;2;4;6;7;8,11;12;13;14;16;18;2L;4;5;6;7;8,11;12;13;16;4;6;7;8,1;15;17;2,14;18;2L;5
Allegheny Center,Oakland,keeps,897.73,27,18,1,1,54,54,54,,
Allegheny West,Downtown,gains,23.11,11,7,0,1,,14,,,14
Allegheny West,Oakland,keeps,23.11,11,7,1,1,54,54,54,,
Allentown,Downtown,keeps,216.58,19,15,4,3,43;44;48;51L,40;44;48,44;48,43;51L,40
Allentown,Oakland,loses,216.58,19,15,1,0,54,,,54,
"Ambridge borough (Beaver, PA)",Downtown,gains,96.77,15,15,0,1,,14,,,14
"Ambridge borough (Beaver, PA)",Oakland,none either way,96.77,15,15,0,0,,,,,
Arlington-Arlington Heights,Downtown,keeps,166.62,8,8,1,1,48,48,48,,
Arlington-Arlington Heights,Oakland,none either way,166.62,8,8,0,0,,,,,
"Aspinwall borough (Allegheny, PA)",Downtown,keeps,57.47,11,11,2,3,1;91,1L;5;91,91,1,1L;5
"Aspinwall borough (Allegheny, PA)",Oakland,keeps,57.47,11,11,1,1,75,75,75,,
"Avalon borough (Allegheny, PA)",Downtown,keeps,195.43,28,30,2,3,16;19L,14;16;19L,16;19L,,14
"Avalon borough (Allegheny, PA)",Oakland,none either way,195.43,28,30,0,0,,,,,
"Baldwin borough (Allegheny, PA)",Downtown,keeps,242.84,92,30,7,3,44;51;Y1;Y45;Y46;Y47;Y49,46L;49;51,51,44;Y1;Y45;Y46;Y47;Y49,46L;49
"Baldwin borough (Allegheny, PA)",Oakland,none either way,242.84,92,30,0,0,,,,,
Banksville,Downtown,keeps,33.86,13,13,1,1,36,36L,,36,36L
Banksville,Oakland,none either way,33.86,13,13,0,0,,,,,
Bedford Dwellings,Downtown,keeps,187.4,11,12,1,2,83,83;84,83,,84
Bedford Dwellings,Oakland,keeps,187.4,11,12,1,2,83,83;84,83,,84
Beechview,Downtown,keeps,243.3,26,27,3,3,36;41;RED,35;36L;RED,RED,36;41,35;36L
Beechview,Oakland,gains,243.3,26,27,0,1,,35,,,35
"Bellevue borough (Allegheny, PA)",Downtown,keeps,498.72,44,45,3,4,13;16;19L,13;14;16;19L,13;16;19L,,14
"Bellevue borough (Allegheny, PA)",Oakland,none either way,498.72,44,45,0,0,,,,,
Beltzhoover,Downtown,keeps,133.43,37,30,3,3,43;44;48,40;44;48,44;48,43,40
Beltzhoover,Oakland,loses,133.43,37,30,1,0,54,,,54,
"Ben Avon borough (Allegheny, PA)",Downtown,keeps,649.62,15,15,1,2,19L,14;19L,19L,,14
"Ben Avon borough (Allegheny, PA)",Oakland,none either way,649.62,15,15,0,0,,,,,
"Bethel Park municipality (Allegheny, PA)",Downtown,keeps,415.91,25,12,4,3,36;BLUE;RED;SLVR,BLUE;RED;SILVER,BLUE;RED,36;SLVR,SILVER
"Bethel Park municipality (Allegheny, PA)",Oakland,none either way,415.91,25,12,0,0,,,,,
"Blawnox borough (Allegheny, PA)",Downtown,keeps,44.99,13,13,1,1,1,1L,,1,1L
"Blawnox borough (Allegheny, PA)",Oakland,none either way,44.99,13,13,0,0,,,,,
Bloomfield,Downtown,keeps,1560.61,85,75,5,6,77;82;86;87;88,28X;80X;82;86;87;88,82;86;87;88,77,28X;80X
Bloomfield,Oakland,keeps,1560.61,85,75,7,8,54;71A;71C;77;82;93;P3,28X;54;80X;81;82;85;9;P3,54;82;P3,71A;71C;77;93,28X;80X;81;85;9
Bluff,Downtown,keeps,733.79,21,17,16,10,28X;52L;53L;56;57;58;61A;61B;61C;65;67;69;71B;81;82;83,53;56;60X;61X;62X;70;71X;80X;82;83,56;82;83,28X;52L;53L;57;58;61A;61B;61C;65;67;69;71B;81,53;60X;61X;62X;70;71X;80X
Bluff,Oakland,keeps,733.79,21,17,18,11,28X;56;57;58;61A;61B;61C;61D;65;67;69;71A;71B;71C;71D;81;82;83,53;56;60X;61X;62X;70;71X;80X;81;82;83,56;81;82;83,28X;57;58;61A;61B;61C;61D;65;67;69;71A;71B;71C;71D,53;60X;61X;62X;70;71X;80X
Bon Air,Downtown,keeps,9.19,13,2,2,2,BLUE;SLVR,BLUE;SILVER,BLUE,SLVR,SILVER
Bon Air,Oakland,loses,9.19,13,2,1,0,54,,,54,
"Brackenridge borough (Allegheny, PA)",Downtown,loses,4.1,17,13,1,0,P10,,,P10,
"Brackenridge borough (Allegheny, PA)",Oakland,none either way,4.1,17,13,0,0,,,,,
"Braddock Hills borough (Allegheny, PA)",Downtown,keeps,306.44,25,24,3,2,61A;61B;P68,60X;62X,,61A;61B;P68,60X;62X
"Braddock Hills borough (Allegheny, PA)",Oakland,keeps,306.44,25,24,2,2,61A;61B,60X;62X,,61A;61B,60X;62X
"Braddock borough (Allegheny, PA)",Downtown,keeps,233.47,29,17,2,1,61A;61B,60X,,61A;61B,60X
"Braddock borough (Allegheny, PA)",Oakland,keeps,233.47,29,17,2,1,61A;61B,60X,,61A;61B,60X
"Brentwood borough (Allegheny, PA)",Downtown,keeps,673.42,36,33,6,2,44;51;51L;Y1;Y46;Y49,49;51,51,44;51L;Y1;Y46;Y49,49
"Brentwood borough (Allegheny, PA)",Oakland,gains,673.42,36,33,0,1,,45,,,45
"Bridgeville borough (Allegheny, PA)",Downtown,keeps,66.86,27,20,3,1,31;41;G31,31,31,41;G31,
"Bridgeville borough (Allegheny, PA)",Oakland,none either way,66.86,27,20,0,0,,,,,
Brighton Heights,Downtown,keeps,451.21,54,57,4,4,13;16;17;19L,13;14;16;19L,13;16;19L,17,14
Brighton Heights,Oakland,none either way,451.21,54,57,0,0,,,,,
Brookline,Downtown,keeps,417.52,71,72,9,6,39;41;BLUE;SLVR;Y1;Y45;Y46;Y47;Y49,35;39;46L;49;BLUE;SILVER,39;BLUE,41;SLVR;Y1;Y45;Y46;Y47;Y49,35;46L;49;SILVER
Brookline,Oakland,gains,417.52,71,72,0,1,,35,,,35
California-Kirkbride,Downtown,keeps,228.69,18,18,4,3,13;15;16;17,13;14;16,13;16,15;17,14
California-Kirkbride,Oakland,none either way,228.69,18,18,0,0,,,,,
"Carnegie borough (Allegheny, PA)",Downtown,keeps,356.94,26,26,5,5,28X;31;G2;G3;G31,23L;25;28X;31;G1,28X;31,G2;G3;G31,23L;25;G1
"Carnegie borough (Allegheny, PA)",Oakland,keeps,356.94,26,26,1,1,28X,28X,28X,,
Carrick,Downtown,keeps,932.27,42,29,3,1,44;51;51L,51,51,44;51L,
Carrick,Oakland,gains,932.27,42,29,0,1,,45,,,45
"Castle Shannon borough (Allegheny, PA)",Downtown,keeps,157.0,6,6,1,1,RED,RED,RED,,
"Castle Shannon borough (Allegheny, PA)",Oakland,none either way,157.0,6,6,0,0,,,,,
Central Business District,Oakland,keeps,11088.21,68,61,15,14,28X;56;57;58;61A;61B;61C;65;67;69;71B;77;81;82;83,28X;35;53;56;58;60X;61X;62X;70;71X;80X;82;83;84,28X;56;58;82;83,57;61A;61B;61C;65;67;69;71B;77;81,35;53;60X;61X;62X;70;71X;80X;84
Central Lawrenceville,Downtown,keeps,388.92,30,26,3,3,87;88;91,88;91;92,88;91,87,92
Central Lawrenceville,Oakland,keeps,388.92,30,26,2,2,54;93,81;9,,54;93,81;9
Central Northside,Downtown,keeps,472.51,15,17,6,5,11;13;15;16;17;8,11;13;14;16;8,11;13;16;8,15;17,14
Central Northside,Oakland,keeps,472.51,15,17,1,1,54,54,54,,
Central Oakland,Downtown,keeps,646.19,8,6,10,8,28X;58;61A;61B;61C;67;69;71B;81;83,28X;35;60X;61X;62X;70;71X;80X,28X,58;61A;61B;61C;67;69;71B;81;83,35;60X;61X;62X;70;71X;80X
Chartiers City,Downtown,loses,20.57,6,0,1,0,27,,,27,
Chartiers City,Oakland,none either way,20.57,6,0,0,0,,,,,
Chateau,Downtown,keeps,965.18,20,6,3,4,BLUE;RED;SLVR,13;BLUE;RED;SILVER,BLUE;RED,SLVR,13;SILVER
Chateau,Oakland,keeps,965.18,20,6,1,1,54,54,54,,
"Cheswick borough (Allegheny, PA)",Downtown,keeps,31.22,12,12,2,1,1;P10,1L,,1;P10,1L
"Cheswick borough (Allegheny, PA)",Oakland,none either way,31.22,12,12,0,0,,,,,
"Churchill borough (Allegheny, PA)",Downtown,keeps,11.62,7,9,3,3,67;P16;P67,67;73L;77L,67,P16;P67,73L;77L
"Churchill borough (Allegheny, PA)",Oakland,loses,11.62,7,9,1,0,67,,,67,
"Clairton city (Allegheny, PA)",Downtown,keeps,276.91,48,48,1,1,Y46,46L,,Y46,46L
"Clairton city (Allegheny, PA)",Oakland,none either way,276.91,48,48,0,0,,,,,
"Collier township (Allegheny, PA)",Downtown,keeps,117.56,20,22,3,2,31;38;G31,31;38,31;38,G31,
"Collier township (Allegheny, PA)",Oakland,none either way,117.56,20,22,0,0,,,,,
"Coraopolis borough (Allegheny, PA)",Downtown,keeps,113.87,19,19,1,1,21,21,21,,
"Coraopolis borough (Allegheny, PA)",Oakland,none either way,113.87,19,19,0,0,,,,,
Crafton Heights,Downtown,keeps,135.45,28,30,4,4,26;27;29;31,26;27;29;31,26;27;29;31,,
Crafton Heights,Oakland,none either way,135.45,28,30,0,0,,,,,
"Crafton borough (Allegheny, PA)",Downtown,keeps,359.74,31,29,7,7,26;27;28X;29;G2;G3;G31,23L;25;26;27;28X;29;G1,26;27;28X;29,G2;G3;G31,23L;25;G1
"Crafton borough (Allegheny, PA)",Oakland,keeps,359.74,31,29,1,1,28X,28X,28X,,
Crawford-Roberts,Downtown,keeps,645.17,41,30,7,7,61A;61B;61C;71B;81;82;83,60X;61X;62X;71X;80X;82;83,82;83,61A;61B;61C;71B;81,60X;61X;62X;71X;80X
Crawford-Roberts,Oakland,keeps,645.17,41,30,7,8,61A;61B;61C;71B;81;82;83,60X;61X;62X;71X;80X;81;82;83,81;82;83,61A;61B;61C;71B,60X;61X;62X;71X;80X
"Dormont borough (Allegheny, PA)",Downtown,keeps,99.62,19,21,3,3,36;41;RED,35;36L;RED,RED,36;41,35;36L
"Dormont borough (Allegheny, PA)",Oakland,gains,99.62,19,21,0,1,,35,,,35
"Dravosburg borough (Allegheny, PA)",Downtown,keeps,31.48,6,10,1,1,56,56,56,,
"Dravosburg borough (Allegheny, PA)",Oakland,keeps,31.48,6,10,1,1,56,56,56,,
Duquesne Heights,Downtown,keeps,113.51,15,15,14,11,20;21;22;24;26;27;28X;29;31;38;40;G2;G3;G31,21;22;23L;24;25;26;27;29;31;38;40,21;22;24;26;27;29;31;38;40,20;28X;G2;G3;G31,23L;25
Duquesne Heights,Oakland,loses,113.51,15,15,1,0,28X,,,28X,
"Duquesne city (Allegheny, PA)",Downtown,keeps,538.79,81,77,3,2,52L;61C;P7,52L;61X,52L,61C;P7,61X
"Duquesne city (Allegheny, PA)",Oakland,keeps,538.79,81,77,1,1,61C,61X,,61C,61X
East Allegheny,Downtown,keeps,556.82,28,29,10,11,1;11;12;15;17;2;4;6;7;8,11;12;13;16;18;2L;4;5;6;7;8,11;12;4;6;7;8,1;15;17;2,13;16;18;2L;5
East Allegheny,Oakland,keeps,556.82,28,29,1,1,54,54,54,,
East Carnegie,Downtown,keeps,5.34,4,5,1,1,31,31,31,,
East Carnegie,Oakland,none either way,5.34,4,5,0,0,,,,,
"East Deer township (Allegheny, PA)",Downtown,keeps,19.25,18,18,2,1,1;P10,1L,,1;P10,1L
"East Deer township (Allegheny, PA)",Oakland,none either way,19.25,18,18,0,0,,,,,
East Hills,Downtown,keeps,126.07,39,37,3,1,77;86;P17,86,86,77;P17,
East Hills,Oakland,keeps,126.07,39,37,2,1,71D;77,72,,71D;77,72
East Liberty,Downtown,keeps,1928.13,69,71,6,7,71B;77;82;86;87;88,71X;80X;82;86;87;88;92,82;86;87;88,71B;77,71X;80X;92
East Liberty,Oakland,keeps,1928.13,69,71,6,6,71A;71B;71C;75;77;82,45;71X;75;80X;82;85,75;82,71A;71B;71C;77,45;71X;80X;85
"East McKeesport borough (Allegheny, PA)",Downtown,keeps,14.2,4,5,1,1,P76,76L,,P76,76L
"East McKeesport borough (Allegheny, PA)",Oakland,none either way,14.2,4,5,0,0,,,,,
"East Pittsburgh borough (Allegheny, PA)",Downtown,keeps,153.29,24,16,4,2,69;P68;P69;P76,69;76L,69,P68;P69;P76,76L
"East Pittsburgh borough (Allegheny, PA)",Oakland,loses,153.29,24,16,1,0,69,,,69,
"Edgewood borough (Allegheny, PA)",Downtown,keeps,113.86,27,22,5,4,61A;61B;P68;P7;P71,52L;58;60X;62X,,61A;61B;P68;P7;P71,52L;58;60X;62X
"Edgewood borough (Allegheny, PA)",Oakland,keeps,113.86,27,22,2,3,61A;61B,58;60X;62X,,61A;61B,58;60X;62X
"Edgeworth borough (Allegheny, PA)",Downtown,gains,6.25,13,13,0,1,,14,,,14
"Edgeworth borough (Allegheny, PA)",Oakland,none either way,6.25,13,13,0,0,,,,,
"Elizabeth borough (Allegheny, PA)",Downtown,keeps,32.57,1,1,1,1,Y46,46L,,Y46,46L
"Elizabeth borough (Allegheny, PA)",Oakland,none either way,32.57,1,1,0,0,,,,,
Elliott,Downtown,keeps,186.67,20,20,12,9,20;21;22;24;26;27;28X;29;31;G2;G3;G31,21;22;23L;24;25;26;27;29;31,21;22;24;26;27;29;31,20;28X;G2;G3;G31,23L;25
Elliott,Oakland,loses,186.67,20,20,1,0,28X,,,28X,
"Emsworth borough (Allegheny, PA)",Downtown,keeps,168.03,29,30,1,2,19L,14;19L,19L,,14
"Emsworth borough (Allegheny, PA)",Oakland,none either way,168.03,29,30,0,0,,,,,
Esplen,Downtown,keeps,28.81,7,10,4,4,20;21;22;24,21;22;24;27,21;22;24,20,27
Esplen,Oakland,none either way,28.81,7,10,0,0,,,,,
"Etna borough (Allegheny, PA)",Downtown,keeps,83.15,27,26,3,2,1;2;P13,2L;5,,1;2;P13,2L;5
"Etna borough (Allegheny, PA)",Oakland,none either way,83.15,27,26,0,0,,,,,
Fairywood,Downtown,keeps,57.89,9,9,1,1,27,27,27,,
Fairywood,Oakland,none either way,57.89,9,9,0,0,,,,,
"Findlay township (Allegheny, PA)",Downtown,keeps,0.0,1,2,1,1,65,58,,65,58
"Findlay township (Allegheny, PA)",Oakland,keeps,0.0,1,2,2,2,65;93,58;93,93,65,58
Fineview,Downtown,keeps,28.39,10,14,1,1,11,11,11,,
Fineview,Oakland,none either way,28.39,10,14,0,0,,,,,
"Forest Hills borough (Allegheny, PA)",Downtown,keeps,156.62,28,26,4,2,69;P68;P69;P76,69;76L,69,P68;P69;P76,76L
"Forest Hills borough (Allegheny, PA)",Oakland,loses,156.62,28,26,1,0,69,,,69,
"Fox Chapel borough (Allegheny, PA)",Downtown,none either way,0.0,1,1,0,0,,,,,
"Fox Chapel borough (Allegheny, PA)",Oakland,keeps,0.0,1,1,1,1,75,75,75,,
Friendship,Downtown,keeps,519.99,15,13,4,4,77;82;86;87,80X;82;86;87,82;86;87,77,80X
Friendship,Oakland,keeps,519.99,15,13,4,3,71A;71C;77;82,80X;82;85,82,71A;71C;77,80X;85
Garfield,Downtown,keeps,190.67,37,42,2,2,87;88,87;88,87;88,,
Garfield,Oakland,keeps,190.67,37,42,1,1,71A,85,,71A,85
"Glassport borough (Allegheny, PA)",Downtown,none either way,114.37,28,28,0,0,,,,,
"Glassport borough (Allegheny, PA)",Oakland,none either way,114.37,28,28,0,0,,,,,
Glen Hazel,Downtown,keeps,107.77,16,17,1,1,57,57,57,,
Glen Hazel,Oakland,keeps,107.77,16,17,2,1,57;93,93,93,57,
"Glen Osborne borough (Allegheny, PA)",Downtown,gains,2.64,11,11,0,1,,14,,,14
"Glen Osborne borough (Allegheny, PA)",Oakland,none either way,2.64,11,11,0,0,,,,,
"Glenfield borough (Allegheny, PA)",Downtown,gains,2.48,2,2,0,1,,14,,,14
"Glenfield borough (Allegheny, PA)",Oakland,none either way,2.48,2,2,0,0,,,,,
"Green Tree borough (Allegheny, PA)",Downtown,keeps,140.68,35,37,2,2,31;38,31;38,31;38,,
"Green Tree borough (Allegheny, PA)",Oakland,none either way,140.68,35,37,0,0,,,,,
Greenfield,Downtown,keeps,552.36,71,62,5,3,52L;53L;58;61C;65,53;58;61X,58,52L;53L;61C;65,53;61X
Greenfield,Oakland,keeps,552.36,71,62,5,5,58;61C;61D;65;93,50;53;58;61X;93,58;93,61C;61D;65,50;53;61X
"Hampton township (Allegheny, PA)",Downtown,keeps,14.96,14,4,2,1,2;P13,2L,,2;P13,2L
"Hampton township (Allegheny, PA)",Oakland,none either way,14.96,14,4,0,0,,,,,
"Harmar township (Allegheny, PA)",Downtown,keeps,119.17,29,28,4,2,1;P10;P16;P78,1L;78,,1;P10;P16;P78,1L;78
"Harmar township (Allegheny, PA)",Oakland,none either way,119.17,29,28,0,0,,,,,
"Harrison township (Allegheny, PA)",Downtown,loses,11.73,37,32,1,0,P10,,,P10,
"Harrison township (Allegheny, PA)",Oakland,none either way,11.73,37,32,0,0,,,,,
Hays,Downtown,keeps,13.24,7,7,1,1,56,56,56,,
Hays,Oakland,keeps,13.24,7,7,1,1,56,56,56,,
"Haysville borough (Allegheny, PA)",Downtown,gains,0.19,1,1,0,1,,14,,,14
"Haysville borough (Allegheny, PA)",Oakland,none either way,0.19,1,1,0,0,,,,,
Hazelwood,Downtown,keeps,557.15,71,74,7,5,52L;53L;56;57;58;61C;65,53;56;57;58;61X,56;57;58,52L;53L;61C;65,53;61X
Hazelwood,Oakland,keeps,557.15,71,74,7,6,56;57;58;61C;61D;65;93,50;53;56;58;61X;93,56;58;93,57;61C;61D;65,50;53;61X
"Heidelberg borough (Allegheny, PA)",Downtown,keeps,17.67,10,10,2,1,31;G31,31,31,G31,
"Heidelberg borough (Allegheny, PA)",Oakland,none either way,17.67,10,10,0,0,,,,,
Highland Park,Downtown,keeps,227.85,23,28,2,3,71B;P10,1L;71X;92,,71B;P10,1L;71X;92
Highland Park,Oakland,keeps,227.85,23,28,3,3,71A;71B;75,71X;75;85,75,71A;71B,71X;85
"Homestead borough (Allegheny, PA)",Downtown,keeps,1115.3,35,34,4,3,52L;53L;57;61C,53;57;61X,57,52L;53L;61C,53;61X
"Homestead borough (Allegheny, PA)",Oakland,keeps,1115.3,35,34,3,3,57;61C;61D,50;53;61X,,57;61C;61D,50;53;61X
Homewood North,Downtown,keeps,268.01,30,34,4,2,77;82;86;P17,82;86,82;86,77;P17,
Homewood North,Oakland,keeps,268.01,30,34,2,1,77;82,82,82,77,
Homewood South,Downtown,keeps,696.27,44,42,12,9,77;86;P1;P12;P16;P67;P68;P69;P7;P71;P76;P78,52L;67;69;73L;76L;77L;78;86;P1,86;P1,77;P12;P16;P67;P68;P69;P7;P71;P76;P78,52L;67;69;73L;76L;77L;78
Homewood South,Oakland,keeps,696.27,44,42,3,2,71D;77;P3,72;P3,P3,71D;77,72
Homewood West,Downtown,keeps,88.96,21,19,5,3,77;82;86;P10;P17,1L;82;86,82;86,77;P10;P17,1L
Homewood West,Oakland,keeps,88.96,21,19,3,2,71D;77;82,72;82,82,71D;77,72
"Ingram borough (Allegheny, PA)",Downtown,keeps,231.04,29,26,7,7,26;27;28X;29;G2;G3;G31,23L;25;26;27;28X;29;G1,26;27;28X;29,G2;G3;G31,23L;25;G1
"Ingram borough (Allegheny, PA)",Oakland,keeps,231.04,29,26,1,1,28X,28X,28X,,
"Jefferson Hills borough (Allegheny, PA)",Downtown,keeps,67.09,44,44,2,1,Y1;Y46,46L,,Y1;Y46,46L
"Jefferson Hills borough (Allegheny, PA)",Oakland,none either way,67.09,44,44,0,0,,,,,
"Kennedy township (Allegheny, PA)",Downtown,keeps,139.38,66,30,3,2,20;22;24,22;24,22;24,20,
"Kennedy township (Allegheny, PA)",Oakland,none either way,139.38,66,30,0,0,,,,,
Knoxville,Downtown,keeps,324.71,29,14,3,2,44;51;51L,44;51,44;51,51L,
Knoxville,Oakland,keeps,324.71,29,14,1,1,54,45,,54,45
Larimer,Downtown,keeps,311.67,47,40,7,8,28X;77;82;86;88;P10;P17,1L;28X;80X;82;86;87;88;92,28X;82;86;88,77;P10;P17,1L;80X;87;92
Larimer,Oakland,keeps,311.67,47,40,5,5,28X;71C;75;77;82,28X;45;75;80X;82,28X;75;82,71C;77,45;80X
"Leetsdale borough (Allegheny, PA)",Downtown,gains,59.76,20,20,0,1,,14,,,14
"Leetsdale borough (Allegheny, PA)",Oakland,none either way,59.76,20,20,0,0,,,,,
Lincoln Place,Downtown,keeps,146.81,26,26,2,2,53L;56,53;56,56,53L,53
Lincoln Place,Oakland,keeps,146.81,26,26,1,2,56,53;56,56,,53
Lincoln-Lemington-Belmar,Downtown,keeps,387.68,69,64,3,2,82;P10;P17,1L;82,82,P10;P17,1L
Lincoln-Lemington-Belmar,Oakland,keeps,387.68,69,64,1,1,82,82,82,,
Lower Lawrenceville,Downtown,keeps,258.24,32,34,4,6,86;87;88;91,84;86;87;88;91;92,86;87;88;91,,84;92
Lower Lawrenceville,Oakland,keeps,258.24,32,34,2,4,54;93,54;81;84;9,54,93,81;84;9
Manchester,Downtown,keeps,186.58,25,20,2,2,13;17,13;14,13,17,14
Manchester,Oakland,none either way,186.58,25,20,0,0,,,,,
Marshall-Shadeland,Downtown,keeps,419.04,40,41,3,3,13;16;17,13;14;16,13;16,17,14
Marshall-Shadeland,Oakland,none either way,419.04,40,41,0,0,,,,,
"McCandless township (Allegheny, PA)",Downtown,keeps,230.01,100,26,5,3,12;2;O12;O5;P13,12;12L;18,12,2;O12;O5;P13,12L;18
"McCandless township (Allegheny, PA)",Oakland,gains,230.01,100,26,0,1,,9,,,9
"McKees Rocks borough (Allegheny, PA)",Downtown,keeps,565.95,51,46,4,4,20;21;22;24,21;22;24;27,21;22;24,20,27
"McKees Rocks borough (Allegheny, PA)",Oakland,none either way,565.95,51,46,0,0,,,,,
"McKeesport city (Allegheny, PA)",Downtown,keeps,885.06,117,135,5,3,52L;56;61C;P7;P76,52L;56;61X,52L;56,61C;P7;P76,61X
"McKeesport city (Allegheny, PA)",Oakland,keeps,885.06,117,135,2,2,56;61C,56;61X,56,61C,61X
Middle Hill,Downtown,keeps,415.15,26,32,3,3,81;82;83,82;83;84,82;83,81,84
Middle Hill,Oakland,keeps,415.15,26,32,3,4,81;82;83,81;82;83;84,81;82;83,,84
"Millvale borough (Allegheny, PA)",Downtown,keeps,83.76,10,15,2,2,1;2,2L;5,,1;2,2L;5
"Millvale borough (Allegheny, PA)",Oakland,gains,83.76,10,15,0,1,,9,,,9
"Monroeville municipality (Allegheny, PA)",Downtown,keeps,289.6,116,115,7,3,67;69;77;P12;P67;P68;P69,67;69;73L,67;69,77;P12;P67;P68;P69,73L
"Monroeville municipality (Allegheny, PA)",Oakland,loses,289.6,116,115,3,0,67;69;77,,,67;69;77,
"Moon township (Allegheny, PA)",Downtown,keeps,107.68,18,22,24,30,20;21;29;39;40;41;43;44;48;51;61A;61B;61C;71B;88;G2;G3;P1;P12;P16;P67;Y46;Y47;Y49,21;22;23L;28X;29;39;40;44;46L;48;49;51;52L;53;56;57;58;60X;61X;62X;71X;77L;80X;86;87;88;91;92;G1;P1,21;29;39;40;44;48;51;88;P1,20;41;43;61A;61B;61C;71B;G2;G3;P12;P16;P67;Y46;Y47;Y49,22;23L;28X;46L;49;52L;53;56;57;58;60X;61X;62X;71X;77L;80X;86;87;91;92;G1
"Moon township (Allegheny, PA)",Oakland,keeps,107.68,18,22,5,9,54;61A;61B;61C;71B,28X;53;56;58;60X;61X;62X;71X;80X,,54;61A;61B;61C;71B,28X;53;56;58;60X;61X;62X;71X;80X
Morningside,Downtown,keeps,184.47,40,35,1,1,87,92,,87,92
Morningside,Oakland,keeps,184.47,40,35,1,1,75,75,75,,
"Mount Lebanon township (Allegheny, PA)",Downtown,keeps,191.06,98,68,4,4,36;38;41;RED,35;36L;38;RED,38;RED,36;41,35;36L
"Mount Lebanon township (Allegheny, PA)",Oakland,gains,191.06,98,68,0,1,,35,,,35
"Mount Oliver borough (Allegheny, PA)",Downtown,keeps,453.58,15,14,4,3,44;48;51;51L,44;48;51,44;48;51,51L,
"Mount Oliver borough (Allegheny, PA)",Oakland,keeps,453.58,15,14,1,1,54,45,,54,45
Mount Washington,Downtown,keeps,491.8,97,66,15,10,39;40;41;43;44;48;51L;BLUE;RED;SLVR;Y1;Y45;Y46;Y47;Y49,35;39;40;44;46L;48;49;BLUE;RED;SILVER,39;40;44;48;BLUE;RED,41;43;51L;SLVR;Y1;Y45;Y46;Y47;Y49,35;46L;49;SILVER
Mount Washington,Oakland,keeps,491.8,97,66,1,1,54,35,,54,35
Mt. Oliver,Downtown,keeps,5.14,13,10,1,1,44,44,44,,
Mt. Oliver,Oakland,none either way,5.14,13,10,0,0,,,,,
"Munhall borough (Allegheny, PA)",Downtown,keeps,189.88,49,52,3,2,52L;53L;61C,53;61X,,52L;53L;61C,53;61X
"Munhall borough (Allegheny, PA)",Oakland,keeps,189.88,49,52,1,2,61C,53;61X,,61C,53;61X
"Neville township (Allegheny, PA)",Downtown,keeps,97.37,36,36,1,1,21,21,21,,
"Neville township (Allegheny, PA)",Oakland,none either way,97.37,36,36,0,0,,,,,
New Homestead,Downtown,keeps,6.1,3,3,1,1,56,56,56,,
New Homestead,Oakland,keeps,6.1,3,3,1,1,56,56,56,,
"New Kensington city (Westmoreland, PA)",Downtown,keeps,137.43,4,3,1,1,1,1L,,1,1L
"New Kensington city (Westmoreland, PA)",Oakland,none either way,137.43,4,3,0,0,,,,,
"North Braddock borough (Allegheny, PA)",Downtown,keeps,245.73,54,51,5,3,61A;61B;69;P68;P69,60X;62X;69,69,61A;61B;P68;P69,60X;62X
"North Braddock borough (Allegheny, PA)",Oakland,keeps,245.73,54,51,3,2,61A;61B;69,60X;62X,,61A;61B;69,60X;62X
"North Fayette township (Allegheny, PA)",Downtown,keeps,110.26,17,18,1,2,29,24;29,29,,24
"North Fayette township (Allegheny, PA)",Oakland,none either way,110.26,17,18,0,0,,,,,
North Oakland,Downtown,keeps,2782.7,41,35,12,10,28X;58;61A;61B;61C;67;69;71B;77;81;82;83,28X;35;60X;61X;62X;70;71X;80X;82;83,28X;82;83,58;61A;61B;61C;67;69;71B;77;81,35;60X;61X;62X;70;71X;80X
North Shore,Downtown,keeps,264.86,8,6,16,15,1;11;12;13;15;16;17;2;4;6;7;8;BLUE;P13;RED;SLVR,11;12;13;14;16;18;2L;4;5;6;7;8;BLUE;RED;SILVER,11;12;13;16;4;6;7;8;BLUE;RED,1;15;17;2;P13;SLVR,14;18;2L;5;SILVER
North Shore,Oakland,keeps,264.86,8,6,1,1,54,54,54,,
"North Versailles township (Allegheny, PA)",Downtown,keeps,228.62,63,39,1,1,P76,76L,,P76,76L
"North Versailles township (Allegheny, PA)",Oakland,none either way,228.62,63,39,0,0,,,,,
Northview Heights,Downtown,keeps,240.15,22,22,2,3,12;6,12;18;6,12;6,,18
Northview Heights,Oakland,none either way,240.15,22,22,0,0,,,,,
"O'Hara township (Allegheny, PA)",Downtown,keeps,156.3,45,41,2,2,1;91,1L;91,91,1,1L
"O'Hara township (Allegheny, PA)",Oakland,keeps,156.3,45,41,1,1,75,75,75,,
"Oakmont borough (Allegheny, PA)",Downtown,keeps,30.19,30,18,2,1,P16;P78,78,,P16;P78,78
"Oakmont borough (Allegheny, PA)",Oakland,none either way,30.19,30,18,0,0,,,,,
Oakwood,Downtown,keeps,68.39,9,9,5,5,28X;31;G2;G3;G31,23L;25;28X;31;G1,28X;31,G2;G3;G31,23L;25;G1
Oakwood,Oakland,keeps,68.39,9,9,1,1,28X,28X,28X,,
Overbrook,Downtown,keeps,67.1,13,14,5,2,Y1;Y45;Y46;Y47;Y49,46L;49,,Y1;Y45;Y46;Y47;Y49,46L;49
Overbrook,Oakland,none either way,67.1,13,14,0,0,,,,,
"Penn Hills township (Allegheny, PA)",Downtown,keeps,561.02,268,223,4,3,77;P16;P17;P78,77L;78;86,,77;P16;P17;P78,77L;78;86
"Penn Hills township (Allegheny, PA)",Oakland,loses,561.02,268,223,1,0,77,,,77,
Perry North,Downtown,keeps,319.96,34,30,4,4,12;15;4;8,12;18;6;8,12;8,15;4,18;6
Perry North,Oakland,none either way,319.96,34,30,0,0,,,,,
Perry South,Downtown,keeps,441.52,64,49,5,4,11;15;16;17;8,11;14;16;8,11;16;8,15;17,14
Perry South,Oakland,none either way,441.52,64,49,0,0,,,,,
"Pitcairn borough (Allegheny, PA)",Downtown,keeps,2.0,3,3,2,1,69;P69,69,69,P69,
"Pitcairn borough (Allegheny, PA)",Oakland,loses,2.0,3,3,1,0,69,,,69,
"Pleasant Hills borough (Allegheny, PA)",Downtown,keeps,149.04,29,28,4,3,51;Y1;Y46;Y47,46L;49;51,51,Y1;Y46;Y47,46L;49
"Pleasant Hills borough (Allegheny, PA)",Oakland,none either way,149.04,29,28,0,0,,,,,
"Plum borough (Allegheny, PA)",Downtown,keeps,22.62,36,2,3,1,77;P12;P16,73L,,77;P12;P16,73L
"Plum borough (Allegheny, PA)",Oakland,loses,22.62,36,2,1,0,77,,,77,
Point Breeze,Downtown,keeps,205.82,38,31,6,5,28X;61A;61B;67;69;P71,58;60X;62X;70;88,,28X;61A;61B;67;69;P71,58;60X;62X;70;88
Point Breeze,Oakland,keeps,205.82,38,31,7,5,28X;61A;61B;67;69;71C;71D,58;60X;62X;70;72,,28X;61A;61B;67;69;71C;71D,58;60X;62X;70;72
Point Breeze North,Downtown,keeps,170.83,16,16,4,6,28X;67;69;88,58;70;80X;87;88;92,88,28X;67;69,58;70;80X;87;92
Point Breeze North,Oakland,keeps,170.83,16,16,5,5,28X;67;69;71C;71D,45;58;70;72;80X,,28X;67;69;71C;71D,45;58;70;72;80X
Polish Hill,Downtown,keeps,150.47,27,23,17,15,77;86;87;88;91;P1;P10;P12;P16;P17;P67;P68;P69;P7;P71;P76;P78,1L;52L;67;69;73L;76L;77L;78;84;86;87;88;91;92;P1,86;87;88;91;P1,77;P10;P12;P16;P17;P67;P68;P69;P7;P71;P76;P78,1L;52L;67;69;73L;76L;77L;78;84;92
Polish Hill,Oakland,keeps,150.47,27,23,2,2,54;77,54;84,54,77,84
"Rankin borough (Allegheny, PA)",Downtown,keeps,85.32,21,16,3,3,61B;P7;P71,52L;60X;62X,,61B;P7;P71,52L;60X;62X
"Rankin borough (Allegheny, PA)",Oakland,keeps,85.32,21,16,1,2,61B,60X;62X,,61B,60X;62X
Regent Square,Downtown,keeps,34.43,9,9,3,3,61A;61B;P71,58;60X;62X,,61A;61B;P71,58;60X;62X
Regent Square,Oakland,keeps,34.43,9,9,2,3,61A;61B,58;60X;62X,,61A;61B,58;60X;62X
"Reserve township (Allegheny, PA)",Downtown,loses,16.21,46,0,2,0,4;7,,,4;7,
"Reserve township (Allegheny, PA)",Oakland,none either way,16.21,46,0,0,0,,,,,
Ridgemont,Downtown,gains,1.19,5,6,0,1,,53,,,53
Ridgemont,Oakland,gains,1.19,5,6,0,1,,53,,,53
"Robinson township (Allegheny, PA)",Downtown,keeps,489.33,54,61,3,3,24;28X;29,24;25;29,24;29,28X,25
"Robinson township (Allegheny, PA)",Oakland,loses,489.33,54,61,1,0,28X,,,28X,
"Ross township (Allegheny, PA)",Downtown,keeps,458.72,153,92,10,9,12;13;17;2;4;8;O1;O12;O5;P13,10L;12;12L;13;18;2L;5;6;8,12;13;8,17;2;4;O1;O12;O5;P13,10L;12L;18;2L;5;6
"Ross township (Allegheny, PA)",Oakland,gains,458.72,153,92,0,1,,9,,,9
"Scott township (Allegheny, PA)",Downtown,keeps,219.1,100,51,4,3,31;38;41;G31,31;35;38,31;38,41;G31,35
"Scott township (Allegheny, PA)",Oakland,gains,219.1,100,51,0,1,,35,,,35
"Sewickley borough (Allegheny, PA)",Downtown,keeps,60.98,23,18,1,1,21,14,,21,14
"Sewickley borough (Allegheny, PA)",Oakland,none either way,60.98,23,18,0,0,,,,,
Shadyside,Downtown,keeps,3468.38,78,66,18,17,28X;71B;77;82;86;88;P1;P10;P12;P16;P17;P67;P68;P69;P7;P71;P76;P78,1L;28X;52L;67;69;71X;73L;76L;77L;78;80X;82;86;87;88;92;P1,28X;82;86;88;P1,71B;77;P10;P12;P16;P17;P67;P68;P69;P7;P71;P76;P78,1L;52L;67;69;71X;73L;76L;77L;78;80X;87;92
Shadyside,Oakland,keeps,3468.38,78,66,9,9,28X;71A;71B;71C;71D;75;77;82;P3,28X;45;71X;72;75;80X;82;85;P3,28X;75;82;P3,71A;71B;71C;71D;77,45;71X;72;80X;85
"Shaler township (Allegheny, PA)",Downtown,keeps,54.27,55,57,2,2,2;P13,2L;5,,2;P13,2L;5
"Shaler township (Allegheny, PA)",Oakland,none either way,54.27,55,57,0,0,,,,,
"Sharpsburg borough (Allegheny, PA)",Downtown,keeps,314.88,36,36,2,3,1;91,1L;5;91,91,1,1L;5
"Sharpsburg borough (Allegheny, PA)",Oakland,keeps,314.88,36,36,1,1,75,75,75,,
Sheraden,Downtown,keeps,472.14,43,41,6,5,26;27;28X;G2;G3;G31,23L;25;26;28X;G1,26;28X,27;G2;G3;G31,23L;25;G1
Sheraden,Oakland,keeps,472.14,43,41,1,1,28X,28X,28X,,
South Oakland,Downtown,keeps,303.66,19,24,13,13,28X;56;57;58;61A;61B;61C;65;67;69;71B;81;83,28X;35;53;56;58;60X;61X;62X;70;71X;80X;83;84,28X;56;58;83,57;61A;61B;61C;65;67;69;71B;81,35;53;60X;61X;62X;70;71X;80X;84
"South Park township (Allegheny, PA)",Downtown,loses,2.15,14,0,1,0,Y45,,,Y45,
"South Park township (Allegheny, PA)",Oakland,none either way,2.15,14,0,0,0,,,,,
South Shore,Downtown,keeps,362.57,14,16,29,24,20;21;22;24;26;27;28X;29;31;38;39;40;41;43;44;48;51;51L;BLUE;G2;G3;G31;RED;SLVR;Y1;Y45;Y46;Y47;Y49,21;22;23L;24;25;26;27;28X;29;31;35;38;39;40;44;46L;48;49;51;57;BLUE;G1;RED;SILVER,21;22;24;26;27;28X;29;31;38;39;40;44;48;51;BLUE;RED,20;41;43;51L;G2;G3;G31;SLVR;Y1;Y45;Y46;Y47;Y49,23L;25;35;46L;49;57;G1;SILVER
South Shore,Oakland,keeps,362.57,14,16,1,2,28X,28X;35,28X,,35
South Side Flats,Downtown,keeps,1950.8,44,45,4,5,48;51;81;83,48;51;57;83;84,48;51;83,81,57;84
South Side Flats,Oakland,keeps,1950.8,44,45,4,5,54;75;81;83,45;54;72;83;84,54;83,75;81,45;72;84
South Side Slopes,Downtown,keeps,395.96,39,39,3,3,43;48;51,40;48;51,48;51,43,40
South Side Slopes,Oakland,keeps,395.96,39,39,1,1,54,45,,54,45
Spring Garden,Downtown,keeps,20.82,26,17,2,2,6;7,6;7,6;7,,
Spring Garden,Oakland,none either way,20.82,26,17,0,0,,,,,
Spring Hill-City View,Downtown,keeps,122.26,31,33,2,3,12;6,12;18;6,12;6,,18
Spring Hill-City View,Oakland,none either way,122.26,31,33,0,0,,,,,
"Springdale borough (Allegheny, PA)",Downtown,keeps,77.51,21,21,2,1,1;P10,1L,,1;P10,1L
"Springdale borough (Allegheny, PA)",Oakland,none either way,77.51,21,21,0,0,,,,,
"Springdale township (Allegheny, PA)",Downtown,keeps,2.2,4,4,2,1,1;P10,1L,,1;P10,1L
"Springdale township (Allegheny, PA)",Oakland,none either way,2.2,4,4,0,0,,,,,
Squirrel Hill North,Downtown,keeps,2322.1,76,63,8,7,28X;58;61A;61B;61C;67;69;71B,28X;35;60X;61X;62X;70;71X,28X,58;61A;61B;61C;67;69;71B,35;60X;61X;62X;70;71X
Squirrel Hill North,Oakland,keeps,2322.1,76,63,10,10,28X;58;61A;61B;61C;61D;67;69;71B;71D,28X;35;45;50;60X;61X;62X;70;71X;72,28X,58;61A;61B;61C;61D;67;69;71B;71D,35;45;50;60X;61X;62X;70;71X;72
Squirrel Hill South,Downtown,keeps,1694.07,65,62,4,4,61A;61B;61C;65,58;60X;61X;62X,,61A;61B;61C;65,58;60X;61X;62X
Squirrel Hill South,Oakland,keeps,1694.07,65,62,6,6,61A;61B;61C;61D;65;93,50;58;60X;61X;62X;93,93,61A;61B;61C;61D;65,50;58;60X;61X;62X
St. Clair,Downtown,keeps,0.0,1,1,1,1,44,44,44,,
St. Clair,Oakland,none either way,0.0,1,1,0,0,,,,,
Stanton Heights,Downtown,keeps,24.24,12,12,1,2,87,87;92,87,,92
Stanton Heights,Oakland,none either way,24.24,12,12,0,0,,,,,
"Stowe township (Allegheny, PA)",Downtown,keeps,420.52,48,48,3,3,21;22;24,21;22;24,21;22;24,,
"Stowe township (Allegheny, PA)",Oakland,none either way,420.52,48,48,0,0,,,,,
Strip District,Downtown,keeps,294.68,24,24,4,6,86;87;88;91,84;86;87;88;91;92,86;87;88;91,,84;92
Strip District,Oakland,keeps,294.68,24,24,1,2,54,54;84,54,,84
Summer Hill,Downtown,keeps,43.2,24,8,7,4,12;15;4;6;7;O12;O5,12;12L;18;6,12;6,15;4;7;O12;O5,12L;18
Summer Hill,Oakland,none either way,43.2,24,8,0,0,,,,,
Swisshelm Park,Downtown,keeps,5.53,3,2,1,1,P71,58,,P71,58
Swisshelm Park,Oakland,gains,5.53,3,2,0,1,,58,,,58
"Swissvale borough (Allegheny, PA)",Downtown,keeps,1049.07,62,60,5,5,61A;61B;P1;P7;P71,52L;58;60X;62X;P1,P1,61A;61B;P7;P71,52L;58;60X;62X
"Swissvale borough (Allegheny, PA)",Oakland,keeps,1049.07,62,60,3,4,61A;61B;P3,58;60X;62X;P3,P3,61A;61B,58;60X;62X
"Tarentum borough (Allegheny, PA)",Downtown,keeps,93.62,30,24,2,1,1;P10,1L,,1;P10,1L
"Tarentum borough (Allegheny, PA)",Oakland,none either way,93.62,30,24,0,0,,,,,
Terrace Village,Downtown,keeps,295.4,36,35,3,3,81;82;83,82;83;84,82;83,81,84
Terrace Village,Oakland,keeps,295.4,36,35,3,4,81;82;83,81;82;83;84,81;82;83,,84
"Trafford borough (Allegheny, PA)",Downtown,loses,0.05,1,0,2,0,69;P69,,,69;P69,
"Trafford borough (Allegheny, PA)",Oakland,loses,0.05,1,0,1,0,69,,,69,
"Trafford borough (Westmoreland, PA)",Downtown,loses,15.19,7,0,2,0,69;P69,,,69;P69,
"Trafford borough (Westmoreland, PA)",Oakland,loses,15.19,7,0,1,0,69,,,69,
Troy Hill,Downtown,keeps,98.92,31,27,3,3,1;2;4,2L;4;5,4,1;2,2L;5
Troy Hill,Oakland,none either way,98.92,31,27,0,0,,,,,
"Turtle Creek borough (Allegheny, PA)",Downtown,keeps,144.76,36,40,3,1,69;P68;P69,69,69,P68;P69,
"Turtle Creek borough (Allegheny, PA)",Oakland,loses,144.76,36,40,1,0,69,,,69,
Upper Hill,Downtown,keeps,168.44,22,20,2,3,82;83,82;83;84,82;83,,84
Upper Hill,Oakland,keeps,168.44,22,20,2,3,82;83,82;83;84,82;83,,84
Upper Lawrenceville,Downtown,keeps,249.06,24,24,2,2,87;91,91;92,91,87,92
Upper Lawrenceville,Oakland,keeps,249.06,24,24,1,1,93,81,,93,81
"Upper St. Clair township (Allegheny, PA)",Downtown,keeps,5.05,1,1,1,1,41,31,,41,31
"Upper St. Clair township (Allegheny, PA)",Oakland,none either way,5.05,1,1,0,0,,,,,
"Verona borough (Allegheny, PA)",Downtown,keeps,26.15,7,6,1,1,P78,78,,P78,78
"Verona borough (Allegheny, PA)",Oakland,none either way,26.15,7,6,0,0,,,,,
"Versailles borough (Allegheny, PA)",Downtown,loses,10.44,16,15,1,0,P76,,,P76,
"Versailles borough (Allegheny, PA)",Oakland,none either way,10.44,16,15,0,0,,,,,
West End,Downtown,keeps,59.91,11,11,5,5,26;27;29;31;38,26;27;29;31;38,26;27;29;31;38,,
West End,Oakland,none either way,59.91,11,11,0,0,,,,,
"West Homestead borough (Allegheny, PA)",Downtown,loses,85.9,4,4,1,0,53L,,,53L,
"West Homestead borough (Allegheny, PA)",Oakland,keeps,85.9,4,4,1,1,61D,50,,61D,50
"West Mifflin borough (Allegheny, PA)",Downtown,keeps,849.47,165,145,8,6,51;52L;53L;56;61C;P7;Y47;Y49,49;51;52L;53;56;61X,51;52L;56,53L;61C;P7;Y47;Y49,49;53;61X
"West Mifflin borough (Allegheny, PA)",Oakland,keeps,849.47,165,145,2,3,56;61C,53;56;61X,56,61C,53;61X
West Oakland,Downtown,keeps,1392.15,31,23,10,10,28X;58;61A;61B;61C;67;69;71B;81;83,28X;35;60X;61X;62X;70;71X;80X;83;84,28X;83,58;61A;61B;61C;67;69;71B;81,35;60X;61X;62X;70;71X;80X;84
"West View borough (Allegheny, PA)",Downtown,keeps,311.78,46,51,2,2,13;8,13;8,13;8,,
"West View borough (Allegheny, PA)",Oakland,none either way,311.78,46,51,0,0,,,,,
Westwood,Downtown,keeps,101.95,19,19,1,1,31,31,31,,
Westwood,Oakland,none either way,101.95,19,19,0,0,,,,,
"Whitaker borough (Allegheny, PA)",Downtown,keeps,48.33,17,19,3,2,52L;61C;P7,52L;61X,52L,61C;P7,61X
"Whitaker borough (Allegheny, PA)",Oakland,keeps,48.33,17,19,1,1,61C,61X,,61C,61X
"White Oak borough (Allegheny, PA)",Downtown,keeps,7.72,10,2,2,1,56;P76,56,56,P76,
"White Oak borough (Allegheny, PA)",Oakland,keeps,7.72,10,2,1,1,56,56,56,,
"Whitehall borough (Allegheny, PA)",Downtown,keeps,250.67,91,68,6,3,51;Y1;Y45;Y46;Y47;Y49,46L;49;51,51,Y1;Y45;Y46;Y47;Y49,46L;49
"Whitehall borough (Allegheny, PA)",Oakland,none either way,250.67,91,68,0,0,,,,,
"Wilkins township (Allegheny, PA)",Downtown,keeps,61.76,17,17,2,1,67;P67,67,67,P67,
"Wilkins township (Allegheny, PA)",Oakland,loses,61.76,17,17,1,0,67,,,67,
"Wilkinsburg borough (Allegheny, PA)",Downtown,keeps,2532.19,160,139,16,13,61A;61B;67;69;86;P1;P12;P16;P17;P67;P68;P69;P7;P71;P76;P78,52L;58;60X;62X;67;69;70;73L;76L;77L;78;88;P1,67;69;P1,61A;61B;86;P12;P16;P17;P67;P68;P69;P7;P71;P76;P78,52L;58;60X;62X;70;73L;76L;77L;78;88
"Wilkinsburg borough (Allegheny, PA)",Oakland,keeps,2532.19,160,139,7,6,61A;61B;67;69;71C;71D;P3,58;60X;62X;70;72;P3,P3,61A;61B;67;69;71C;71D,58;60X;62X;70;72
"Wilmerding borough (Allegheny, PA)",Downtown,keeps,78.79,24,24,2,1,69;P69,69,69,P69,
"Wilmerding borough (Allegheny, PA)",Oakland,loses,78.79,24,24,1,0,69,,,69,
Windgap,Downtown,keeps,58.95,19,10,2,2,26;27,26;27,26;27,,
Windgap,Oakland,none either way,58.95,19,10,0,0,,,,,
