radius_m,cluster_id,place,place_source,primary_street,top_stop_id,top_stop_name,n_stops,span_m,lat,lon,weekday_boardings,saturday_boardings,sunday_boardings,current_routes,stop_ids
400,8407,Lincoln-Lemington-Belmar,boundary,HIGHLAND DR,8407,HIGHLAND DR + JOB CORPS DR,1,0,40.478217,-79.898975,30.5,7.8,5.6,74,8407
400,478,McCandless township,boundary,PRESIDENTIAL DR,22629,PRESIDENTIAL DR AT BABCOCK BLVD FS,3,139,40.586671,-79.999913,19.6,10.0,13.0,O5,478;18699;22629
400,2191,Sewickley borough,boundary,,2191,BANK ST + WALNUT,3,201,40.536907,-80.184798,17.3,7.6,7.6,21,2191;2192;22618
400,4122,Chartiers City,boundary,CHARTIERS AVE,4122,CHARTIERS AVE + KRUPP,4,155,40.458334,-80.069983,16.3,10.4,7.2,27,4122;4123;4180;19215
400,11694,West Mifflin borough,boundary,,22614,HOMEVILLE RD OPP DUQUESNE VILLAGE ENTRANCE #1,14,681,40.363617,-79.869518,15.0,2.2,3.6,52L,11694;11695;11696;11762;11763;11764;11765;21618;21619;22613;22614;22616;22617;22775
400,1785,Perry South,boundary,CHARLES ST,1785,CHARLES ST + IRWIN,2,15,40.466881,-80.01885,11.9,5.6,4.8,15,1785;1811
400,6732,Mount Washington,boundary,,15886,KATHLEEN + HARWOOD,6,268,40.425839,-80.002364,11.1,6.8,3.0,43,6732;6734;15886;15887;19307;19311
400,5931,Bethel Park municipality,boundary,OXFORD DR,5931,OXFORD DR + GIANT EAGLE,2,30,40.346603,-80.048702,11.0,1.6,3.6,36,5931;6018
400,7858,"Trafford borough (Westmoreland, PA)",prt_label,5TH ST,7858,5TH ST + CAVIT,2,80,40.385745,-79.759543,10.5,4.2,3.2,69;P69,7858;20789
400,4121,Windgap,boundary,CHARTIERS AVE,4121,CHARTIERS AVE + MIDDLETOWN,2,52,40.457649,-80.073293,10.1,4.2,4.2,27,4121;4181
400,21543,Carrick,boundary,CUSTER AVE,21543,SPENCER AVE + WATERMAN AVE FS,10,624,40.39321,-79.974084,9.9,0.0,0.0,44,21543;21544;21545;21546;21547;21566;21568;21569;21570;21586
400,15587,McCandless township,boundary,BLAZIER,15587,BLAZIER + GIANT EAGLE,1,0,40.585354,-80.037534,9.8,8.8,4.2,12;O12,15587
400,22839,Ross township,boundary,PERRY HWY,22839,PERRY HWY OPP WASHINGTON BLVD,1,0,40.552532,-80.037792,9.5,4.8,3.4,O12,22839
400,21521,Robinson township,boundary,VILLAGE DR,21521,VILLAGE DR + GROVETON DR,1,0,40.504379,-80.140442,8.8,4.6,6.2,20,21521
400,2299,Robinson township,boundary,VILLAGE DR,2299,VILLAGE DR + LEWIS,1,0,40.506603,-80.14016,8.7,9.0,6.6,20,2299
400,14630,Plum borough,boundary,UNITY TRESTLE RD,14630,UNITY TRESTLE RD + UNIVERSAL RD,2,30,40.490436,-79.783197,7.8,0.0,0.0,77;P16,14630;19798
400,6573,Mount Lebanon township,boundary,GILKESON RD,6573,GALLERIA STOREFRONT + SOUTHEAST ENTRANCE,3,208,40.355796,-80.05121,7.2,3.2,2.4,36,6573;19269;19284
400,21528,Baldwin borough,boundary,CHURCHVIEW GARDEN APARTMENTS,21528,CHURCHVIEW GARDEN APARTMENTS,1,0,40.386074,-79.93805,7.0,0.0,0.0,44,21528
400,2517,Bon Air,boundary,,2518,CAMFIELD ST + BANDI,7,330,40.409306,-79.998623,7.0,2.4,1.4,54,2517;2518;2524;2525;2526;2527;19541
400,3901,Scott township,boundary,CAROTHERS AVE,4054,CAROTHERS AVE + CREEK,4,241,40.400793,-80.088344,6.4,0.0,0.0,G31,3901;3902;4053;4054
400,2722,Spring Garden,boundary,,22620,SPRING GARDEN AVE OPP #2200,10,380,40.472828,-79.986207,6.3,4.0,1.2,4;7,2722;2723;2771;2772;2773;2871;2872;2907;2908;22620
400,11141,North Versailles township,boundary,LINCOLN HWY,11142,LINCOLN HWY + TAYLOR FS,4,181,40.37784,-79.802777,6.2,0.0,0.0,P76,11141;11142;11165;19484
400,22838,Ross township,boundary,PERRY HWY,22838,PERRY HWY OPP TRION RD (PINES PLAZA),1,0,40.548491,-80.036917,5.9,5.2,4.8,O12,22838
400,14634,Penn Hills municipality,boundary,,14634,LEECHBURG RD + BARCKHOFF ST FS,4,112,40.494155,-79.788872,5.8,0.0,0.0,77;P16,14634;19136;19859;20033
400,6571,Mount Lebanon township,boundary,WASHINGTON RD,6571,WASHINGTON RD + ABBYVILLE,2,38,40.352149,-80.050565,5.7,2.4,4.4,36,6571;6611
400,8834,Penn Hills municipality,boundary,GROVE RD,8835,GROVE RD + SELVIN,2,91,40.473516,-79.868325,5.7,4.6,1.4,79;P17,8834;8835
400,22643,Upper St. Clair municipality,boundary,VILLAGE DR,22643,VILLAGE DR AT WASHINGTON RD FS,1,0,40.342759,-80.059774,5.6,3.2,2.2,36,22643
400,11134,North Versailles township,boundary,LINCOLN HWY,11134,LINCOLN HWY + DIX,2,12,40.369117,-79.782571,5.4,0.0,0.0,P76,11134;11172
400,3612,McKees Rocks borough,boundary,CHARTIERS AVE EXT,3612,CHARTIERS AVE EXT + STATE,2,7,40.46669,-80.07975,5.2,3.4,0.2,20,3612;3650
400,6253,Bridgeville borough,boundary,BOWER HILL RD,6253,BOWER HILL RD + SYLVA,2,22,40.362159,-80.09777,5.0,0.6,1.4,41,6253;6442
400,11143,North Versailles township,boundary,LINCOLN HWY,11143,LINCOLN HWY + 3RD,2,26,40.379386,-79.807023,4.6,0.0,0.0,P76,11143;11163
400,22842,McCandless township,boundary,PERRY HWY,22842,PERRY HWY AT CUMBERLAND RD,1,0,40.571787,-80.0369,4.0,4.0,0.8,O12,22842
400,8839,Penn Hills municipality,boundary,CHASKE ST,8840,CHASKE ST + BRAMBLE,2,89,40.474545,-79.866489,3.7,1.8,2.6,79;P17,8839;8840
400,17347,Bethel Park municipality,boundary,VILLAGE DR,17347,VILLAGE DR + SOUTH HIILS VILLAGE PARKING GARAGE,1,0,40.340025,-80.0538,3.6,0.8,2.4,36,17347
400,21555,Baldwin borough,boundary,AGNEW RD,21555,AGNEW RD + PENN ST FS,2,33,40.396457,-79.974101,3.5,0.0,0.0,44,21555;21558
400,21542,Carrick,boundary,SPENCER AVE,21542,SPENCER AVE + STEINER ST,2,84,40.38965,-79.976245,3.4,0.0,0.0,44,21542;21571
400,11425,Baldwin borough,boundary,CHURCHVIEW AVE,11425,CHURCHVIEW AVE + WILLETT,6,338,40.385769,-79.96959,3.4,0.0,0.0,44,11425;21536;21575;21576;21577;21588
400,8836,Penn Hills municipality,boundary,CHASKE ST,8836,GROVE RD + CHASKE,3,224,40.475533,-79.87056,3.4,1.0,1.4,79;P17,8836;8838;22423
400,14636,Penn Hills municipality,boundary,LEECHBURG RD,14636,LEECHBURG RD + SUTTON DR,2,9,40.491817,-79.792822,3.3,0.0,0.0,77;P16,14636;19074
400,5932,Bethel Park municipality,boundary,HIGHLAND RD,19268,HIGHLAND RD + OXFORD,3,143,40.348542,-80.050199,3.3,0.0,2.2,36,5932;19268;19675
400,2798,Summer Hill,boundary,IVORY AVE,21363,IVORY AVE + SCHERLING ST,3,59,40.496107,-80.007605,3.3,0.0,0.4,4;O5,2798;18709;21363
400,8843,Penn Hills municipality,boundary,ABER RD,8843,ABER RD + HARVEST,1,0,40.473329,-79.861619,3.1,4.4,0.6,79;P17,8843
400,14642,Penn Hills municipality,boundary,LEECHBURG RD,14642,LEECHBURG RD + COURTNEY DR,1,0,40.486735,-79.804821,3.1,0.0,0.0,77;P16,14642
400,15122,Penn Hills municipality,boundary,HULTON RD,15122,HULTON RD + HULTON ARBORS,4,105,40.513501,-79.803769,3.1,0.0,0.0,P16,15122;15123;15149;15150
400,21531,Baldwin borough,boundary,CHURCHVIEW AVE,21531,CHURCHVIEW AVE + CATHELL RD,2,25,40.384608,-79.949613,3.1,0.0,0.0,44,21531;21582
400,19080,Plum borough,boundary,,19776,UNITY TRESTLE RD + EAST ALLEY NS,2,101,40.489581,-79.779056,3.0,0.0,0.0,77;P16,19080;19776
400,11135,North Versailles township,boundary,LINCOLN HWY,11135,LINCOLN HWY + LEUHM,2,29,40.37044,-79.786266,2.8,0.0,0.0,P76,11135;11171
400,127,McCandless township,boundary,CORPORATE DR,127,CORPORATE DR + #5700,1,0,40.563606,-80.022751,2.7,1.2,0.2,12,127
400,408,McCandless township,boundary,PEEBLES RD,22621,PEEBLES RD AT DUNCAN AVE NS,3,160,40.567499,-80.006787,2.7,1.8,0.6,2;O5;P13,408;409;22621
400,6915,Baldwin borough,boundary,BLOSSOM DR,6915,BLOSSOM DR + MCANULTY,2,33,40.343896,-79.997061,2.6,0.0,0.0,Y45,6915;18874
400,18856,Baldwin borough,boundary,BLOSSOM DR,20947,BLOSSOM DR + CLELIA DR,4,193,40.344076,-80.001265,2.6,0.0,0.0,Y45,18856;18859;20947;20948
400,1069,McCandless township,boundary,REMINGTON DR,1093,REMINGTON DR + REGENCY,11,532,40.5536,-80.006903,2.6,0.0,0.0,O5,1069;1070;1071;1072;1073;1074;1093;1094;1095;1096;1097
400,21556,Carrick,boundary,AGNEW RD,21556,AGNEW RD + BECKS RUN RD,2,26,40.396971,-79.978397,2.5,0.0,0.0,44,21556;21557
400,802,Ross township,boundary,CONNIE DR,803,CONNIE DR + JACKS RUN,4,154,40.499659,-80.028689,2.5,1.2,0.6,17,802;803;859;913
400,11757,West Mifflin borough,boundary,HOMEVILLE RD,22615,HOMEVILLE RD OPP MUNICIPAL RD,2,25,40.37371,-79.873765,2.4,1.4,2.8,52L,11757;22615
400,14605,Monroeville municipality,boundary,CENTER RD,14605,CENTER RD + LORRAINE DR FS,2,18,40.454582,-79.760292,2.4,0.0,0.0,77,14605;14711
400,21552,Baldwin borough,boundary,AGNEW RD,21552,AGNEW RD + ACADEMY CHARTER SCHOOL DRVWY,2,21,40.399369,-79.967715,2.4,0.0,0.0,44,21552;21561
400,20793,"Trafford borough (Westmoreland, PA)",prt_label,7TH ST,20793,7TH ST + TIMBER LN,1,0,40.388053,-79.748383,2.2,0.2,0.0,69;P69,20793
400,19476,North Versailles township,boundary,LINCOLN HWY,19476,LINCOLN HWY + JACKS RUN RD FS,2,26,40.368359,-79.780691,2.1,0.0,0.0,P76,19476;19482
400,6258,Scott township,boundary,BOWER HILL RD,6258,BOWER HILL RD + ROCKHILL,2,27,40.366716,-80.086342,2.0,0.8,0.4,41,6258;6438
400,414,McCandless township,boundary,,414,PEEBLES RD + REMINGTON,2,18,40.561371,-80.012992,2.0,0.0,0.0,2;O5;P13,414;1078
400,6815,Whitehall borough,boundary,,6931,GARDENVILLE RD + BAPTIST,4,147,40.352226,-80.010205,2.0,0.0,0.0,Y45,6815;6877;6931;6936
400,2778,Reserve township,boundary,MT TROY RD,16347,MT TROY RD + BAUN,2,70,40.481787,-79.98934,1.9,1.8,4.0,4,2778;16347
400,8833,Penn Hills municipality,boundary,GROVE RD,8833,GROVE RD + SUNCREST,1,0,40.470995,-79.866867,1.9,0.8,0.8,79;P17,8833
400,8841,Penn Hills municipality,boundary,CHASKE ST,8841,CHASKE ST + WESTMINSTER,1,0,40.473912,-79.86387,1.8,0.2,0.0,79;P17,8841
400,1059,Ross township,boundary,AMITY DR,1106,AMITY DR + BLAZE,6,313,40.544752,-79.993446,1.8,0.0,0.0,O5,1059;1060;1061;1105;1106;1107
400,1413,Chateau,boundary,WESTERN AVE,1413,WESTERN AVE + MANHATTAN FS,1,0,40.450377,-80.025365,1.8,0.6,2.2,14,1413
400,2499,McCandless township,boundary,FERGUSON RD,3378,FERGUSON RD + POST,2,8,40.563827,-79.990002,1.8,0.0,0.0,2;P13,2499;3378
400,21548,Baldwin borough,boundary,,21548,CUSTER AVE + EDWARD DR,2,15,40.3956,-79.968311,1.7,0.0,0.0,44,21548;21565
400,3374,McCandless township,boundary,FERGUSON RD,3374,FERGUSON RD + THOMPSON RUN RD FS,1,0,40.565739,-79.998253,1.7,0.2,0.0,2;P13,3374
400,3452,Kennedy township,boundary,HERBST RD,3452,HERBST RD + FOREST GROVE,1,0,40.482228,-80.111894,1.7,0.6,1.4,20,3452
400,8519,Greenfield,boundary,BEECHWOOD BLVD,8519,BEECHWOOD BLVD + #3911,1,0,40.428213,-79.933739,1.7,0.0,0.0,52L;53L,8519
400,1066,Ross township,boundary,,1100,CHARTERWOOD DR + MCINTYRE,4,171,40.551922,-80.001547,1.7,0.0,0.0,O5,1066;1068;1098;1100
400,16443,Harrison township,boundary,FREEPORT RD,16443,FREEPORT RD + CALIFORNIA,1,0,40.618413,-79.732157,1.6,0.0,0.0,P10,16443
400,10131,West Mifflin borough,boundary,HWY RT 885,10131,HWY RT 885 + HUSTON,2,20,40.338319,-79.93774,1.6,0.2,0.2,Y47;Y49,10131;10214
400,17212,Baldwin borough,boundary,,17212,CLOVERFIELD ST + AGNEW,2,13,40.398745,-79.964617,1.6,0.0,0.0,44,17212;21562
400,14610,Plum borough,boundary,CENTER RD,14610,CENTER RD + FOUR SEASONS APTS,2,23,40.461038,-79.759504,1.6,0.0,0.0,77,14610;14706
400,13565,Plum borough,boundary,,13640,FIESTA DR + RIVIERA,2,143,40.475008,-79.708346,1.5,0.0,0.0,P12,13565;13640
400,506,McCandless township,boundary,DUNCAN AVE,506,DUNCAN AVE + ROYAL MANOR CT #1,2,9,40.566042,-80.001629,1.5,2.0,0.0,2;P13,506;706
400,3434,Kennedy township,boundary,CORAOPOLIS RD,3434,CORAOPOLIS RD + LONG VALLEY,1,0,40.489929,-80.109089,1.4,0.4,0.0,20,3434
400,5811,Mount Lebanon township,boundary,SWALLOW HILL RD,5811,SWALLOW HILL RD + THE KNOLLS,2,77,40.387603,-80.073862,1.4,1.8,2.4,38,5811;5885
400,20790,"Trafford borough (Westmoreland, PA)",prt_label,FOREST AVE,20790,FOREST AVE + 6TH ST,2,69,40.387058,-79.757362,1.4,0.2,0.2,69;P69,20790;20791
400,3428,Kennedy township,boundary,FOREST GROVE RD,3454,FOREST GROVE RD + #324 (FLAMINGO LANDSCAPE),2,40,40.481068,-80.106327,1.4,0.4,0.0,20,3428;3454
400,3455,Kennedy township,boundary,FOREST GROVE RD,3455,FOREST GROVE RD + DIEBOLD RD,3,103,40.479499,-80.104028,1.4,0.6,0.0,20,3455;3505;22685
400,22840,McCandless township,boundary,PERRY HWY,22840,PERRY HWY AT PERRYMONT RD,1,0,40.556154,-80.038995,1.3,0.6,0.8,O12,22840
400,6585,Mount Lebanon township,boundary,CEDAR BLVD,6585,CEDAR BLVD + GREENHURST,2,35,40.375107,-80.056743,1.3,0.2,0.0,36,6585;6599
400,3453,Kennedy township,boundary,FOREST GROVE RD,3453,FOREST GROVE RD + SPEER,1,0,40.481812,-80.10984,1.2,0.4,0.6,20,3453
400,22357,Harrison township,boundary,BAKERSTOWN RD,22357,BAKERSTOWN RD + BP ENTRANCE FS,2,57,40.66751,-79.712195,1.2,0.0,0.0,P10,22357;22362
400,1056,Ross township,boundary,THOMPSON RUN RD,1110,THOMPSON RUN RD + SANGREE,2,86,40.538527,-79.99006,1.2,0.0,0.0,O5,1056;1110
400,21553,Baldwin borough,boundary,AGNEW RD,21553,AGNEW RD + LAFFERTY DR,2,32,40.398046,-79.96928,1.2,0.0,0.0,44,21553;21560
400,21550,Baldwin borough,boundary,CLOVERFIELD DR,21550,CLOVERFIELD DR + SANDA DR,2,19,40.397397,-79.966045,1.2,0.0,0.0,44,21550;21563
400,2718,Reserve township,boundary,MT TROY RD,2718,MT TROY RD + KINKURA,3,156,40.47912,-79.987209,1.2,0.0,0.0,4;7,2718;2719;2777
400,14747,Penn Hills municipality,boundary,SALTSBURG RD,14747,SALTSBURG RD + REITER RD,1,0,40.476465,-79.780434,1.1,0.0,0.0,77;P16,14747
400,7999,Squirrel Hill South,boundary,BEECHWOOD BLVD,7999,BEECHWOOD BLVD + FOREST GLEN,1,0,40.434269,-79.912188,1.1,0.0,0.0,65,7999
400,3611,Kennedy township,boundary,CHARTIERS AVE EXT,3611,CHARTIERS AVE EXT + #1536,2,6,40.467061,-80.081793,1.1,0.8,1.2,20,3611;3651
400,21534,Baldwin borough,boundary,CHURCHVIEW AVE,21534,CHURCHVIEW AVE + CASTLEVIEW DR,2,10,40.38502,-79.959185,1.1,0.0,0.0,44,21534;21579
400,2292,Kennedy township,boundary,COAROPOLIS RD,2292,COAROPOLIS RD + HERBST RD,2,9,40.501048,-80.114699,1.1,0.8,2.2,20,2292;2401
400,21616,Baldwin borough,boundary,HORNING RD,21616,HORNING RD + #5621,2,8,40.333025,-79.989083,1.0,0.0,0.0,Y45,21616;21647
400,6576,Mount Lebanon township,boundary,GILKESON RD,6576,GILKESON RD + OLD GILKESON,2,28,40.358907,-80.05971,1.0,0.2,0.6,36,6576;6608
400,21549,Baldwin borough,boundary,CLOVERFIELD DR,21549,CLOVERFIELD DR + EDWARD DR FS,2,16,40.394903,-79.966302,1.0,0.0,0.0,44,21549;21564
400,21530,Baldwin borough,boundary,CHURCHVIEW AVE,21530,CHURCHVIEW AVE + REVO DR,2,13,40.386126,-79.94296,1.0,0.0,0.0,44,21530;21583
400,14612,Plum borough,boundary,CENTER RD,14612,CENTER RD + WIMBLEDON DR,2,5,40.467101,-79.757045,0.9,0.0,0.0,77,14612;19801
400,21532,Baldwin borough,boundary,CHURCHVIEW AVE,21532,CHURCHVIEW AVE + GREENGLEN DR,2,17,40.384011,-79.952905,0.9,0.0,0.0,44,21532;21581
400,6865,Whitehall borough,boundary,PROVOST RD,9706,PROVOST RD + BRIGHTVIEW,2,22,40.364804,-79.992154,0.9,0.6,0.0,Y47,6865;9706
400,396,McCandless township,boundary,SPRINGFIELD DR,396,SPRINGFIELD DR + PEEBLE RD FS,2,12,40.579522,-79.994708,0.9,0.0,0.0,O5,396;471
400,1077,McCandless township,boundary,REMINGTON DR,1090,REMINGTON DR + HAZLETT,2,44,40.559955,-80.010828,0.9,0.0,0.0,2;O5;P13,1077;1090
400,858,Ross township,boundary,,860,JACKS RUN RD EXT + YORK,2,26,40.499943,-80.031669,0.9,0.6,0.2,17,858;860
400,20792,"Trafford borough (Westmoreland, PA)",prt_label,7TH ST,20792,7TH ST + PROSPECT,1,0,40.386442,-79.752504,0.9,0.0,0.0,69;P69,20792
400,18654,Scott township,boundary,VANADIUM RD,18654,VANADIUM RD + GREEN COMMONS FS,1,0,40.371625,-80.088843,0.9,0.0,1.6,41,18654
400,6817,Whitehall borough,boundary,BAPTIST RD,6817,BAPTIST RD + WINDVALE,2,7,40.353987,-80.005274,0.9,0.0,0.0,Y45,6817;18877
400,13638,Plum borough,boundary,FIESTA DR,13638,FIESTA DR + SUN VALLEY,1,0,40.471518,-79.707606,0.9,0.0,0.0,P12,13638
400,2497,Hampton township,boundary,FERGUSON RD,3380,FERGUSON RD + LINWOOD #1,2,8,40.55816,-79.984803,0.9,0.0,0.2,2;P13,2497;3380
400,6579,Mount Lebanon township,boundary,CEDAR BLVD,6579,CEDAR BLVD + BEADLING RD,4,153,40.36701,-80.061273,0.9,1.0,0.6,36,6579;6581;6603;6604
400,6577,Mount Lebanon township,boundary,GILKESON RD,6577,GILKESON RD + CEDAR,1,0,40.361648,-80.063758,0.8,0.4,0.0,36,6577
400,3432,Kennedy township,boundary,CORAOPOLIS RD,3432,CORAOPOLIS RD + EHLE AVE,1,0,40.487941,-80.10699,0.8,0.0,0.0,20,3432
400,18853,South Park township,boundary,HORNING RD,18853,HORNING RD + BROUGHTON FS,2,16,40.330705,-79.98831,0.8,0.0,0.0,Y45,18853;20808
400,14643,Penn Hills municipality,boundary,LEECHBURG RD,14643,LEECHBURG RD + CLOVERLEAF RD,2,30,40.486971,-79.808677,0.8,0.0,0.0,77;P16,14643;19067
400,21610,McKeesport city,boundary,LONG RUN RD,21610,LONG RUN RD + LOU WASHOWICH WAY,2,16,40.323032,-79.820881,0.8,0.0,0.0,P76,21610;21611
400,6818,Whitehall borough,boundary,BAPTIST RD,6818,BAPTIST RD + LACHMAN,2,18,40.355632,-80.002883,0.8,0.0,0.0,Y45,6818;6874
400,401,McCandless township,boundary,SAMPLE RD,401,SAMPLE RD + HIGH MEADOW,2,14,40.573411,-79.993675,0.8,0.0,0.0,O5,401;16482
400,1101,Ross township,boundary,MCINTYRE DR,1101,MCINTYRE DR + THOMPSON RUN,2,13,40.552454,-79.998542,0.8,0.0,0.0,O5,1101;19862
400,18645,Scott township,boundary,BOWER HILL RD,18645,BOWER HILL RD + PAINTERS RUN,2,53,40.364433,-80.086756,0.8,0.2,0.0,41,18645;19645
400,11128,White Oak borough,boundary,JACKS RUN RD,11128,JACKS RUN RD + OAK PARK MALL,2,51,40.338007,-79.806976,0.8,0.0,0.0,P76,11128;11178
400,5928,Bethel Park municipality,boundary,FT COUCH RD,5928,FT COUCH RD + MEDICAL ARTS BLDG,1,0,40.340878,-80.052343,0.7,0.0,0.4,36,5928
400,2715,Reserve township,boundary,MT TROY RD,2715,MT TROY RD + GARDENVIEW,2,65,40.48535,-79.991928,0.7,0.4,0.2,4;7,2715;2780
400,11139,North Versailles township,boundary,,11139,LINCOLN OPP BROAD ST,2,41,40.375511,-79.796751,0.7,0.0,0.0,P76,11139;11167
400,18866,South Park township,boundary,ZUPANCIC DR,18866,ZUPANCIC DR + QUAKER,1,0,40.32077,-79.989408,0.7,0.0,0.0,Y45,18866
400,2726,Reserve township,boundary,MT TROY RD,2726,MT TROY RD + HOMESTEAD,2,11,40.472477,-79.983007,0.7,0.4,0.2,4;7,2726;2769
400,10593,White Oak borough,boundary,LONG RUN RD,11126,LONG RUN RD + COOLSPRINGS,2,41,40.332746,-79.813668,0.7,0.0,0.0,P76,10593;11126
400,5800,Scott township,boundary,LINDSAY RD,5800,LINDSAY RD + WYNNECLIFF #1,2,23,40.38373,-80.080411,0.7,0.6,0.0,38,5800;5896
400,1062,Ross township,boundary,AMITY DR,1104,AMITY DR + LINGAY,2,26,40.547561,-79.994631,0.6,0.0,0.0,O5,1062;1104
400,22644,Upper St. Clair municipality,boundary,WASHINGTON RD,22644,WASHINGTON RD AT CONSOL DR FS,1,0,40.345859,-80.057481,0.6,0.0,0.0,36,22644
400,19052,Penn Hills municipality,boundary,LEECHBURG RD,19052,LEECHBURG RD + AUBURN FS,2,10,40.492889,-79.790756,0.6,0.0,0.0,77;P16,19052;19075
400,8406,Lincoln-Lemington-Belmar,boundary,WILTSIE RD,8418,WILTSIE RD + #6903,2,13,40.47379,-79.897653,0.6,1.0,0.2,74,8406;8418
400,2711,Reserve township,boundary,MT TROY RD,2711,MT TROY RD + HOFFMAN,4,142,40.490076,-79.99224,0.5,0.4,0.0,4,2711;2712;2783;2784
400,13611,Monroeville municipality,boundary,BEATTY RD,18611,BEATTY RD + BEATTY POINTE VILLAGE FS,2,8,40.445738,-79.747425,0.5,0.0,0.0,67,13611;18611
400,411,McCandless township,boundary,PEEBLES RD,411,PEEBLES RD + PARKWAY,1,0,40.564091,-80.009728,0.5,0.0,0.0,2;O5;P13,411
400,15746,Mount Lebanon township,boundary,COCHRAN,15746,COCHRAN + ROBINWOOD,2,34,40.390901,-80.059264,0.5,0.2,0.0,38,15746;19603
400,400,McCandless township,boundary,,400,NORTHGATE DR + SAMPLE RD,2,15,40.574703,-79.990581,0.5,0.0,0.0,O5,400;18697
400,21529,Baldwin borough,boundary,,21529,CHURCHVIEW GARDEN APTS DRVWY + CHURCHVIEW AVE,2,15,40.385605,-79.940598,0.5,0.0,0.0,44,21529;21584
400,6953,Baldwin borough,boundary,,20297,BLOSSOM RD + LAUREL DR FS,2,30,40.343505,-79.994337,0.5,0.0,0.0,Y45,6953;20297
400,403,McCandless township,boundary,SAMPLE RD,403,SAMPLE RD + COLLINGTON,3,180,40.571641,-79.998766,0.5,0.0,0.0,O5,403;463;464
400,1044,Ross township,boundary,THOMPSON RUN RD,1121,THOMPSON RUN RD + WOODBRIDGE APTS,4,163,40.517924,-79.993235,0.5,0.0,0.0,O5,1044;1045;1121;1122
400,21554,Baldwin borough,boundary,AGNEW RD,21554,AGNEW RD + JOSEPH ST,2,26,40.396314,-79.971331,0.5,0.0,0.0,44,21554;21559
400,1063,Ross township,boundary,AMITY DR,18708,AMITY DR + THOMPSON RUN,3,163,40.549387,-79.996814,0.5,0.0,0.0,O5,1063;1103;18708
400,5807,Scott township,boundary,LINDSAY RD,5807,LINDSAY RD + CHERRYTREE,2,14,40.385483,-80.073928,0.4,0.6,0.0,38,5807;5889
400,3436,Kennedy township,boundary,CORAOPOLIS RD,3436,CORAOPOLIS RD + HWY RT 51,1,0,40.491904,-80.111687,0.4,0.0,0.0,20,3436
400,3431,Kennedy township,boundary,CORAOPOLIS RD,3431,CORAOPOLIS RD + PORTER HOLLOW,1,0,40.48619,-80.106471,0.4,0.8,0.0,20,3431
400,2859,Reserve township,boundary,RAMAGE RD,2860,RAMAGE RD + CHARLEMMA,3,160,40.490037,-80.00366,0.4,0.0,0.0,7,2859;2860;2918
400,406,McCandless township,boundary,PEEBLES RD,407,PEEBLES RD + LOCUST,4,172,40.570096,-80.003237,0.4,0.0,0.0,2;O5;P13,406;407;460;461
400,3382,Hampton township,boundary,FERGUSON RD,3382,FERGUSON RD + SWEENEY,1,0,40.55785,-79.975678,0.4,0.0,0.0,2;P13,3382
400,2520,Bon Air,boundary,CAMFIELD ST,2520,CAMFIELD ST + GOSSER,1,0,40.405856,-79.998192,0.4,0.0,0.0,54,2520
400,1050,Ross township,boundary,THOMPSON RUN RD,1116,THOMPSON RUN RD + SEIBERT,2,34,40.529072,-79.990306,0.4,0.0,0.0,O5,1050;1116
400,8845,Penn Hills municipality,boundary,ABER RD,8845,ABER RD + #8077,1,0,40.469151,-79.862206,0.4,0.0,0.0,79;P17,8845
400,3379,Hampton township,boundary,FERGUSON RD,3379,FERGUSON RD + LAMMERTON,2,57,40.561491,-79.987551,0.4,0.0,0.6,2;P13,3379;3424
400,507,McCandless township,boundary,DUNCAN AVE,705,DUNCAN AVE + ROYAL MANOR CT #1,2,12,40.566619,-80.003644,0.4,0.4,0.4,2;O5;P13,507;705
400,3429,Kennedy township,boundary,CORAOPOLIS RD,3430,CORAOPOLIS RD + #28,2,109,40.483576,-80.107111,0.4,0.6,0.0,20,3429;3430
400,1052,Ross township,boundary,THOMPSON RUN RD,1114,THOMPSON RUN RD + SUNSET,2,63,40.531889,-79.990234,0.3,0.0,0.0,O5,1052;1114
400,11130,White Oak borough,boundary,JACKS RUN RD,11130,JACKS RUN RD + MCKEESPORT SPORTSMENS ASSOC,1,0,40.358595,-79.786057,0.3,0.0,0.0,P76,11130
400,1400,Chateau,boundary,BEAVER AVE,1400,BEAVER AVE + NORTH POINTE,1,0,40.44961,-80.027035,0.3,0.0,0.0,14,1400
400,21252,South Park township,boundary,BROWNSVILLE RD,21252,BROWNSVILLE RD + WILHELM AVE,1,0,40.32508,-79.987659,0.3,0.0,0.0,Y45,21252
400,6251,Bridgeville borough,boundary,BOWER HILL RD,6251,BOWER HILL RD + #802,1,0,40.359865,-80.101768,0.3,0.2,0.2,41,6251
400,2870,Spring Garden,boundary,SPRING GARDEN AVE,2870,SPRING GARDEN AVE + GIDDY WAY,2,9,40.474634,-79.98907,0.3,0.0,0.0,4;7,2870;19322
400,1055,Ross township,boundary,THOMPSON RUN RD,1111,THOMPSON RUN RD + CHERRINGTON,2,6,40.536463,-79.990315,0.3,0.0,0.0,O5,1055;1111
400,392,McCandless township,boundary,PRESIDENTIAL DR,392,PRESIDENTIAL DR + MADISON (LEASE OFFICE),2,7,40.583484,-79.998827,0.3,0.0,0.0,O5,392;475
400,5809,Scott township,boundary,LINDSAY RD,5809,LINDSAY RD + SWALLOW HILL,2,34,40.384534,-80.070855,0.3,0.0,0.6,38,5809;5887
400,21533,Baldwin borough,boundary,CHURCHVIEW AVE,21533,CHURCHVIEW AVE + JOHN ROMANUS DR,2,12,40.383485,-79.955478,0.3,0.0,0.0,44,21533;21580
400,19774,Plum borough,boundary,UNITY TRESTLE RD,19774,UNITY TRESTLE RD + FRANCIS RD,2,16,40.48364,-79.765823,0.3,0.0,0.0,77;P16,19774;19800
400,3456,Kennedy township,boundary,FOREST GROVE RD,3504,FOREST GROVE RD + MIDWAY,2,12,40.477835,-80.102809,0.3,0.0,0.0,20,3456;3504
400,2861,Reserve township,boundary,RAMAGE RD,2861,RAMAGE RD + CHERRYWOOD,2,14,40.490686,-79.999953,0.2,0.0,0.0,7,2861;2917
400,6909,Baldwin borough,boundary,,6909,CURRY RD + LAUREL,2,19,40.344282,-79.992199,0.2,0.0,0.0,Y45,6909;20231
400,18783,Kennedy township,boundary,HERBST RD,18783,HERBST RD + ROSE,1,0,40.487232,-80.11837,0.2,0.0,0.0,20,18783
400,20794,"Trafford borough (Westmoreland, PA)",prt_label,FORBES RD,20794,FORBES RD + MEADOW ST,1,0,40.388982,-79.750332,0.2,0.0,0.0,69;P69,20794
400,2709,Reserve township,boundary,MT TROY RD,2709,MT TROY RD + GEYER,2,44,40.493555,-79.994924,0.2,0.4,0.0,4;7,2709;2786
400,6583,Mount Lebanon township,boundary,CEDAR BLVD,6583,CEDAR BLVD + MAYFAIR,3,112,40.371177,-80.059647,0.2,0.0,0.0,36,6583;6601;19674
400,6250,Bridgeville borough,boundary,BOWER HILL RD,6250,BOWER HILL RD + #736,2,103,40.35849,-80.104559,0.2,0.2,0.0,41,6250;6446
400,21578,Baldwin borough,boundary,CHURCHVIEW AVE,21587,CHURCHVIEW AVE + WALTON RD FS,2,115,40.385765,-79.961681,0.2,0.0,0.0,44,21578;21587
400,19319,Spring Garden,boundary,SPRING GARDEN AVE,19319,SPRING GARDEN AVE + WILLIAMS RD,1,0,40.47729,-79.993594,0.2,0.0,0.0,7,19319
400,11703,West Mifflin borough,boundary,HOMEVILLE RD,11703,HOMEVILLE RD OPP CASTLE DR,2,8,40.376823,-79.875493,0.2,0.0,0.0,52L,11703;11756
400,14614,Plum borough,boundary,MONROEVILLE-TRESTLE RD,14614,MONROEVILLE-TRESTLE RD + FOUR SEASONS,2,38,40.470264,-79.754875,0.2,0.0,0.0,77,14614;19086
400,504,McCandless township,boundary,HEMLOCK DR,504,HEMLOCK DR AT NORTH PARK POOL PARK AND RIDE,1,0,40.586694,-79.996333,0.2,0.0,0.0,O5,504
400,20225,South Park township,boundary,BROWNSVILLE RD,20225,BROWNSVILLE RD + NATIVTY CHURCH,2,26,40.329069,-79.987373,0.2,0.0,0.0,Y45,20225;20809
400,14602,Monroeville municipality,boundary,CENTER RD,14714,CENTER RD + HELMAR DR FS,2,8,40.452374,-79.761261,0.2,0.0,0.0,77,14602;14714
400,19134,Penn Hills municipality,boundary,MILLTOWN RD,19134,MILLTOWN RD + NEWFIELD,2,24,40.501,-79.792234,0.2,0.0,0.0,P16,19134;19149
400,3448,Kennedy township,boundary,HERBST RD,3448,HERBST RD + GRANT,3,253,40.486191,-80.113978,0.2,0.0,0.0,20,3448;15992;22419
400,3445,Kennedy township,boundary,HERBST RD,3445,HERBST RD + VIGNE,1,0,40.489527,-80.119555,0.1,0.0,0.0,20,3445
400,5797,Scott township,boundary,LINDSAY RD,5798,LINDSAY RD + #559,4,133,40.382261,-80.084992,0.1,0.2,0.0,38,5797;5798;5898;5899
400,2720,Reserve township,boundary,,2720,MT TROY RD + PIEFFERS STORE,4,165,40.476568,-79.988498,0.1,0.0,0.0,4;7,2720;2776;2869;2910
400,8931,Penn Hills municipality,boundary,MT CARMEL,8931,MT CARMEL + MASON RD,1,0,40.465484,-79.878214,0.1,0.0,0.0,79;P17,8931
400,3375,McCandless township,boundary,FERGUSON RD,3375,FERGUSON RD + FOXCROFT,1,0,40.565075,-79.995804,0.1,0.0,0.0,2;P13,3375
400,10130,West Mifflin borough,boundary,HWY RT 885,10130,HWY RT 885 + GORDENS,2,16,40.335948,-79.936721,0.1,0.0,0.0,Y47;Y49,10130;10215
400,11140,North Versailles township,boundary,LINCOLN HWY,11140,LINCOLN HWY + JACOB,2,39,40.376782,-79.799824,0.1,0.0,0.0,P76,11140;11166
400,11138,North Versailles township,boundary,LINCOLN HWY,11138,LINCOLN HWY + MCKEE,2,32,40.373046,-79.792914,0.1,0.0,0.0,P76,11138;11168
400,469,McCandless township,boundary,,18704,SPRINGFIELD DR + NORTHGATE,2,19,40.577844,-79.992332,0.1,0.0,0.0,O5,469;18704
400,14693,Plum borough,boundary,SALTSBURG RD,14693,SALTSBURG RD + MILLERS LN,1,0,40.475159,-79.772827,0.1,0.0,0.0,77;P16,14693
400,21524,Robinson township,boundary,CORAOPOLIS RD,21524,CORAOPOLIS RD + #285,1,0,40.502029,-80.120723,0.1,0.0,0.0,20,21524
400,5801,Scott township,boundary,LINDSAY RD,5801,LINDSAY RD + #722,1,0,40.385452,-80.079277,0.1,0.0,0.0,38,5801
400,6582,Mount Lebanon township,boundary,CEDAR BLVD,6582,CEDAR BLVD + #1163,2,25,40.369377,-80.060632,0.1,0.2,0.0,36,6582;6602
400,5804,Scott township,boundary,LINDSAY RD,5804,LINDSAY RD + CLAIREVIEW,4,142,40.387404,-80.076952,0.1,0.0,0.4,38,5804;5805;5891;5892
400,2865,Reserve township,boundary,SPRING GARDEN AVE,2866,SPRING GARDEN AVE + #3364,4,101,40.480886,-79.996112,0.1,0.0,0.0,7,2865;2866;2913;2914
400,14606,Monroeville municipality,boundary,CENTER RD,14606,CENTER RD + COTTAGE LN,2,8,40.456194,-79.759852,0.1,0.0,0.0,77,14606;14710
400,6940,Baldwin borough,boundary,GARDENVILLE RD,20226,GARDENVILLE RD + CHARLOTTE,2,24,40.34574,-80.006971,0.1,0.0,0.0,Y45,6940;20226
400,20233,South Park township,boundary,ZUPANCIC DR,20233,ZUPANCIC DR + SPRINGDALE,1,0,40.320577,-79.994214,0.1,0.0,0.0,Y45,20233
400,14474,Plum borough,boundary,HULTON RD,14474,HULTON RD + COXCOMB,1,0,40.527034,-79.816721,0.1,0.0,0.0,P16,14474
400,19150,Plum borough,boundary,HULTON RD,19150,HULTON RD + PENNSYLVANIA,2,16,40.525973,-79.815336,0.1,0.0,0.0,P16,19150;20022
400,21364,Summer Hill,boundary,IVORY AVE,21364,IVORY AVE + SCHERLING ST,1,0,40.495825,-80.005372,0.1,0.0,0.0,4;O5,21364
400,5802,Scott township,boundary,LINDSAY RD,5802,LINDSAY RD + WYNNECLIFF #2,2,19,40.387401,-80.07944,0.1,0.0,0.0,38,5802;5894
400,3609,Kennedy township,boundary,CHARTIERS AVE EXT,3609,CHARTIERS AVE EXT + HOWARD,2,22,40.467922,-80.084239,0.1,0.8,0.0,20,3609;3653
400,5929,Bethel Park municipality,boundary,OXFORD DR,5929,OXFORD DR + THOMAS MORE MANOR,1,0,40.343425,-80.051929,0.1,0.0,1.0,36,5929
400,20795,Trafford borough,boundary,FORBES RD,20795,FORBES RD + CK STUDIOS DRIVEWAY,1,0,40.392094,-79.758172,0.1,0.0,0.0,69;P69,20795
400,3377,McCandless township,boundary,FERGUSON RD,20829,FERGUSON RD + WALLACE,2,29,40.564891,-79.992678,0.1,0.0,0.0,2;P13,3377;20829
400,8844,Penn Hills municipality,boundary,ABER RD,8844,ABER RD + #8141,1,0,40.471161,-79.861244,0.1,0.0,0.0,79;P17,8844
400,6928,Baldwin borough,boundary,GARDENVILLE RD,6928,GARDENVILLE RD + KOEFFLER,2,23,40.347929,-80.00765,0.1,0.0,0.0,Y45,6928;6938
400,14623,Plum borough,boundary,,14624,UNITY TRESTLE RD + JACKSON RD,4,212,40.485114,-79.768574,0.1,0.0,0.0,77;P16,14623;14624;19082;19083
400,21251,South Park township,boundary,COCHRANS MILL RD,21251,COCHRANS MILL RD + BROWNSVILLE RD FS,1,0,40.325086,-79.985709,0.1,0.0,0.0,Y45,21251
400,6907,Baldwin borough,boundary,CURRY RD,6907,CURRY RD + OLYMPIA,2,28,40.340304,-79.990926,0.1,0.0,0.0,Y45,6907;6958
400,14620,Plum borough,boundary,,19084,UNITY-CENTER RD+ #1010,2,126,40.478556,-79.761939,0.1,0.0,0.0,77;P16,14620;19084
400,1083,Hampton township,boundary,HEMLOCK DR,1083,HEMLOCK DR + SAMPLE FS,2,23,40.576321,-79.978983,0.1,0.0,0.0,O5,1083;1131
400,2862,Reserve township,boundary,RAMAGE RD,2862,RAMAGE RD + SPRING GARDEN,1,0,40.492489,-79.996353,0.1,0.0,0.0,4;7,2862
400,2864,Reserve township,boundary,SPRING GARDEN AVE,2864,SPRING GARDEN AVE + #3681,2,13,40.485395,-79.99655,0.1,0.0,0.0,4;7,2864;2915
400,20219,McKeesport city,boundary,LONG RUN RD,20219,LONG RUN RD + OLD LONG RUN RD NS,2,37,40.322027,-79.82594,0.1,0.0,0.0,P76,20219;20222
400,20118,Plum borough,boundary,MONROEVILLE TRESTLE RD,20118,MONROEVILLE TRESTLE RD + SALTSBURG RD,1,0,40.476457,-79.760658,0.1,0.0,0.0,77;P16,20118
400,19085,Plum borough,boundary,UNITY-TRESTLE RD+ SALTSBURG,19085,UNITY-TRESTLE RD+ SALTSBURG,1,0,40.477575,-79.759484,0.1,0.0,0.0,77;P16,19085
400,19078,Penn Hills municipality,boundary,UNITY-CENTER RD+ CADWELL,19078,UNITY-CENTER RD+ CADWELL,1,0,40.493827,-79.786307,0.1,0.0,0.0,77;P16,19078
400,16384,Bethel Park municipality,boundary,OXFORD DR,16384,OXFORD DR + HOME DEPOT,1,0,40.344515,-80.049766,0.1,0.0,0.4,36,16384
400,14471,Oakmont borough,boundary,HULTON RD,14471,HULTON RD + 12TH,3,170,40.524507,-79.82827,0.1,0.0,0.0,P16,14471;15112;20036
400,20027,Penn Hills municipality,boundary,MILLTOWN RD,20034,MILLTOWN RD + COMMUNITY MARKET DRVWY,2,24,40.498602,-79.790028,0.1,0.0,0.0,P16,20027;20034
400,2713,Reserve township,boundary,MT TROY RD,2713,MT TROY RD + MT TROY FLORAL (#3467),2,42,40.48783,-79.99206,0.0,0.0,0.0,4,2713;2782
400,3443,Kennedy township,boundary,HERBST RD,3443,HERBST RD + DOWNS,1,0,40.492833,-80.118277,0.0,0.0,0.0,20,3443
400,20064,Lincoln-Lemington-Belmar,boundary,WILTSIE ST,20064,WILTSIE ST + HIGHLAND DR FS,1,0,40.476241,-79.898523,0.0,1.8,0.0,74,20064
400,125,McCandless township,boundary,BABCOCK BLVD,125,BABCOCK BLVD + FAIRFIELD RD,2,29,40.564121,-80.019188,0.0,0.0,0.0,12,125;258
400,21116,Kennedy township,boundary,HERBST RD,21116,HERBST RD + HERBST MANOR RD,1,0,40.491383,-80.119188,0.0,0.0,0.0,20,21116
400,3438,Kennedy township,boundary,HERBST RD,3438,HERBST RD + #235,2,120,40.499499,-80.115869,0.0,0.0,0.0,20,3438;3439
400,2496,Hampton township,boundary,FERGUSON RD,2496,FERGUSON RD + OHIO,2,30,40.557365,-79.978598,0.0,0.0,0.0,2;P13,2496;3381
400,2788,Ross township,boundary,MT TROY RD,2788,MT TROY RD + ST MARY CEMETERY ENT,2,120,40.495633,-79.999651,0.0,0.0,0.0,4,2788;2789
400,2400,Kennedy township,boundary,HWY RT 51,2400,HWY RT 51 + EDGETOWN APTS,1,0,40.500011,-80.112061,0.0,0.0,0.0,20,2400
400,2399,Kennedy township,boundary,HWY RT 51,2399,HWY RT 51 + STANFORD CT,1,0,40.495251,-80.111231,0.0,0.0,0.0,20,2399
400,6578,Mount Lebanon township,boundary,CEDAR BLVD,6578,CEDAR BLVD + #1281,1,0,40.363107,-80.063427,0.0,0.0,0.0,36,6578
400,17453,Scott township,boundary,VANADIUM RD,17453,VANADIUM RD + BOWER HILL,1,0,40.368406,-80.084332,0.0,0.2,0.0,41,17453
400,2774,Reserve township,boundary,MT TROY RD,2774,MT TROY RD + #2768,1,0,40.475278,-79.986928,0.0,0.0,0.0,4;7,2774
400,2287,Robinson township,boundary,,2287,CORAOPOLIS RD + #333,2,15,40.502979,-80.126956,0.0,0.0,0.0,20,2287;21632
400,6443,Bridgeville borough,boundary,BOWER HILL RD,6443,BOWER HILL RD + COOKS SCHOOL,1,0,40.361173,-80.100298,0.0,0.0,0.0,41,6443
400,410,McCandless township,boundary,PEEBLES RD,410,PEEBLES RD + PEEBLES SCHOOL RD,1,0,40.565399,-80.008535,0.0,0.0,0.0,2;O5;P13,410
400,6612,Bethel Park municipality,boundary,WASHINGTON RD,6612,WASHINGTON RD + WASHINGTONIAN APTS,1,0,40.350225,-80.051365,0.0,0.0,0.0,36,6612
400,14745,Plum borough,boundary,SALTSBURG RD,14745,SALTSBURG RD + CHAPEL HILL DENTAL (#7641),2,77,40.475119,-79.775728,0.0,0.0,0.0,77;P16,14745;19813
400,6829,Whitehall borough,boundary,PROVOST RD,6829,PROVOST RD + WHITEHILL CIR,2,9,40.367061,-79.993549,0.0,0.0,0.0,Y47,6829;6863
400,11175,North Versailles township,boundary,JACKS RUN RD,11175,JACKS RUN RD + BIROS TRAILER PARK,1,0,40.360209,-79.785726,0.0,0.0,0.0,P76,11175
400,1057,Ross township,boundary,THOMPSON RUN RD,1057,THOMPSON RUN RD + WHITE OAK,2,11,40.541944,-79.992374,0.0,0.0,0.0,O5,1057;1109
400,17327,Harrison township,boundary,FREEPORT RD,17327,FREEPORT RD + ALTERMOOR DR,2,32,40.65593,-79.707414,0.0,0.0,0.0,P10,17327;22359
400,22358,Harrison township,boundary,BAKERSTOWN RD,22358,BAKERSTOWN RD + #1 COCHRAN DRVWY,2,27,40.667046,-79.706635,0.0,0.0,0.0,P10,22358;22361
400,18870,South Park township,boundary,BROWNSVILLE,18870,BROWNSVILLE + SYLVANIA,1,0,40.321828,-79.995157,0.0,0.0,0.0,Y45,18870
400,14691,Penn Hills municipality,boundary,SALTSBURG RD,14691,SALTSBURG RD + CRESTVIEW DR,2,37,40.475977,-79.778389,0.0,0.0,0.0,77;P16,14691;14746
400,19775,Plum borough,boundary,UNITY TRESTLE RD,19775,UNITY TRESTLE RD + ASHLAND DR FS,2,20,40.486294,-79.771497,0.0,0.0,0.0,77;P16,19775;19799
400,17349,Harrison township,boundary,FREEPORT RD,17349,FREEPORT RD + OAK MANOR,2,54,40.650968,-79.708399,0.0,0.0,0.0,P10,17349;17350
400,11137,North Versailles township,boundary,LINCOLN HWY,11137,LINCOLN HWY + DENNING,2,18,40.37141,-79.78907,0.0,0.0,0.0,P76,11137;11169
400,1053,Ross township,boundary,THOMPSON RUN RD,1053,THOMPSON RUN RD + HODIL,2,17,40.534798,-79.990391,0.0,0.0,0.0,O5,1053;1113
400,10518,White Oak borough,boundary,LONG RUN RD,10518,LONG RUN RD + SUNSET,2,14,40.335028,-79.811486,0.0,0.0,0.0,P76,10518;11127
400,18867,South Park township,boundary,ZUPANCIC DR,18867,ZUPANCIC DR + #6516,1,0,40.32051,-79.992141,0.0,0.0,0.0,Y45,18867
400,2867,Reserve township,boundary,,2867,SPRING GARDEN AVE + LUKES ROAD HOUSE (#3254),2,29,40.478532,-79.995026,0.0,0.0,0.0,7,2867;2912
400,6876,Whitehall borough,boundary,BAPTIST RD,6876,BAPTIST RD + #5344,2,19,40.353501,-80.007113,0.0,0.0,0.0,Y45,6876;20269
400,11129,White Oak borough,boundary,JACKS RUN RD,11129,JACKS RUN RD + #3030,2,147,40.344422,-79.797479,0.0,0.0,0.0,P76,11129;11177
400,14743,Plum borough,boundary,SALTSBURG RD,14743,SALTSBURG RD + REGENCY DR,2,12,40.475265,-79.770887,0.0,0.0,0.0,77;P16,14743;19815
400,17323,Harrison township,boundary,FREEPORT RD,17323,FREEPORT RD + EVERGREEN,2,17,40.64911,-79.708872,0.0,0.0,0.0,P10,17323;17324
400,428,Ross township,boundary,EVERGREEN RD,428,EVERGREEN RD + NELSON RUN,2,36,40.505665,-79.995287,0.0,0.0,0.0,O5,428;441
400,20901,Ross township,boundary,EVERGREEN RD,20901,EVERGREEN RD + #4535,2,14,40.500938,-80.00375,0.0,0.0,0.0,O5,20901;20902
400,1085,Hampton township,boundary,HEMLOCK DR,1085,HEMLOCK DR + #4424,2,9,40.578842,-79.980732,0.0,0.0,0.0,O5,1085;1129
400,399,McCandless township,boundary,NORTHGATE DR,399,NORTHGATE DR + #9396,2,30,40.57656,-79.990683,0.0,0.0,0.0,O5,399;468
400,394,McCandless township,boundary,PRESIDENTIAL DR,394,PRESIDENTIAL DR + HARDING,3,128,40.582086,-79.99454,0.0,0.0,0.0,O5,394;472;473
400,393,McCandless township,boundary,PRESIDENTIAL DR,393,PRESIDENTIAL DR + COOLIDGE,1,0,40.582372,-79.99694,0.0,0.0,0.0,O5,393
400,16950,McCandless township,boundary,PRESIDENTIAL DR,16950,PRESIDENTIAL DR + WASHINGTON,2,19,40.58492,-79.99967,0.0,0.0,0.0,O5,16950;18701
400,1075,McCandless township,boundary,REMINGTON DR,1075,REMINGTON DR + BALMORAL #2,2,29,40.558322,-80.008728,0.0,0.0,0.0,O5,1075;1092
400,2863,Reserve township,boundary,SPRING GARDEN AVE,2863,SPRING GARDEN AVE + #3851,2,30,40.487788,-79.997219,0.0,0.0,0.0,7,2863;2916
400,1048,Ross township,boundary,THOMPSON RUN RD,1048,THOMPSON RUN RD + LOIRE VALLEY,2,18,40.524172,-79.988795,0.0,0.0,0.0,O5,1048;1118
400,1047,Ross township,boundary,THOMPSON RUN RD,1047,THOMPSON RUN RD + MILLER,2,8,40.522311,-79.990956,0.0,0.0,0.0,O5,1047;1119
400,1046,Ross township,boundary,THOMPSON RUN RD,1046,THOMPSON RUN RD + #218,2,13,40.519822,-79.991971,0.0,0.0,0.0,O5,1046;1120
400,9800,South Park township,boundary,COCHRAN MILLS RD,9800,COCHRAN MILLS RD + #985,1,0,40.323825,-79.984652,0.0,0.0,0.0,Y45,9800
400,6929,Baldwin borough,boundary,GARDENVILLE RD,6929,GARDENVILLE RD + CROSS,2,1,40.349906,-80.00816,0.0,0.0,0.0,Y45,6929;18879
400,18857,Bethel Park municipality,boundary,,18857,BLOSSOM DR + GARDENVILLE,2,20,40.342665,-80.005437,0.0,0.0,0.0,Y45,18857;18873
400,22637,Upper St. Clair municipality,boundary,BOWER HILL RD,22637,BOWER HILL RD AT BEDNERS FARM MARKET,1,0,40.361568,-80.089981,0.0,0.0,0.0,41,22637
400,20234,South Park township,boundary,RIDGEVUE DR,20234,RIDGEVUE DR + BROWNSVILLE,1,0,40.319067,-79.99586,0.0,0.0,0.0,Y45,20234
400,18864,South Park township,boundary,ZUPANCIC DR,18864,ZUPANCIC DR + BROGLIE,1,0,40.32068,-79.985351,0.0,0.0,0.0,Y45,18864
400,6960,Baldwin borough,boundary,CURRY RD,6960,CURRY RD + HORNING,1,0,40.337344,-79.99144,0.0,0.0,0.0,Y45,6960
400,14308,Oakmont borough,boundary,HULTON RD,14308,HULTON RD + 10TH,4,134,40.523848,-79.832361,0.0,0.0,0.0,P16,14308;14309;14468;14469
400,19152,Penn Hills municipality,boundary,MILLTOWN RD,19152,MILLTOWN RD + HULTON,2,13,40.505956,-79.793143,0.0,0.0,0.0,P16,19152;20026
400,14305,Plum borough,boundary,HULTON RD,14305,HULTON RD + THE FAIRWAYS,2,9,40.525965,-79.82172,0.0,0.0,0.0,P16,14305;14473
400,22841,McCandless township,boundary,PERRY HWY,22841,PERRY HWY OPP 19 NORTH DR (CCAC NORTH),1,0,40.566326,-80.037968,0.0,0.8,0.0,O12,22841
150,1176,Squirrel Hill North,boundary,FIFTH AVE,1176,FIFTH AVE + CLYDE ST,1,0,40.447201,-79.944955,58.3,16.8,6.8,28X;54;58;61A;61B;61C;61D;67;69;71A;71B;71C;71D;75;93;P3,1176
150,1165,Shadyside,boundary,FIFTH AVE,1165,FIFTH AVE + WILKINS,4,171,40.447766,-79.937935,50.9,30.2,26.6,28X;58;67;69;71B;71D,1165;1166;1178;1179
150,8564,Shadyside,boundary,NEGLEY AVE,15453,NEGLEY AVE + WALNUT,4,164,40.452686,-79.931342,44.5,67.2,50.0,28X;64;71B;71D;75;P1;P10;P12;P16;P17;P3;P67;P68;P69;P7;P71;P76;P78,8564;15453;15454;19996
150,6693,Mount Washington,boundary,,6693,BOGGS AVE + WYOMING,17,807,40.426028,-80.002072,41.3,29.0,15.4,40;43;48;51,6693;6694;6698;6699;6700;6729;6730;6731;6732;6734;6735;6736;15885;15886;15887;19307;19311
150,8407,Lincoln-Lemington-Belmar,boundary,HIGHLAND DR,8407,HIGHLAND DR + JOB CORPS DR,1,0,40.478217,-79.898975,30.5,7.8,5.6,74,8407
150,3156,Crawford-Roberts,boundary,FIFTH AVE,3156,FIFTH AVE + MAGEE ST,1,0,40.438698,-79.988113,29.5,14.0,9.6,61A;61B;61C;71B;81;82;83,3156
150,2604,Knoxville,boundary,BAUSMAN AVE,22628,BAUSMAN ST AT GEORGIA AVE,6,247,40.414279,-79.993206,26.3,19.6,13.8,44;51;54,2604;2605;2606;19547;19548;22628
150,7399,Braddock borough,boundary,,7399,BRADDOCK AVE + 9TH,4,116,40.40023,-79.863608,25.9,16.0,11.8,59;61A,7399;21639;21644;21645
150,3458,Kennedy township,boundary,,3513,FAIRHAVEN RD + KENMAWR PLAZA ENTRANCE (SHELTER),6,203,40.475617,-80.099736,25.6,17.2,11.6,20;22;24,3458;3476;3502;3503;3513;22684
150,3147,Bluff,boundary,FORBES AVE,7113,FORBES AVE + SENECA,3,164,40.437501,-79.975164,23.9,13.2,14.0,54;56;57;58;61A;61B;61C;61D;65;67;69;71A;71B;71C;71D;75;81;83,3147;7113;7114
150,7031,East Pittsburgh borough,boundary,LINDEN AVE,7031,LINDEN AVE + CABLE,4,154,40.399273,-79.836082,22.6,22.0,11.2,59;69;P68;P69;P76,7031;7032;7190;16535
150,5387,Bridgeville borough,boundary,WASHINGTON AVE,5387,WASHINGTON AVE + JAMES ST,1,0,40.35615,-80.113583,20.9,7.6,8.2,31;41;G31,5387
150,478,McCandless township,boundary,PRESIDENTIAL DR,22629,PRESIDENTIAL DR AT BABCOCK BLVD FS,3,139,40.586671,-79.999913,19.6,10.0,13.0,O5,478;18699;22629
150,5126,Shadyside,boundary,NEVILLE ST,8170,NEVILLE ST + BAYARD,2,27,40.450412,-79.948744,19.0,0.0,0.0,54;58;71A;71B;71C;71D;75;77;82;93;P3,5126;8170
150,4122,Chartiers City,boundary,CHARTIERS AVE,4122,CHARTIERS AVE + KRUPP,6,301,40.45818,-80.069129,19.0,12.8,10.2,26;27,4122;4123;4124;4178;4180;19215
150,3150,Crawford-Roberts,boundary,FIFTH AVE,3150,FIFTH AVE + GIST ST,1,0,40.438346,-79.97936,18.3,14.6,8.8,61A;61B;61C;65;67;69;71B;81,3150
150,12659,"New Kensington city (Westmoreland, PA)",prt_label,,12659,4TH AVE + 7TH,2,85,40.562451,-79.76621,18.2,17.2,13.8,1,12659;12660
150,6166,Brookline,boundary,FREEDOM AVE,6166,CHELTON AVE + FREEDOM,5,292,40.389293,-80.01118,18.2,3.6,1.0,39,6166;6168;6169;6170;19510
150,2191,Sewickley borough,boundary,,2191,BANK ST + WALNUT,4,214,40.537082,-80.184495,17.4,7.6,7.6,14;21,2191;2192;22618;22640
150,7329,Wilkinsburg borough,boundary,TRENTON AVE,8226,TRENTON AVE + SOUTH,4,156,40.443841,-79.891798,16.6,15.4,10.2,61A;67;69;71;71C;71D;79;86;P1;P12;P16;P17;P3;P67;P68;P69;P7;P71;P76;P78,7329;8225;8226;8284
150,21640,North Braddock borough,boundary,VERONA ST,21640,VERONA ST + BELL AVE,1,0,40.401959,-79.861007,16.5,13.8,8.8,59;61A,21640
150,11694,West Mifflin borough,boundary,,22614,HOMEVILLE RD OPP DUQUESNE VILLAGE ENTRANCE #1,14,681,40.363617,-79.869518,15.0,2.2,3.6,52L,11694;11695;11696;11762;11763;11764;11765;21618;21619;22613;22614;22616;22617;22775
150,20842,McKeesport city,boundary,,20844,YESTER SQ + CRAWFORD VILLAGE PL,2,148,40.35076,-79.838296,14.9,7.4,4.6,56;60,20842;20844
150,3258,Squirrel Hill North,boundary,FIFTH AVE,3258,FIFTH AVE + MARYLAND,1,0,40.450439,-79.927538,14.1,15.0,8.2,28X;64;71B;71D,3258
150,1768,Summer Hill,boundary,,1768,COLBY ST + FABER,4,169,40.485101,-80.004881,14.1,12.4,7.0,12;15;6;7,1768;1769;1770;20826
150,42,Central Business District,boundary,BLVD OF ALLIES,42,BLVD OF ALLIES + MARKET ST,1,0,40.439089,-80.003482,13.3,9.6,4.0,13;16;17;19L;20;21;22;24;26;27;28X;29;31;36;38;39;40;41;43;44;48;51;51L;52L;53L;56;57;58;61A;61B;61C;65;67;69;71B;77;8;81;82;83;G2;G3;G31;O1;O12;O5;P1;P10;P17;P69;P7;P76;P78;Y1;Y45;Y46;Y47;Y49,42
150,1785,Perry South,boundary,CHARLES ST,1785,CHARLES ST + IRWIN,4,104,40.466667,-80.019328,13.2,7.4,8.0,15;16,1785;1786;1810;1811
150,3256,Squirrel Hill North,boundary,FIFTH AVE,3256,FIFTH AVE + BELLEFONTE,1,0,40.448985,-79.932213,11.8,16.0,4.8,28X;64;67;69;71B;71D,3256
150,19070,Penn Hills municipality,boundary,LEECHBURG RD,19779,LEECHBURG RD + GARDEN DR,2,10,40.488189,-79.801348,11.1,0.0,0.0,77;P16,19070;19779
150,5931,Bethel Park municipality,boundary,OXFORD DR,5931,OXFORD DR + GIANT EAGLE,2,30,40.346603,-80.048702,11.0,1.6,3.6,36,5931;6018
150,7858,"Trafford borough (Westmoreland, PA)",prt_label,5TH ST,7858,5TH ST + CAVIT,2,80,40.385745,-79.759543,10.5,4.2,3.2,69;P69,7858;20789
150,1717,Ross township,boundary,BRIGHTON,1717,BRIGHTON + GIANT EAGLE LOWER LOT,1,0,40.48967,-80.044536,10.1,3.8,9.2,13;16;17;19L,1717
150,4121,Windgap,boundary,CHARTIERS AVE,4121,CHARTIERS AVE + MIDDLETOWN,2,52,40.457649,-80.073293,10.1,4.2,4.2,27,4121;4181
150,21543,Carrick,boundary,CUSTER AVE,21543,SPENCER AVE + WATERMAN AVE FS,10,624,40.39321,-79.974084,9.9,0.0,0.0,44,21543;21544;21545;21546;21547;21566;21568;21569;21570;21586
150,15587,McCandless township,boundary,BLAZIER,15587,BLAZIER + GIANT EAGLE,1,0,40.585354,-80.037534,9.8,8.8,4.2,12;O12,15587
150,21451,Whitehall borough,boundary,SKYLINE DR,21451,SKYLINE DR + #1765,1,0,40.365706,-79.963997,9.7,3.0,4.0,Y49,21451
150,22839,Ross township,boundary,PERRY HWY,22839,PERRY HWY OPP WASHINGTON BLVD,1,0,40.552532,-80.037792,9.5,4.8,3.4,O12,22839
150,2514,Knoxville,boundary,MCKINLEY AVE,2529,ALICE ST + GEORGIA,4,171,40.409643,-79.994342,9.4,0.4,0.4,51;51L;54,2514;2515;2529;2530
150,21521,Robinson township,boundary,VILLAGE DR,21521,VILLAGE DR + GROVETON DR,1,0,40.504379,-80.140442,8.8,4.6,6.2,20,21521
150,2299,Robinson township,boundary,VILLAGE DR,2299,VILLAGE DR + LEWIS,1,0,40.506603,-80.14016,8.7,9.0,6.6,20,2299
150,8831,Penn Hills municipality,boundary,MARK DR,8832,MARK DR + GROVE,3,155,40.470341,-79.867364,8.7,4.0,3.0,79;P17,8831;8832;8833
150,6701,Mount Washington,boundary,BELTZHOOVER AVE,6701,BELTZHOOVER AVE + EUREKA,2,20,40.423723,-79.997471,7.8,3.2,3.4,43;44;48;54,6701;19653
150,14630,Plum borough,boundary,UNITY TRESTLE RD,14630,UNITY TRESTLE RD + UNIVERSAL RD,2,30,40.490436,-79.783197,7.8,0.0,0.0,77;P16,14630;19798
150,19843,Ross township,boundary,FELICITY RD,19843,FELICITY RD + KANE CTR (STAFF ENTRANCE),1,0,40.549619,-80.015005,7.5,8.0,6.8,12;O12;P13,19843
150,6573,Mount Lebanon township,boundary,GILKESON RD,6573,GALLERIA STOREFRONT + SOUTHEAST ENTRANCE,3,208,40.355796,-80.05121,7.2,3.2,2.4,36,6573;19269;19284
150,6688,Mount Washington,boundary,BOGGS AVE,19651,BOGGS AVE + PAUL,4,78,40.422153,-80.010225,7.2,3.6,1.8,39;40;41;43;44;48;51L;54;Y1;Y45;Y46;Y47;Y49,6688;6739;6740;19651
150,21528,Baldwin borough,boundary,CHURCHVIEW GARDEN APARTMENTS,21528,CHURCHVIEW GARDEN APARTMENTS,1,0,40.386074,-79.93805,7.0,0.0,0.0,44,21528
150,2728,Reserve township,boundary,,2728,MT TROY RD + BECKERT,4,145,40.469642,-79.982499,7.0,2.8,1.2,4;7,2728;2730;2765;2767
150,2517,Bon Air,boundary,,2518,CAMFIELD ST + BANDI,7,330,40.409306,-79.998623,7.0,2.4,1.4,54,2517;2518;2524;2525;2526;2527;19541
150,8403,Lincoln-Lemington-Belmar,boundary,,8421,WARDSONS RD + LEMINGTON,2,13,40.47144,-79.89812,6.8,3.6,0.4,74;82;P17,8403;8421
150,11692,West Mifflin borough,boundary,PENNSYLVANIA AVE,11692,PENNSYLVANIA AVE + TAFT,2,21,40.362099,-79.861548,6.7,0.0,0.0,52L;59,11692;11767
150,3901,Scott township,boundary,CAROTHERS AVE,4054,CAROTHERS AVE + CREEK,4,241,40.400793,-80.088344,6.4,0.0,0.0,G31,3901;3902;4053;4054
150,2722,Spring Garden,boundary,SPRING GARDEN AVE,22620,SPRING GARDEN AVE OPP #2200,11,506,40.472518,-79.986164,6.4,4.0,1.2,4;7,2722;2723;2771;2772;2773;2871;2872;2873;2907;2908;22620
150,11141,North Versailles township,boundary,LINCOLN HWY,11142,LINCOLN HWY + TAYLOR FS,4,181,40.37784,-79.802777,6.2,0.0,0.0,P76,11141;11142;11165;19484
150,8372,Point Breeze,boundary,REYNOLDS ST,8372,REYNOLDS ST + LANG,2,17,40.447242,-79.905635,6.2,1.2,0.4,67;69;71C;74,8372;8473
150,22838,Ross township,boundary,PERRY HWY,22838,PERRY HWY OPP TRION RD (PINES PLAZA),1,0,40.548491,-80.036917,5.9,5.2,4.8,O12,22838
150,14634,Penn Hills municipality,boundary,,14634,LEECHBURG RD + BARCKHOFF ST FS,4,112,40.494155,-79.788872,5.8,0.0,0.0,77;P16,14634;19136;19859;20033
150,6571,Mount Lebanon township,boundary,WASHINGTON RD,6571,WASHINGTON RD + ABBYVILLE,2,38,40.352149,-80.050565,5.7,2.4,4.4,36,6571;6611
150,8834,Penn Hills municipality,boundary,GROVE RD,8835,GROVE RD + SELVIN,2,91,40.473516,-79.868325,5.7,4.6,1.4,79;P17,8834;8835
150,22643,Upper St. Clair municipality,boundary,VILLAGE DR,22643,VILLAGE DR AT WASHINGTON RD FS,1,0,40.342759,-80.059774,5.6,3.2,2.2,36,22643
150,11134,North Versailles township,boundary,LINCOLN HWY,11134,LINCOLN HWY + DIX,2,12,40.369117,-79.782571,5.4,0.0,0.0,P76,11134;11172
150,7321,Wilkinsburg borough,boundary,SAVANNAH AVE,7324,SAVANNAH AVE + BIDDLE,8,467,40.43565,-79.893368,5.4,0.0,0.0,61A;61B;71;P71,7321;7322;7323;7324;7335;7336;7337;7338
150,5551,Green Tree borough,boundary,PARKWAY CTR DR SOUTH,5551,PARKWAY CTR DR SOUTH + BUILDING #7,1,0,40.423579,-80.041033,5.2,1.4,0.0,38,5551
150,3612,McKees Rocks borough,boundary,CHARTIERS AVE EXT,3612,CHARTIERS AVE EXT + STATE,2,7,40.46669,-80.07975,5.2,3.4,0.2,20,3612;3650
150,6253,Bridgeville borough,boundary,BOWER HILL RD,6253,BOWER HILL RD + SYLVA,2,22,40.362159,-80.09777,5.0,0.6,1.4,41,6253;6442
150,8846,Penn Hills municipality,boundary,ABER RD,8846,ABER RD + GROVE,1,0,40.46784,-79.865285,4.8,2.6,2.6,79;P17,8846
150,6286,Mount Lebanon township,boundary,BOWER HILL RD,6286,BOWER HILL RD + RALSTON,2,18,40.386375,-80.04778,4.8,1.8,1.4,36;38;41,6286;6412
150,11143,North Versailles township,boundary,LINCOLN HWY,11143,LINCOLN HWY + 3RD,2,26,40.379386,-79.807023,4.6,0.0,0.0,P76,11143;11163
150,6825,Whitehall borough,boundary,PROVOST RD,6825,PROVOST RD + MULBERRY,6,213,40.363917,-79.992188,4.3,1.2,0.0,Y47,6825;6865;6866;6867;9705;9706
150,22842,McCandless township,boundary,PERRY HWY,22842,PERRY HWY AT CUMBERLAND RD,1,0,40.571787,-80.0369,4.0,4.0,0.8,O12,22842
150,11548,Carrick,boundary,CHURCHVIEW AVE,11548,CHURCHVIEW AVE + SANKEY AVE,1,0,40.385387,-79.976336,3.8,0.0,0.0,44;51;51L,11548
150,19303,Mount Washington,boundary,BOGGS AVE,19303,BOGGS AVE + SOFFEL,1,0,40.419551,-80.011432,3.7,2.2,1.0,39;40;41;43;44;Y1;Y45;Y46;Y47;Y49,19303
150,8839,Penn Hills municipality,boundary,CHASKE ST,8840,CHASKE ST + BRAMBLE,2,89,40.474545,-79.866489,3.7,1.8,2.6,79;P17,8839;8840
150,1737,Chateau,boundary,METROPOLITAN ST,1737,METROPOLITAN ST + CITIZENS BANK DRVWY,2,146,40.456178,-80.031481,3.7,0.0,0.0,14;17;18,1737;1738
150,2697,Summer Hill,boundary,IVORY AVE,21363,IVORY AVE + SCHERLING ST,6,151,40.496219,-80.008148,3.7,0.0,1.8,12;4;O5,2697;2698;2798;2799;18709;21363
150,17347,Bethel Park municipality,boundary,VILLAGE DR,17347,VILLAGE DR + SOUTH HIILS VILLAGE PARKING GARAGE,1,0,40.340025,-80.0538,3.6,0.8,2.4,36,17347
150,6411,Mount Lebanon township,boundary,BOWER HILL RD,6411,BOWER HILL RD + N MEADOWCROFT,1,0,40.386734,-80.045844,3.5,2.8,1.6,36;38;41,6411
150,21555,Baldwin borough,boundary,AGNEW RD,21555,AGNEW RD + PENN ST FS,2,33,40.396457,-79.974101,3.5,0.0,0.0,44,21555;21558
150,15747,Scott township,boundary,COCHRAN,15747,COCHRAN + ROESSLER,2,24,40.392964,-80.063254,3.5,1.8,0.2,38,15747;19602
150,21542,Carrick,boundary,SPENCER AVE,21542,SPENCER AVE + STEINER ST,2,84,40.38965,-79.976245,3.4,0.0,0.0,44,21542;21571
150,11425,Baldwin borough,boundary,CHURCHVIEW AVE,11425,CHURCHVIEW AVE + WILLETT,6,338,40.385769,-79.96959,3.4,0.0,0.0,44,11425;21536;21575;21576;21577;21588
150,8836,Penn Hills municipality,boundary,CHASKE ST,8836,GROVE RD + CHASKE,3,224,40.475533,-79.87056,3.4,1.0,1.4,79;P17,8836;8838;22423
150,15835,Beltzhoover,boundary,BELTZHOOVER,15835,BELTZHOOVER + CEDARHURST,1,0,40.418453,-79.997337,3.3,1.4,0.8,43;44;48;54,15835
150,14636,Penn Hills municipality,boundary,LEECHBURG RD,14636,LEECHBURG RD + SUTTON DR,2,9,40.491817,-79.792822,3.3,0.0,0.0,77;P16,14636;19074
150,14642,Penn Hills municipality,boundary,LEECHBURG RD,14642,LEECHBURG RD + COURTNEY DR,2,31,40.486756,-79.804638,3.3,0.0,0.0,77;P16,14642;19068
150,5932,Bethel Park municipality,boundary,HIGHLAND RD,19268,HIGHLAND RD + OXFORD,3,143,40.348542,-80.050199,3.3,0.0,2.2,36,5932;19268;19675
150,4085,Ingram borough,boundary,BERRY ST,4085,BERRY ST + SCOTIA,2,10,40.44837,-80.067721,3.3,1.4,2.6,26;27,4085;4156
150,8843,Penn Hills municipality,boundary,ABER RD,8843,ABER RD + HARVEST,1,0,40.473329,-79.861619,3.1,4.4,0.6,79;P17,8843
150,8014,Squirrel Hill South,boundary,WIGHTMAN ST,8015,WIGHTMAN ST + HOBART,2,117,40.431928,-79.927471,3.1,0.0,0.0,61C;61D;64;65;93,8014;8015
150,15122,Penn Hills municipality,boundary,HULTON RD,15122,HULTON RD + HULTON ARBORS,4,105,40.513501,-79.803769,3.1,0.0,0.0,P16,15122;15123;15149;15150
150,21531,Baldwin borough,boundary,CHURCHVIEW AVE,21531,CHURCHVIEW AVE + CATHELL RD,2,25,40.384608,-79.949613,3.1,0.0,0.0,44,21531;21582
150,6165,Brookline,boundary,CHELTON AVE,6165,CHELTON AVE + OAKRIDGE,1,0,40.389858,-80.01477,3.0,1.8,0.6,39,6165
150,19080,Plum borough,boundary,,19776,UNITY TRESTLE RD + EAST ALLEY NS,2,101,40.489581,-79.779056,3.0,0.0,0.0,77;P16,19080;19776
150,1398,Manchester,boundary,,1414,CHATEAU ST + NORTH,2,95,40.451889,-80.028118,3.0,0.6,0.4,14;17;18,1398;1414
150,18686,Ross township,boundary,MCKNIGHT RD,18686,MCKNIGHT RD + BABCOCK RAMP FS,1,0,40.515078,-80.004401,2.9,2.4,0.8,12;O12,18686
150,6260,Scott township,boundary,VANADIUM RD,6260,VANADIUM RD + ELMBROOK,4,174,40.36905,-80.085187,2.9,0.2,1.8,41,6260;6436;17453;18646
150,8579,Polish Hill,boundary,BIGELOW BLVD,8593,BIGELOW BLVD + BLOOMFIELD BRIDGE,2,64,40.458731,-79.957845,2.9,2.6,0.6,77;93,8579;8593
150,11135,North Versailles township,boundary,LINCOLN HWY,11135,LINCOLN HWY + LEUHM,2,29,40.37044,-79.786266,2.8,0.0,0.0,P76,11135;11171
150,127,McCandless township,boundary,CORPORATE DR,127,CORPORATE DR + #5700,1,0,40.563606,-80.022751,2.7,1.2,0.2,12,127
150,408,McCandless township,boundary,PEEBLES RD,22621,PEEBLES RD AT DUNCAN AVE NS,3,160,40.567499,-80.006787,2.7,1.8,0.6,2;O5;P13,408;409;22621
150,6915,Baldwin borough,boundary,BLOSSOM DR,6915,BLOSSOM DR + MCANULTY,2,33,40.343896,-79.997061,2.6,0.0,0.0,Y45,6915;18874
150,18856,Baldwin borough,boundary,BLOSSOM DR,20947,BLOSSOM DR + CLELIA DR,4,193,40.344076,-80.001265,2.6,0.0,0.0,Y45,18856;18859;20947;20948
150,1069,McCandless township,boundary,REMINGTON DR,1093,REMINGTON DR + REGENCY,11,532,40.5536,-80.006903,2.6,0.0,0.0,O5,1069;1070;1071;1072;1073;1074;1093;1094;1095;1096;1097
150,5811,Mount Lebanon township,boundary,SWALLOW HILL RD,5811,SWALLOW HILL RD + THE KNOLLS,5,315,40.388742,-80.074,2.6,2.6,2.4,38,5811;5813;5883;5884;5885
150,21556,Carrick,boundary,AGNEW RD,21556,AGNEW RD + BECKS RUN RD,2,26,40.396971,-79.978397,2.5,0.0,0.0,44,21556;21557
150,802,Ross township,boundary,CONNIE DR,803,CONNIE DR + JACKS RUN,4,154,40.499659,-80.028689,2.5,1.2,0.6,17,802;803;859;913
150,11757,West Mifflin borough,boundary,HOMEVILLE RD,22615,HOMEVILLE RD OPP MUNICIPAL RD,2,25,40.37371,-79.873765,2.4,1.4,2.8,52L,11757;22615
150,14605,Monroeville municipality,boundary,CENTER RD,14605,CENTER RD + LORRAINE DR FS,2,18,40.454582,-79.760292,2.4,0.0,0.0,77,14605;14711
150,12661,"New Kensington city (Westmoreland, PA)",prt_label,INDUSTRIAL BLVD,12661,INDUSTRIAL BLVD + KEY LINCOLN-MERCURY,1,0,40.563447,-79.76792,2.4,0.8,0.6,1,12661
150,16243,North Versailles township,boundary,,20630,CLYDE AVE + PORT PERRY RD,2,22,40.385925,-79.832653,2.4,2.6,0.6,55;P76,16243;20630
150,21552,Baldwin borough,boundary,AGNEW RD,21552,AGNEW RD + ACADEMY CHARTER SCHOOL DRVWY,2,21,40.399369,-79.967715,2.4,0.0,0.0,44,21552;21561
150,8520,Greenfield,boundary,BEECHWOOD BLVD,11659,BEECHWOOD BLVD + PARKWAY ENTRANCE,2,23,40.428382,-79.93096,2.3,0.0,0.0,52L;53L;61C;61D;64;65;93,8520;11659
150,20193,Crawford-Roberts,boundary,ROBERTS ST,20207,ROBERTS ST + WYLIE,2,29,40.443584,-79.984255,2.3,1.0,0.8,81;82;83,20193;20207
150,8824,Penn Hills municipality,boundary,MT CARMEL RD,8930,MT CARMEL RD + PERSHING,3,158,40.465866,-79.875865,2.3,0.8,0.2,79;P17,8824;8825;8930
150,20793,"Trafford borough (Westmoreland, PA)",prt_label,7TH ST,20793,7TH ST + TIMBER LN,1,0,40.388053,-79.748383,2.2,0.2,0.0,69;P69,20793
150,6285,Mount Lebanon township,boundary,BOWER HILL RD,6413,BOWER HILL RD + MARLIN,2,37,40.385758,-80.050138,2.2,1.0,0.6,36;38;41,6285;6413
150,19476,North Versailles township,boundary,LINCOLN HWY,19476,LINCOLN HWY + JACKS RUN RD FS,2,26,40.368359,-79.780691,2.1,0.0,0.0,P76,19476;19482
150,6830,Whitehall borough,boundary,PROVOST RD,6830,PROVOST RD + FRANK FS,2,44,40.368585,-79.994207,2.1,1.0,0.0,Y45;Y47,6830;6862
150,1702,Chateau,boundary,ISLAND AVE,1702,ISLAND AVE + BEAVER,1,0,40.461933,-80.032517,2.0,0.0,0.0,13;14;17;18,1702
150,6258,Scott township,boundary,BOWER HILL RD,6258,BOWER HILL RD + ROCKHILL,2,27,40.366716,-80.086342,2.0,0.8,0.4,41,6258;6438
150,414,McCandless township,boundary,,414,PEEBLES RD + REMINGTON,2,18,40.561371,-80.012992,2.0,0.0,0.0,2;O5;P13,414;1078
150,21539,Baldwin borough,boundary,CHURCHVIEW AVE,21539,CHURCHVIEW AVE + WAIDLER AVE,2,29,40.384873,-79.973833,2.0,0.0,0.0,44;51;51L,21539;21574
150,11373,Carrick,boundary,SPENCER AVE,11373,SPENCER AVE + BEAU,2,14,40.387688,-79.976427,2.0,0.0,0.0,44;51;51L,11373;21572
150,6815,Whitehall borough,boundary,,6931,GARDENVILLE RD + BAPTIST,4,147,40.352226,-80.010205,2.0,0.0,0.0,Y45,6815;6877;6931;6936
150,3173,Harmar township,boundary,FREEPORT RD,3173,FREEPORT RD + COMFORT INN,1,0,40.538296,-79.83271,1.9,1.2,0.8,1;P10;P16;P78,3173
150,2778,Reserve township,boundary,MT TROY RD,16347,MT TROY RD + BAUN,2,70,40.481787,-79.98934,1.9,1.8,4.0,4,2778;16347
150,18165,West Oakland,boundary,FIFTH AVE,18165,FIFTH AVE + BRENHAM FS,1,0,40.436504,-79.968541,1.9,2.8,1.2,54;56;57;58;61A;61B;61C;61D;71A;71B;71C;71D;75;81;83,18165
150,14689,Penn Hills municipality,boundary,SALTSBURG RD,14748,SALTSBURG RD + FORD AVE,2,9,40.476713,-79.782734,1.9,0.0,0.0,77;P16,14689;14748
150,8841,Penn Hills municipality,boundary,CHASKE ST,8841,CHASKE ST + WESTMINSTER,1,0,40.473912,-79.86387,1.8,0.2,0.0,79;P17,8841
150,1059,Ross township,boundary,AMITY DR,1106,AMITY DR + BLAZE,6,313,40.544752,-79.993446,1.8,0.0,0.0,O5,1059;1060;1061;1105;1106;1107
150,14571,Larimer,boundary,WASHINGTON BLVD,14571,WASHINGTON BLVD + SHETLAND,1,0,40.460079,-79.907074,1.8,0.0,0.0,71D;77;82;86;P10;P17,14571
150,7300,Swisshelm Park,boundary,WHIPPLE ST,7300,WHIPPLE ST + NEVADA,1,0,40.423001,-79.899143,1.8,0.0,0.0,71;P71,7300
150,19491,Upper Hill,boundary,ADELAIDE ST,19491,ADELAIDE ST + IOWA,1,0,40.452957,-79.956719,1.8,2.2,1.2,77;82;83;93,19491
150,1413,Chateau,boundary,WESTERN AVE,1413,WESTERN AVE + MANHATTAN FS,1,0,40.450377,-80.025365,1.8,0.6,2.2,14,1413
150,2499,McCandless township,boundary,FERGUSON RD,3378,FERGUSON RD + POST,2,8,40.563827,-79.990002,1.8,0.0,0.0,2;P13,2499;3378
150,6263,Scott township,boundary,VANADIUM RD,6263,VANADIUM RD + VOLUNTEER FIRE COMPANY,2,7,40.37429,-80.092314,1.8,0.8,1.2,41,6263;6434
150,4741,Mount Lebanon township,boundary,CEDAR BLVD,6586,CEDAR BLVD + HOLLYCREST,4,122,40.378232,-80.054837,1.8,0.6,1.2,36,4741;4762;6586;6598
150,21548,Baldwin borough,boundary,,21548,CUSTER AVE + EDWARD DR,2,15,40.3956,-79.968311,1.7,0.0,0.0,44,21548;21565
150,3374,McCandless township,boundary,FERGUSON RD,3374,FERGUSON RD + THOMPSON RUN RD FS,1,0,40.565739,-79.998253,1.7,0.2,0.0,2;P13,3374
150,13498,Monroeville municipality,boundary,BEATTY RD,13498,BEATTY RD + COLLEGE PARK,2,31,40.441716,-79.742918,1.7,0.0,0.0,67;P12,13498;13610
150,3452,Kennedy township,boundary,HERBST RD,3452,HERBST RD + FOREST GROVE,1,0,40.482228,-80.111894,1.7,0.6,1.4,20,3452
150,20647,Tarentum borough,boundary,CORBET ST,20647,CORBET ST + 2ND AVE,1,0,40.601302,-79.751293,1.7,0.0,0.0,1;P10,20647
150,8519,Greenfield,boundary,BEECHWOOD BLVD,8519,BEECHWOOD BLVD + #3911,1,0,40.428213,-79.933739,1.7,0.0,0.0,52L;53L,8519
150,8472,Point Breeze,boundary,,8472,HOMEWOOD AVE + REYNOLDS,2,26,40.446548,-79.903302,1.7,0.8,0.6,67;69;71C;74,8472;18985
150,1066,Ross township,boundary,,1100,CHARTERWOOD DR + MCINTYRE,4,171,40.551922,-80.001547,1.7,0.0,0.0,O5,1066;1068;1098;1100
150,13336,Harrison township,boundary,FREEPORT RD,16443,FREEPORT RD + CALIFORNIA,2,37,40.618268,-79.732262,1.6,0.0,0.0,P10,13336;16443
150,10131,West Mifflin borough,boundary,HWY RT 885,10131,HWY RT 885 + HUSTON,2,20,40.338319,-79.93774,1.6,0.2,0.2,Y47;Y49,10131;10214
150,2693,Perry North,boundary,,2693,IVORY AVE + RODENBAUGH FS,2,37,40.497322,-80.017669,1.6,0.6,1.0,12;17;4;8;O12,2693;20352
150,14645,Penn Hills municipality,boundary,LEECHBURG RD,14645,LEECHBURG RD + RICHEY DR,2,14,40.486255,-79.814685,1.6,0.0,0.0,77;P16,14645;19065
150,17212,Baldwin borough,boundary,,17212,CLOVERFIELD ST + AGNEW,2,13,40.398745,-79.964617,1.6,0.0,0.0,44,17212;21562
150,3898,Carnegie borough,boundary,3RD ST,5588,3RD ST + MAIN,2,11,40.404403,-80.091121,1.6,0.0,0.0,G2;G31,3898;5588
150,14610,Plum borough,boundary,CENTER RD,14610,CENTER RD + FOUR SEASONS APTS,2,23,40.461038,-79.759504,1.6,0.0,0.0,77,14610;14706
150,2520,Bon Air,boundary,,2523,CONNISTON AVE + GOSSER,2,91,40.405748,-79.998712,1.5,0.0,0.2,54;Y1;Y45;Y46;Y47;Y49,2520;2523
150,13565,Plum borough,boundary,,13640,FIESTA DR + RIVIERA,2,143,40.475008,-79.708346,1.5,0.0,0.0,P12,13565;13640
150,506,McCandless township,boundary,DUNCAN AVE,506,DUNCAN AVE + ROYAL MANOR CT #1,2,9,40.566042,-80.001629,1.5,2.0,0.0,2;P13,506;706
150,3434,Kennedy township,boundary,CORAOPOLIS RD,3434,CORAOPOLIS RD + LONG VALLEY,1,0,40.489929,-80.109089,1.4,0.4,0.0,20,3434
150,20790,"Trafford borough (Westmoreland, PA)",prt_label,FOREST AVE,20790,FOREST AVE + 6TH ST,2,69,40.387058,-79.757362,1.4,0.2,0.2,69;P69,20790;20791
150,2603,Beltzhoover,boundary,,2603,BERND ST + BAUSMAN,2,33,40.414217,-79.997303,1.4,0.8,0.8,44;54,2603;19546
150,14355,Larimer,boundary,HAMILTON AVE,14422,HAMILTON AVE + JULIUS,2,12,40.458235,-79.911622,1.4,0.0,0.0,28X;71C;71D;74;75;77;82;86;88;89;P10;P17,14355;14422
150,3428,Kennedy township,boundary,FOREST GROVE RD,3454,FOREST GROVE RD + #324 (FLAMINGO LANDSCAPE),2,40,40.481068,-80.106327,1.4,0.4,0.0,20,3428;3454
150,7543,Braddock borough,boundary,COREY AVE,7543,COREY AVE + CENTER,2,30,40.406238,-79.866272,1.4,0.4,0.6,59;61A;61B,7543;7555
150,1787,Perry South,boundary,CHARLES ST,1787,CHARLES ST + CROSS,2,9,40.465191,-80.020634,1.4,1.2,0.6,15;16,1787;1809
150,3455,Kennedy township,boundary,FOREST GROVE RD,3455,FOREST GROVE RD + DIEBOLD RD,3,103,40.479499,-80.104028,1.4,0.6,0.0,20,3455;3505;22685
150,8830,Penn Hills municipality,boundary,MARK DR,8830,MARK DR + #7865,1,0,40.469232,-79.87112,1.3,0.2,0.2,79;P17,8830
150,20428,Rankin borough,boundary,4TH AVE,20428,4TH AVE + ANTISBURY ST,1,0,40.412731,-79.879364,1.3,1.2,0.2,59;61A;61B;71;P1;P3;P7;P71,20428
150,22840,McCandless township,boundary,PERRY HWY,22840,PERRY HWY AT PERRYMONT RD,1,0,40.556154,-80.038995,1.3,0.6,0.8,O12,22840
150,798,Ross township,boundary,CONNIE DR,799,CONNIE DR + MERWOOD,4,183,40.498946,-80.024005,1.3,0.2,0.2,17;4;8,798;799;916;917
150,6585,Mount Lebanon township,boundary,CEDAR BLVD,6585,CEDAR BLVD + GREENHURST,2,35,40.375107,-80.056743,1.3,0.2,0.0,36,6585;6599
150,3453,Kennedy township,boundary,FOREST GROVE RD,3453,FOREST GROVE RD + SPEER,1,0,40.481812,-80.10984,1.2,0.4,0.6,20,3453
150,22357,Harrison township,boundary,BAKERSTOWN RD,22357,BAKERSTOWN RD + BP ENTRANCE FS,2,57,40.66751,-79.712195,1.2,0.0,0.0,P10,22357;22362
150,8012,Squirrel Hill South,boundary,POCUSSETT ST,8012,POCUSSETT ST + WIGHTMAN,1,0,40.429316,-79.927243,1.2,0.0,0.0,52L;53L;61C;61D;64;65;93,8012
150,1056,Ross township,boundary,THOMPSON RUN RD,1110,THOMPSON RUN RD + SANGREE,2,86,40.538527,-79.99006,1.2,0.0,0.0,O5,1056;1110
150,4120,Windgap,boundary,CHARTIERS AVE,4120,CHARTIERS AVE + EYRE WAY,1,0,40.458097,-80.07561,1.2,0.4,1.6,27,4120
150,14690,Penn Hills municipality,boundary,SALTSBURG RD,14747,SALTSBURG RD + REITER RD,2,35,40.476418,-79.780632,1.2,0.0,0.0,77;P16,14690;14747
150,21553,Baldwin borough,boundary,AGNEW RD,21553,AGNEW RD + LAFFERTY DR,2,32,40.398046,-79.96928,1.2,0.0,0.0,44,21553;21560
150,21550,Baldwin borough,boundary,CLOVERFIELD DR,21550,CLOVERFIELD DR + SANDA DR,2,19,40.397397,-79.966045,1.2,0.0,0.0,44,21550;21563
150,2718,Reserve township,boundary,MT TROY RD,2718,MT TROY RD + KINKURA,3,156,40.47912,-79.987209,1.2,0.0,0.0,4;7,2718;2719;2777
150,3903,Scott township,boundary,CAROTHERS AVE,4052,CAROTHERS AVE + LOCUST,3,147,40.397432,-80.088216,1.2,0.0,0.0,31;G31,3903;3904;4052
150,8405,Lincoln-Lemington-Belmar,boundary,WILTSIE RD,8418,WILTSIE RD + #6903,4,170,40.473168,-79.897184,1.2,1.6,1.0,74;82;P17,8405;8406;8418;8419
150,7999,Squirrel Hill South,boundary,BEECHWOOD BLVD,7999,BEECHWOOD BLVD + FOREST GLEN,1,0,40.434269,-79.912188,1.1,0.0,0.0,65,7999
150,3611,Kennedy township,boundary,CHARTIERS AVE EXT,3611,CHARTIERS AVE EXT + #1536,2,6,40.467061,-80.081793,1.1,0.8,1.2,20,3611;3651
150,7302,Swissvale borough,boundary,WHIPPLE ST,7302,WHIPPLE ST + AURELIUS,1,0,40.424602,-79.896312,1.1,0.0,0.0,71;P71,7302
150,21534,Baldwin borough,boundary,CHURCHVIEW AVE,21534,CHURCHVIEW AVE + CASTLEVIEW DR,2,10,40.38502,-79.959185,1.1,0.0,0.0,44,21534;21579
150,2292,Kennedy township,boundary,COAROPOLIS RD,2292,COAROPOLIS RD + HERBST RD,2,9,40.501048,-80.114699,1.1,0.8,2.2,20,2292;2401
150,21616,Baldwin borough,boundary,HORNING RD,21616,HORNING RD + #5621,2,8,40.333025,-79.989083,1.0,0.0,0.0,Y45,21616;21647
150,6576,Mount Lebanon township,boundary,GILKESON RD,6576,GILKESON RD + OLD GILKESON,2,28,40.358907,-80.05971,1.0,0.2,0.6,36,6576;6608
150,7303,Swissvale borough,boundary,,7303,AURELIUS ST + HARRISON,2,102,40.422797,-79.895292,1.0,0.0,0.0,59;61B;71;P71,7303;7312
150,21549,Baldwin borough,boundary,CLOVERFIELD DR,21549,CLOVERFIELD DR + EDWARD DR FS,2,16,40.394903,-79.966302,1.0,0.0,0.0,44,21549;21564
150,21530,Baldwin borough,boundary,CHURCHVIEW AVE,21530,CHURCHVIEW AVE + REVO DR,2,13,40.386126,-79.94296,1.0,0.0,0.0,44,21530;21583
150,14612,Plum borough,boundary,CENTER RD,14612,CENTER RD + WIMBLEDON DR,2,5,40.467101,-79.757045,0.9,0.0,0.0,77,14612;19801
150,21532,Baldwin borough,boundary,CHURCHVIEW AVE,21532,CHURCHVIEW AVE + GREENGLEN DR,2,17,40.384011,-79.952905,0.9,0.0,0.0,44,21532;21581
150,396,McCandless township,boundary,SPRINGFIELD DR,396,SPRINGFIELD DR + PEEBLE RD FS,2,12,40.579522,-79.994708,0.9,0.0,0.0,O5,396;471
150,1077,McCandless township,boundary,REMINGTON DR,1090,REMINGTON DR + HAZLETT,2,44,40.559955,-80.010828,0.9,0.0,0.0,2;O5;P13,1077;1090
150,858,Ross township,boundary,,860,JACKS RUN RD EXT + YORK,2,26,40.499943,-80.031669,0.9,0.6,0.2,17,858;860
150,20792,"Trafford borough (Westmoreland, PA)",prt_label,7TH ST,20792,7TH ST + PROSPECT,1,0,40.386442,-79.752504,0.9,0.0,0.0,69;P69,20792
150,2695,Perry North,boundary,IVORY AVE,2695,IVORY AVE + NELSON RUN,1,0,40.496621,-80.014573,0.9,1.0,0.4,12;4;O12;O5,2695
150,6435,Scott township,boundary,VANADIUM RD,18654,VANADIUM RD + GREEN COMMONS FS,2,105,40.371921,-80.089328,0.9,0.0,1.6,41,6435;18654
150,6817,Whitehall borough,boundary,BAPTIST RD,6817,BAPTIST RD + WINDVALE,2,7,40.353987,-80.005274,0.9,0.0,0.0,Y45,6817;18877
150,13638,Plum borough,boundary,FIESTA DR,13638,FIESTA DR + SUN VALLEY,1,0,40.471518,-79.707606,0.9,0.0,0.0,P12,13638
150,7806,Wilkinsburg borough,boundary,REBECCA ST,7806,REBECCA ST + CRAFT,1,0,40.437095,-79.876099,0.9,0.4,0.2,61A;67;69;P12;P67;P68;P69;P76,7806
150,20568,North Versailles township,boundary,PORT PERRY RD,20665,PORT PERRY RD + E PITTSBURGH-MCKEESPORT BLVD,2,37,40.38356,-79.828416,0.9,1.0,2.2,55;P76,20568;20665
150,2375,Sewickley borough,boundary,,2376,HILL ST + LOCUST,3,122,40.541794,-80.17892,0.9,0.6,0.8,14;21,2375;2376;2377
150,2497,Hampton township,boundary,FERGUSON RD,3380,FERGUSON RD + LINWOOD #1,2,8,40.55816,-79.984803,0.9,0.0,0.2,2;P13,2497;3380
150,6579,Mount Lebanon township,boundary,CEDAR BLVD,6579,CEDAR BLVD + BEADLING RD,4,153,40.36701,-80.061273,0.9,1.0,0.6,36,6579;6581;6603;6604
150,6577,Mount Lebanon township,boundary,GILKESON RD,6577,GILKESON RD + CEDAR,1,0,40.361648,-80.063758,0.8,0.4,0.0,36,6577
150,3432,Kennedy township,boundary,CORAOPOLIS RD,3432,CORAOPOLIS RD + EHLE AVE,1,0,40.487941,-80.10699,0.8,0.0,0.0,20,3432
150,8580,Polish Hill,boundary,BIGELOW BLVD,8580,BIGELOW BLVD + FINLAND ST,1,0,40.458077,-79.960388,0.8,0.2,0.2,54;77;83,8580
150,18853,South Park township,boundary,HORNING RD,18853,HORNING RD + BROUGHTON FS,2,16,40.330705,-79.98831,0.8,0.0,0.0,Y45,18853;20808
150,14643,Penn Hills municipality,boundary,LEECHBURG RD,14643,LEECHBURG RD + CLOVERLEAF RD,2,30,40.486971,-79.808677,0.8,0.0,0.0,77;P16,14643;19067
150,21610,McKeesport city,boundary,LONG RUN RD,21610,LONG RUN RD + LOU WASHOWICH WAY,2,16,40.323032,-79.820881,0.8,0.0,0.0,P76,21610;21611
150,6818,Whitehall borough,boundary,BAPTIST RD,6818,BAPTIST RD + LACHMAN,2,18,40.355632,-80.002883,0.8,0.0,0.0,Y45,6818;6874
150,18286,Chateau,boundary,CASINO CR,18286,CASINO CR + NORTH POINT FS (BUS BAY),1,0,40.448389,-80.023019,0.8,0.0,0.8,14;18;54,18286
150,20390,Chateau,boundary,RIDGE AVE,20390,RIDGE AVE + ALLEGHENY,1,0,40.449603,-80.018561,0.8,0.2,0.8,14;18;54,20390
150,13321,Harrison township,boundary,FREEPORT RD,13321,FREEPORT RD + IDAHO,2,41,40.619504,-79.730448,0.8,0.0,0.0,P10,13321;13337
150,401,McCandless township,boundary,SAMPLE RD,401,SAMPLE RD + HIGH MEADOW,2,14,40.573411,-79.993675,0.8,0.0,0.0,O5,401;16482
150,1101,Ross township,boundary,MCINTYRE DR,1101,MCINTYRE DR + THOMPSON RUN,2,13,40.552454,-79.998542,0.8,0.0,0.0,O5,1101;19862
150,18645,Scott township,boundary,BOWER HILL RD,18645,BOWER HILL RD + PAINTERS RUN,2,53,40.364433,-80.086756,0.8,0.2,0.0,41,18645;19645
150,11128,White Oak borough,boundary,JACKS RUN RD,11128,JACKS RUN RD + OAK PARK MALL,2,51,40.338007,-79.806976,0.8,0.0,0.0,P76,11128;11178
150,2521,Bon Air,boundary,,2521,CAMFIELD ST + DRYCOVE,2,83,40.404,-79.99861,0.7,0.4,0.4,54;Y1;Y45;Y46;Y47;Y49,2521;2522
150,124,McCandless township,boundary,BABCOCK BLVD,124,BABCOCK BLVD OPP WINCHESTER DR,1,0,40.566028,-80.016517,0.7,2.6,0.0,12,124
150,5928,Bethel Park municipality,boundary,FT COUCH RD,5928,FT COUCH RD + MEDICAL ARTS BLDG,1,0,40.340878,-80.052343,0.7,0.0,0.4,36,5928
150,2715,Reserve township,boundary,MT TROY RD,2715,MT TROY RD + GARDENVIEW,2,65,40.48535,-79.991928,0.7,0.4,0.2,4;7,2715;2780
150,11139,North Versailles township,boundary,,11139,LINCOLN OPP BROAD ST,2,41,40.375511,-79.796751,0.7,0.0,0.0,P76,11139;11167
150,18866,South Park township,boundary,ZUPANCIC DR,18866,ZUPANCIC DR + QUAKER,1,0,40.32077,-79.989408,0.7,0.0,0.0,Y45,18866
150,2726,Reserve township,boundary,MT TROY RD,2726,MT TROY RD + HOMESTEAD,2,11,40.472477,-79.983007,0.7,0.4,0.2,4;7,2726;2769
150,10593,White Oak borough,boundary,LONG RUN RD,11126,LONG RUN RD + COOLSPRINGS,2,41,40.332746,-79.813668,0.7,0.0,0.0,P76,10593;11126
150,6868,Whitehall borough,boundary,,6868,PROVOST RD + BAPTIST,2,17,40.361248,-79.991077,0.7,0.2,0.0,Y47,6868;9684
150,5800,Scott township,boundary,LINDSAY RD,5800,LINDSAY RD + WYNNECLIFF #1,2,23,40.38373,-80.080411,0.7,0.6,0.0,38,5800;5896
150,1062,Ross township,boundary,AMITY DR,1104,AMITY DR + LINGAY,2,26,40.547561,-79.994631,0.6,0.0,0.0,O5,1062;1104
150,22644,Upper St. Clair municipality,boundary,WASHINGTON RD,22644,WASHINGTON RD AT CONSOL DR FS,1,0,40.345859,-80.057481,0.6,0.0,0.0,36,22644
150,19052,Penn Hills municipality,boundary,LEECHBURG RD,19052,LEECHBURG RD + AUBURN FS,2,10,40.492889,-79.790756,0.6,0.0,0.0,77;P16,19052;19075
150,8367,Squirrel Hill North,boundary,MURRAY AVE,8367,MURRAY AVE + AYLESBORO,2,39,40.43975,-79.923065,0.6,0.0,0.0,61A;61B;61C;61D;64;74,8367;20072
150,8368,Squirrel Hill North,boundary,MURRAY AVE,8368,MURRAY AVE + NORTHUMBERLAND,2,28,40.44144,-79.923374,0.6,0.0,0.0,61A;61B;61C;61D;64;67;69;74,8368;20071
150,2711,Reserve township,boundary,MT TROY RD,2711,MT TROY RD + HOFFMAN,4,142,40.490076,-79.99224,0.5,0.4,0.0,4,2711;2712;2783;2784
150,13611,Monroeville municipality,boundary,BEATTY RD,18611,BEATTY RD + BEATTY POINTE VILLAGE FS,2,8,40.445738,-79.747425,0.5,0.0,0.0,67,13611;18611
150,411,McCandless township,boundary,PEEBLES RD,411,PEEBLES RD + PARKWAY,1,0,40.564091,-80.009728,0.5,0.0,0.0,2;O5;P13,411
150,15746,Mount Lebanon township,boundary,COCHRAN,15746,COCHRAN + ROBINWOOD,2,34,40.390901,-80.059264,0.5,0.2,0.0,38,15746;19603
150,400,McCandless township,boundary,,400,NORTHGATE DR + SAMPLE RD,2,15,40.574703,-79.990581,0.5,0.0,0.0,O5,400;18697
150,21529,Baldwin borough,boundary,,21529,CHURCHVIEW GARDEN APTS DRVWY + CHURCHVIEW AVE,2,15,40.385605,-79.940598,0.5,0.0,0.0,44,21529;21584
150,6953,Baldwin borough,boundary,,20297,BLOSSOM RD + LAUREL DR FS,2,30,40.343505,-79.994337,0.5,0.0,0.0,Y45,6953;20297
150,403,McCandless township,boundary,SAMPLE RD,403,SAMPLE RD + COLLINGTON,3,180,40.571641,-79.998766,0.5,0.0,0.0,O5,403;463;464
150,1044,Ross township,boundary,THOMPSON RUN RD,1121,THOMPSON RUN RD + WOODBRIDGE APTS,4,163,40.517924,-79.993235,0.5,0.0,0.0,O5,1044;1045;1121;1122
150,1812,Perry South,boundary,CHARLES ST,1813,CHARLES ST + KENN,2,87,40.467758,-80.016212,0.5,0.2,0.0,11;15;8,1812;1813
150,2764,Troy Hill,boundary,RIALTO ST,2764,RIALTO ST + WICKLINES,1,0,40.467267,-79.982885,0.5,0.0,0.2,1;2;4;7,2764
150,21554,Baldwin borough,boundary,AGNEW RD,21554,AGNEW RD + JOSEPH ST,2,26,40.396314,-79.971331,0.5,0.0,0.0,44,21554;21559
150,1063,Ross township,boundary,AMITY DR,18708,AMITY DR + THOMPSON RUN,3,163,40.549387,-79.996814,0.5,0.0,0.0,O5,1063;1103;18708
150,5807,Scott township,boundary,LINDSAY RD,5807,LINDSAY RD + CHERRYTREE,2,14,40.385483,-80.073928,0.4,0.6,0.0,38,5807;5889
150,3436,Kennedy township,boundary,CORAOPOLIS RD,3436,CORAOPOLIS RD + HWY RT 51,1,0,40.491904,-80.111687,0.4,0.0,0.0,20,3436
150,3431,Kennedy township,boundary,CORAOPOLIS RD,3431,CORAOPOLIS RD + PORTER HOLLOW,1,0,40.48619,-80.106471,0.4,0.8,0.0,20,3431
150,2859,Reserve township,boundary,RAMAGE RD,2860,RAMAGE RD + CHARLEMMA,3,160,40.490037,-80.00366,0.4,0.0,0.0,7,2859;2860;2918
150,7997,Squirrel Hill South,boundary,DARLINGTON RD,7997,DARLINGTON RD + BEACON,1,0,40.436193,-79.913774,0.4,0.0,0.0,61A;61B;65,7997
150,406,McCandless township,boundary,PEEBLES RD,407,PEEBLES RD + LOCUST,4,172,40.570096,-80.003237,0.4,0.0,0.0,2;O5;P13,406;407;460;461
150,2495,Hampton township,boundary,FERGUSON RD,3382,FERGUSON RD + SWEENEY,2,39,40.557909,-79.975459,0.4,0.0,0.0,2;P13,2495;3382
150,2494,Hampton township,boundary,FERGUSON RD,3383,FERGUSON RD + LINWOOD #2,2,18,40.55708,-79.973435,0.4,0.0,0.0,2;P13,2494;3383
150,1050,Ross township,boundary,THOMPSON RUN RD,1116,THOMPSON RUN RD + SEIBERT,2,34,40.529072,-79.990306,0.4,0.0,0.0,O5,1050;1116
150,8845,Penn Hills municipality,boundary,ABER RD,8845,ABER RD + #8077,1,0,40.469151,-79.862206,0.4,0.0,0.0,79;P17,8845
150,3379,Hampton township,boundary,FERGUSON RD,3379,FERGUSON RD + LAMMERTON,2,57,40.561491,-79.987551,0.4,0.0,0.6,2;P13,3379;3424
150,507,McCandless township,boundary,DUNCAN AVE,705,DUNCAN AVE + ROYAL MANOR CT #1,2,12,40.566619,-80.003644,0.4,0.4,0.4,2;O5;P13,507;705
150,3429,Kennedy township,boundary,CORAOPOLIS RD,3430,CORAOPOLIS RD + #28,2,109,40.483576,-80.107111,0.4,0.6,0.0,20,3429;3430
150,13606,Monroeville municipality,boundary,OLD WM PENN HWY,13606,OLD WM PENN HWY + SCOTT DR,1,0,40.441384,-79.751748,0.3,0.0,0.0,67;P12,13606
150,11705,West Mifflin borough,boundary,HOMEVILLE RD,11705,HOMEVILLE RD OPP CASTLE DR (USPS),2,25,40.381376,-79.877324,0.3,0.0,0.0,52L;59,11705;11754
150,1739,Chateau,boundary,,1739,METROPOLITAN ST + BRANCHPORT,2,93,40.458759,-80.032864,0.3,0.0,0.0,13;14;17;18,1739;1740
150,1052,Ross township,boundary,THOMPSON RUN RD,1114,THOMPSON RUN RD + SUNSET,2,63,40.531889,-79.990234,0.3,0.0,0.0,O5,1052;1114
150,11130,White Oak borough,boundary,JACKS RUN RD,11130,JACKS RUN RD + MCKEESPORT SPORTSMENS ASSOC,1,0,40.358595,-79.786057,0.3,0.0,0.0,P76,11130
150,1400,Chateau,boundary,BEAVER AVE,1400,BEAVER AVE + NORTH POINTE,1,0,40.44961,-80.027035,0.3,0.0,0.0,14,1400
150,21252,South Park township,boundary,BROWNSVILLE RD,21252,BROWNSVILLE RD + WILHELM AVE,1,0,40.32508,-79.987659,0.3,0.0,0.0,Y45,21252
150,6251,Bridgeville borough,boundary,BOWER HILL RD,6251,BOWER HILL RD + #802,1,0,40.359865,-80.101768,0.3,0.2,0.2,41,6251
150,2870,Spring Garden,boundary,SPRING GARDEN AVE,2870,SPRING GARDEN AVE + GIDDY WAY,2,9,40.474634,-79.98907,0.3,0.0,0.0,4;7,2870;19322
150,1055,Ross township,boundary,THOMPSON RUN RD,1111,THOMPSON RUN RD + CHERRINGTON,2,6,40.536463,-79.990315,0.3,0.0,0.0,O5,1055;1111
150,392,McCandless township,boundary,PRESIDENTIAL DR,392,PRESIDENTIAL DR + MADISON (LEASE OFFICE),2,7,40.583484,-79.998827,0.3,0.0,0.0,O5,392;475
150,22747,West Oakland,boundary,FIFTH AVE,22747,FIFTH AVE AT ROBINSON ST FS,1,0,40.437071,-79.965827,0.3,0.2,0.4,28X;54;56;57;58;61A;61B;61C;61D;65;67;69;71A;71B;71C;71D;75;81;83;93;P3,22747
150,15744,Mount Lebanon township,boundary,,19583,COCHRAN ROAD + PARKER DR,2,47,40.3885,-80.057175,0.3,0.0,0.0,36;38,15744;19583
150,5796,Scott township,boundary,LINDSAY RD,5796,LINDSAY RD + PARK DR,2,7,40.384193,-80.084418,0.3,0.0,0.0,38,5796;5900
150,5809,Scott township,boundary,LINDSAY RD,5809,LINDSAY RD + SWALLOW HILL,2,34,40.384534,-80.070855,0.3,0.0,0.6,38,5809;5887
150,21533,Baldwin borough,boundary,CHURCHVIEW AVE,21533,CHURCHVIEW AVE + JOHN ROMANUS DR,2,12,40.383485,-79.955478,0.3,0.0,0.0,44,21533;21580
150,19774,Plum borough,boundary,UNITY TRESTLE RD,19774,UNITY TRESTLE RD + FRANCIS RD,2,16,40.48364,-79.765823,0.3,0.0,0.0,77;P16,19774;19800
150,3456,Kennedy township,boundary,FOREST GROVE RD,3504,FOREST GROVE RD + MIDWAY,2,12,40.477835,-80.102809,0.3,0.0,0.0,20,3456;3504
150,14514,Penn Hills municipality,boundary,FRANKSTOWN RD,14514,FRANKSTOWN RD + VANCE ST,1,0,40.463322,-79.839954,0.2,0.0,0.0,77;P78,14514
150,3649,McKees Rocks borough,boundary,CHARTIERS AVE EXT,3649,CHARTIERS AVE EXT + OWEN,1,0,40.466554,-80.077099,0.2,1.4,0.0,20,3649
150,2861,Reserve township,boundary,RAMAGE RD,2861,RAMAGE RD + CHERRYWOOD,2,14,40.490686,-79.999953,0.2,0.0,0.0,7,2861;2917
150,6909,Baldwin borough,boundary,,6909,CURRY RD + LAUREL,2,19,40.344282,-79.992199,0.2,0.0,0.0,Y45,6909;20231
150,6056,Bridgeville borough,boundary,BOWER HILL RD,6056,BOWER HILL RD + LIBERTY,1,0,40.359022,-80.108893,0.2,0.0,0.0,31;41;G31,6056
150,18783,Kennedy township,boundary,HERBST RD,18783,HERBST RD + ROSE,1,0,40.487232,-80.11837,0.2,0.0,0.0,20,18783
150,20794,"Trafford borough (Westmoreland, PA)",prt_label,FORBES RD,20794,FORBES RD + MEADOW ST,1,0,40.388982,-79.750332,0.2,0.0,0.0,69;P69,20794
150,2709,Reserve township,boundary,MT TROY RD,2709,MT TROY RD + GEYER,2,44,40.493555,-79.994924,0.2,0.4,0.0,4;7,2709;2786
150,6583,Mount Lebanon township,boundary,CEDAR BLVD,6583,CEDAR BLVD + MAYFAIR,3,112,40.371177,-80.059647,0.2,0.0,0.0,36,6583;6601;19674
150,6250,Bridgeville borough,boundary,BOWER HILL RD,6250,BOWER HILL RD + #736,2,103,40.35849,-80.104559,0.2,0.2,0.0,41,6250;6446
150,4658,Banksville,boundary,BANKSVILLE RD,4658,BANKSVILLE RD + FAMILY LINK,1,0,40.405513,-80.037424,0.2,0.0,0.4,36,4658
150,6265,Scott township,boundary,MAIN ST,6265,MAIN ST + #1737,2,20,40.376935,-80.092894,0.2,0.0,0.0,31;38;41;G31,6265;6432
150,21578,Baldwin borough,boundary,CHURCHVIEW AVE,21587,CHURCHVIEW AVE + WALTON RD FS,2,115,40.385765,-79.961681,0.2,0.0,0.0,44,21578;21587
150,8,Allegheny West,boundary,RIDGE AVE,8,RIDGE AVE + GALVESTON,1,0,40.450237,-80.015516,0.2,0.0,0.0,14;18;54,8
150,19319,Spring Garden,boundary,SPRING GARDEN AVE,19319,SPRING GARDEN AVE + WILLIAMS RD,1,0,40.47729,-79.993594,0.2,0.0,0.0,7,19319
150,11703,West Mifflin borough,boundary,HOMEVILLE RD,11703,HOMEVILLE RD OPP CASTLE DR,2,8,40.376823,-79.875493,0.2,0.0,0.0,52L,11703;11756
150,14614,Plum borough,boundary,MONROEVILLE-TRESTLE RD,14614,MONROEVILLE-TRESTLE RD + FOUR SEASONS,2,38,40.470264,-79.754875,0.2,0.0,0.0,77,14614;19086
150,504,McCandless township,boundary,HEMLOCK DR,504,HEMLOCK DR AT NORTH PARK POOL PARK AND RIDE,1,0,40.586694,-79.996333,0.2,0.0,0.0,O5,504
150,20225,South Park township,boundary,BROWNSVILLE RD,20225,BROWNSVILLE RD + NATIVTY CHURCH,2,26,40.329069,-79.987373,0.2,0.0,0.0,Y45,20225;20809
150,8004,Squirrel Hill South,boundary,BEECHWOOD BLVD,8004,BEECHWOOD BLVD + #2530,1,0,40.429335,-79.915624,0.2,0.0,0.0,65;74,8004
150,32,North Oakland,boundary,BELLEFIELD AVE,32,BELLEFIELD AVE + BOARD OF EDUCATION,1,0,40.444399,-79.950906,0.2,0.0,0.2,28X;54;58;61A;61B;61C;61D;67;69;71A;71B;71C;71D;75;81;83;93;P3,32
150,14602,Monroeville municipality,boundary,CENTER RD,14714,CENTER RD + HELMAR DR FS,2,8,40.452374,-79.761261,0.2,0.0,0.0,77,14602;14714
150,4563,Banksville,boundary,BANKSVILLE RD,4563,BANKSVILLE RD + #3021,2,29,40.401662,-80.042414,0.2,0.0,0.0,36,4563;4661
150,19134,Penn Hills municipality,boundary,MILLTOWN RD,19134,MILLTOWN RD + NEWFIELD,2,24,40.501,-79.792234,0.2,0.0,0.0,P16,19134;19149
150,3448,Kennedy township,boundary,HERBST RD,3448,HERBST RD + GRANT,3,253,40.486191,-80.113978,0.2,0.0,0.0,20,3448;15992;22419
150,3445,Kennedy township,boundary,HERBST RD,3445,HERBST RD + VIGNE,1,0,40.489527,-80.119555,0.1,0.0,0.0,20,3445
150,5797,Scott township,boundary,LINDSAY RD,5798,LINDSAY RD + #559,4,133,40.382261,-80.084992,0.1,0.2,0.0,38,5797;5798;5898;5899
150,2720,Reserve township,boundary,,2720,MT TROY RD + PIEFFERS STORE,4,165,40.476568,-79.988498,0.1,0.0,0.0,4;7,2720;2776;2869;2910
150,8931,Penn Hills municipality,boundary,MT CARMEL,8931,MT CARMEL + MASON RD,1,0,40.465484,-79.878214,0.1,0.0,0.0,79;P17,8931
150,3375,McCandless township,boundary,FERGUSON RD,3375,FERGUSON RD + FOXCROFT,1,0,40.565075,-79.995804,0.1,0.0,0.0,2;P13,3375
150,8371,Point Breeze,boundary,REYNOLDS ST,8474,REYNOLDS ST + MURTLAND,2,27,40.447969,-79.907758,0.1,1.0,0.0,67;69;71C;74,8371;8474
150,10130,West Mifflin borough,boundary,HWY RT 885,10130,HWY RT 885 + GORDENS,2,16,40.335948,-79.936721,0.1,0.0,0.0,Y47;Y49,10130;10215
150,9707,Whitehall borough,boundary,PROVOST RD,9707,PROVOST RD + WHITEHALL COUNTRY CLUB,1,0,40.372174,-79.994702,0.1,0.0,0.0,Y45;Y47,9707
150,11140,North Versailles township,boundary,LINCOLN HWY,11140,LINCOLN HWY + JACOB,2,39,40.376782,-79.799824,0.1,0.0,0.0,P76,11140;11166
150,11138,North Versailles township,boundary,LINCOLN HWY,11138,LINCOLN HWY + MCKEE,2,32,40.373046,-79.792914,0.1,0.0,0.0,P76,11138;11168
150,469,McCandless township,boundary,,18704,SPRINGFIELD DR + NORTHGATE,2,19,40.577844,-79.992332,0.1,0.0,0.0,O5,469;18704
150,11161,North Versailles township,boundary,LINCOLN HWY,11161,LINCOLN HWY + GRAHAM,1,0,40.380126,-79.809183,0.1,0.0,0.0,P76,11161
150,7996,Squirrel Hill South,boundary,MULHATTON ST,7996,MULHATTON ST + DARLINGTON,2,149,40.435683,-79.916322,0.1,0.0,0.0,61A;61B;64;65;74,7996;18499
150,14693,Plum borough,boundary,SALTSBURG RD,14693,SALTSBURG RD + MILLERS LN,1,0,40.475159,-79.772827,0.1,0.0,0.0,77;P16,14693
150,21524,Robinson township,boundary,CORAOPOLIS RD,21524,CORAOPOLIS RD + #285,1,0,40.502029,-80.120723,0.1,0.0,0.0,20,21524
150,5801,Scott township,boundary,LINDSAY RD,5801,LINDSAY RD + #722,1,0,40.385452,-80.079277,0.1,0.0,0.0,38,5801
150,6582,Mount Lebanon township,boundary,CEDAR BLVD,6582,CEDAR BLVD + #1163,2,25,40.369377,-80.060632,0.1,0.2,0.0,36,6582;6602
150,5804,Scott township,boundary,LINDSAY RD,5804,LINDSAY RD + CLAIREVIEW,4,142,40.387404,-80.076952,0.1,0.0,0.4,38,5804;5805;5891;5892
150,20668,Brackenridge borough,boundary,PROSPECT ST,20668,PROSPECT ST + RESERVOIR DR,1,0,40.610779,-79.746547,0.1,0.0,0.0,P10,20668
150,2865,Reserve township,boundary,SPRING GARDEN AVE,2866,SPRING GARDEN AVE + #3364,4,101,40.480886,-79.996112,0.1,0.0,0.0,7,2865;2866;2913;2914
150,14606,Monroeville municipality,boundary,CENTER RD,14606,CENTER RD + COTTAGE LN,2,8,40.456194,-79.759852,0.1,0.0,0.0,77,14606;14710
150,6940,Baldwin borough,boundary,GARDENVILLE RD,20226,GARDENVILLE RD + CHARLOTTE,2,24,40.34574,-80.006971,0.1,0.0,0.0,Y45,6940;20226
150,20233,South Park township,boundary,ZUPANCIC DR,20233,ZUPANCIC DR + SPRINGDALE,1,0,40.320577,-79.994214,0.1,0.0,0.0,Y45,20233
150,14474,Plum borough,boundary,HULTON RD,14474,HULTON RD + COXCOMB,1,0,40.527034,-79.816721,0.1,0.0,0.0,P16,14474
150,19150,Plum borough,boundary,HULTON RD,19150,HULTON RD + PENNSYLVANIA,2,16,40.525973,-79.815336,0.1,0.0,0.0,P16,19150;20022
150,21364,Summer Hill,boundary,IVORY AVE,21364,IVORY AVE + SCHERLING ST,1,0,40.495825,-80.005372,0.1,0.0,0.0,4;O5,21364
150,919,Ross township,boundary,CONNIE DR,919,CONNIE DR + OLD CONNIE,2,20,40.496316,-80.022806,0.1,0.2,0.0,17;8,919;19349
150,5802,Scott township,boundary,LINDSAY RD,5802,LINDSAY RD + WYNNECLIFF #2,2,19,40.387401,-80.07944,0.1,0.0,0.0,38,5802;5894
150,3609,Kennedy township,boundary,CHARTIERS AVE EXT,3609,CHARTIERS AVE EXT + HOWARD,2,22,40.467922,-80.084239,0.1,0.8,0.0,20,3609;3653
150,5929,Bethel Park municipality,boundary,OXFORD DR,5929,OXFORD DR + THOMAS MORE MANOR,1,0,40.343425,-80.051929,0.1,0.0,1.0,36,5929
150,20795,Trafford borough,boundary,FORBES RD,20795,FORBES RD + CK STUDIOS DRIVEWAY,1,0,40.392094,-79.758172,0.1,0.0,0.0,69;P69,20795
150,3377,McCandless township,boundary,FERGUSON RD,20829,FERGUSON RD + WALLACE,2,29,40.564891,-79.992678,0.1,0.0,0.0,2;P13,3377;20829
150,8844,Penn Hills municipality,boundary,ABER RD,8844,ABER RD + #8141,1,0,40.471161,-79.861244,0.1,0.0,0.0,79;P17,8844
150,6928,Baldwin borough,boundary,GARDENVILLE RD,6928,GARDENVILLE RD + KOEFFLER,2,23,40.347929,-80.00765,0.1,0.0,0.0,Y45,6928;6938
150,14623,Plum borough,boundary,,14624,UNITY TRESTLE RD + JACKSON RD,4,212,40.485114,-79.768574,0.1,0.0,0.0,77;P16,14623;14624;19082;19083
150,13471,Brackenridge borough,boundary,PENN ST,13471,PENN ST + UNION,2,20,40.6131,-79.741568,0.1,0.0,0.0,P10,13471;13494
150,21251,South Park township,boundary,COCHRANS MILL RD,21251,COCHRANS MILL RD + BROWNSVILLE RD FS,1,0,40.325086,-79.985709,0.1,0.0,0.0,Y45,21251
150,6907,Baldwin borough,boundary,CURRY RD,6907,CURRY RD + OLYMPIA,2,28,40.340304,-79.990926,0.1,0.0,0.0,Y45,6907;6958
150,14620,Plum borough,boundary,,19084,UNITY-CENTER RD+ #1010,2,126,40.478556,-79.761939,0.1,0.0,0.0,77;P16,14620;19084
150,1083,Hampton township,boundary,HEMLOCK DR,1083,HEMLOCK DR + SAMPLE FS,2,23,40.576321,-79.978983,0.1,0.0,0.0,O5,1083;1131
150,2862,Reserve township,boundary,RAMAGE RD,2862,RAMAGE RD + SPRING GARDEN,1,0,40.492489,-79.996353,0.1,0.0,0.0,4;7,2862
150,2864,Reserve township,boundary,SPRING GARDEN AVE,2864,SPRING GARDEN AVE + #3681,2,13,40.485395,-79.99655,0.1,0.0,0.0,4;7,2864;2915
150,20219,McKeesport city,boundary,LONG RUN RD,20219,LONG RUN RD + OLD LONG RUN RD NS,2,37,40.322027,-79.82594,0.1,0.0,0.0,P76,20219;20222
150,20918,Churchill borough,boundary,CHURCHILL RD,20918,CHURCHILL RD + HOLLAND,1,0,40.444465,-79.844586,0.1,0.0,0.0,67;P16;P67,20918
150,20118,Plum borough,boundary,MONROEVILLE TRESTLE RD,20118,MONROEVILLE TRESTLE RD + SALTSBURG RD,1,0,40.476457,-79.760658,0.1,0.0,0.0,77;P16,20118
150,19085,Plum borough,boundary,UNITY-TRESTLE RD+ SALTSBURG,19085,UNITY-TRESTLE RD+ SALTSBURG,1,0,40.477575,-79.759484,0.1,0.0,0.0,77;P16,19085
150,19078,Penn Hills municipality,boundary,UNITY-CENTER RD+ CADWELL,19078,UNITY-CENTER RD+ CADWELL,1,0,40.493827,-79.786307,0.1,0.0,0.0,77;P16,19078
150,17592,Whitehall borough,boundary,BAPTIST,17592,BAPTIST + WEYMAN RD FS (CASTE VILLAGE),1,0,40.357663,-80.000317,0.1,0.0,0.0,Y45,17592
150,16384,Bethel Park municipality,boundary,OXFORD DR,16384,OXFORD DR + HOME DEPOT,1,0,40.344515,-80.049766,0.1,0.0,0.4,36,16384
150,14471,Oakmont borough,boundary,HULTON RD,14471,HULTON RD + 12TH,3,170,40.524507,-79.82827,0.1,0.0,0.0,P16,14471;15112;20036
150,20027,Penn Hills municipality,boundary,MILLTOWN RD,20034,MILLTOWN RD + COMMUNITY MARKET DRVWY,2,24,40.498602,-79.790028,0.1,0.0,0.0,P16,20027;20034
150,2713,Reserve township,boundary,MT TROY RD,2713,MT TROY RD + MT TROY FLORAL (#3467),2,42,40.48783,-79.99206,0.0,0.0,0.0,4,2713;2782
150,3443,Kennedy township,boundary,HERBST RD,3443,HERBST RD + DOWNS,1,0,40.492833,-80.118277,0.0,0.0,0.0,20,3443
150,20064,Lincoln-Lemington-Belmar,boundary,WILTSIE ST,20064,WILTSIE ST + HIGHLAND DR FS,1,0,40.476241,-79.898523,0.0,1.8,0.0,74,20064
150,125,McCandless township,boundary,BABCOCK BLVD,125,BABCOCK BLVD + FAIRFIELD RD,2,29,40.564121,-80.019188,0.0,0.0,0.0,12,125;258
150,21116,Kennedy township,boundary,HERBST RD,21116,HERBST RD + HERBST MANOR RD,1,0,40.491383,-80.119188,0.0,0.0,0.0,20,21116
150,3438,Kennedy township,boundary,HERBST RD,3438,HERBST RD + #235,2,120,40.499499,-80.115869,0.0,0.0,0.0,20,3438;3439
150,5799,Scott township,boundary,LINDSAY RD,5799,LINDSAY RD + #601,2,17,40.383131,-80.082611,0.0,0.0,0.0,38,5799;5897
150,2496,Hampton township,boundary,FERGUSON RD,2496,FERGUSON RD + OHIO,2,30,40.557365,-79.978598,0.0,0.0,0.0,2;P13,2496;3381
150,2788,Ross township,boundary,MT TROY RD,2788,MT TROY RD + ST MARY CEMETERY ENT,2,120,40.495633,-79.999651,0.0,0.0,0.0,4,2788;2789
150,2400,Kennedy township,boundary,HWY RT 51,2400,HWY RT 51 + EDGETOWN APTS,1,0,40.500011,-80.112061,0.0,0.0,0.0,20,2400
150,2399,Kennedy township,boundary,HWY RT 51,2399,HWY RT 51 + STANFORD CT,1,0,40.495251,-80.111231,0.0,0.0,0.0,20,2399
150,6578,Mount Lebanon township,boundary,CEDAR BLVD,6578,CEDAR BLVD + #1281,1,0,40.363107,-80.063427,0.0,0.0,0.0,36,6578
150,2774,Reserve township,boundary,MT TROY RD,2774,MT TROY RD + #2768,1,0,40.475278,-79.986928,0.0,0.0,0.0,4;7,2774
150,2287,Robinson township,boundary,,2287,CORAOPOLIS RD + #333,2,15,40.502979,-80.126956,0.0,0.0,0.0,20,2287;21632
150,6443,Bridgeville borough,boundary,BOWER HILL RD,6443,BOWER HILL RD + COOKS SCHOOL,1,0,40.361173,-80.100298,0.0,0.0,0.0,41,6443
150,410,McCandless township,boundary,PEEBLES RD,410,PEEBLES RD + PEEBLES SCHOOL RD,1,0,40.565399,-80.008535,0.0,0.0,0.0,2;O5;P13,410
150,4086,Windgap,boundary,LADOGA ST,4086,LADOGA ST + #3218,1,0,40.449796,-80.068213,0.0,0.0,0.2,26;27,4086
150,6612,Bethel Park municipality,boundary,WASHINGTON RD,6612,WASHINGTON RD + WASHINGTONIAN APTS,1,0,40.350225,-80.051365,0.0,0.0,0.0,36,6612
150,14745,Plum borough,boundary,SALTSBURG RD,14745,SALTSBURG RD + CHAPEL HILL DENTAL (#7641),2,77,40.475119,-79.775728,0.0,0.0,0.0,77;P16,14745;19813
150,13472,Brackenridge borough,boundary,PENN ST,13472,PENN ST + ATLANTIC,2,20,40.611611,-79.740744,0.0,0.0,0.0,P10,13472;13492
150,20657,Brackenridge borough,boundary,FREEPORT RD,20657,FREEPORT RD + HORNER ST,1,0,40.609265,-79.749064,0.0,0.0,0.0,P10,20657
150,6829,Whitehall borough,boundary,PROVOST RD,6829,PROVOST RD + WHITEHILL CIR,2,9,40.367061,-79.993549,0.0,0.0,0.0,Y47,6829;6863
150,11175,North Versailles township,boundary,JACKS RUN RD,11175,JACKS RUN RD + BIROS TRAILER PARK,1,0,40.360209,-79.785726,0.0,0.0,0.0,P76,11175
150,13335,Harrison township,boundary,FREEPORT RD,13335,FREEPORT RD + ARGONNE,1,0,40.617415,-79.733948,0.0,0.0,0.0,P10,13335
150,1057,Ross township,boundary,THOMPSON RUN RD,1057,THOMPSON RUN RD + WHITE OAK,2,11,40.541944,-79.992374,0.0,0.0,0.0,O5,1057;1109
150,17327,Harrison township,boundary,FREEPORT RD,17327,FREEPORT RD + ALTERMOOR DR,2,32,40.65593,-79.707414,0.0,0.0,0.0,P10,17327;22359
150,22358,Harrison township,boundary,BAKERSTOWN RD,22358,BAKERSTOWN RD + #1 COCHRAN DRVWY,2,27,40.667046,-79.706635,0.0,0.0,0.0,P10,22358;22361
150,18870,South Park township,boundary,BROWNSVILLE,18870,BROWNSVILLE + SYLVANIA,1,0,40.321828,-79.995157,0.0,0.0,0.0,Y45,18870
150,14691,Penn Hills municipality,boundary,SALTSBURG RD,14691,SALTSBURG RD + CRESTVIEW DR,2,37,40.475977,-79.778389,0.0,0.0,0.0,77;P16,14691;14746
150,19775,Plum borough,boundary,UNITY TRESTLE RD,19775,UNITY TRESTLE RD + ASHLAND DR FS,2,20,40.486294,-79.771497,0.0,0.0,0.0,77;P16,19775;19799
150,17349,Harrison township,boundary,FREEPORT RD,17349,FREEPORT RD + OAK MANOR,2,54,40.650968,-79.708399,0.0,0.0,0.0,P10,17349;17350
150,13567,Plum borough,boundary,HWY RT 286,13567,HWY RT 286 + DUANE,1,0,40.468421,-79.705984,0.0,0.0,0.0,P12,13567
150,11137,North Versailles township,boundary,LINCOLN HWY,11137,LINCOLN HWY + DENNING,2,18,40.37141,-79.78907,0.0,0.0,0.0,P76,11137;11169
150,13324,Harrison township,boundary,FREEPORT RD,13324,FREEPORT RD + MILE LOCK,2,21,40.615581,-79.738748,0.0,0.0,0.0,P10,13324;13333
150,1053,Ross township,boundary,THOMPSON RUN RD,1053,THOMPSON RUN RD + HODIL,2,17,40.534798,-79.990391,0.0,0.0,0.0,O5,1053;1113
150,20653,Tarentum borough,boundary,10TH AVE,20653,CORBET ST + 10TH AVE AVE NS (FREEPORT),4,422,40.607162,-79.752431,0.0,0.0,0.0,1;P10,20653;20654;20655;20656
150,10518,White Oak borough,boundary,LONG RUN RD,10518,LONG RUN RD + SUNSET,2,14,40.335028,-79.811486,0.0,0.0,0.0,P76,10518;11127
150,18867,South Park township,boundary,ZUPANCIC DR,18867,ZUPANCIC DR + #6516,1,0,40.32051,-79.992141,0.0,0.0,0.0,Y45,18867
150,2867,Reserve township,boundary,,2867,SPRING GARDEN AVE + LUKES ROAD HOUSE (#3254),2,29,40.478532,-79.995026,0.0,0.0,0.0,7,2867;2912
150,6876,Whitehall borough,boundary,BAPTIST RD,6876,BAPTIST RD + #5344,2,19,40.353501,-80.007113,0.0,0.0,0.0,Y45,6876;20269
150,20484,Braddock Hills borough,boundary,YOST BLVD,20484,YOST BLVD + ARDMORE MANOR,1,0,40.413878,-79.851082,0.0,0.0,0.0,59;61A;61B;69;P68;P69;P76,20484
150,11129,White Oak borough,boundary,JACKS RUN RD,11129,JACKS RUN RD + #3030,2,147,40.344422,-79.797479,0.0,0.0,0.0,P76,11129;11177
150,14743,Plum borough,boundary,SALTSBURG RD,14743,SALTSBURG RD + REGENCY DR,2,12,40.475265,-79.770887,0.0,0.0,0.0,77;P16,14743;19815
150,2858,Summer Hill,boundary,,2858,COLBY ST + CHAPIN,2,30,40.489165,-80.006506,0.0,0.0,0.0,12;15;6;7,2858;2919
150,320,McCandless township,boundary,INGOMAR RD,320,INGOMAR RD + SARATOGA DR,1,0,40.58408,-80.028099,0.0,0.0,0.0,12;O12,320
150,17323,Harrison township,boundary,FREEPORT RD,17323,FREEPORT RD + EVERGREEN,2,17,40.64911,-79.708872,0.0,0.0,0.0,P10,17323;17324
150,1723,Manchester,boundary,ALLEGHENY AVE,1723,ALLEGHENY AVE + NORTH,2,34,40.453092,-80.019402,0.0,0.0,0.0,14;17;18,1723;1725
150,443,Ross township,boundary,BABCOCK BLVD,443,BABCOCK BLVD + HOFFMAN,1,0,40.507809,-79.989708,0.0,0.0,0.0,O5,443
150,428,Ross township,boundary,EVERGREEN RD,428,EVERGREEN RD + NELSON RUN,2,36,40.505665,-79.995287,0.0,0.0,0.0,O5,428;441
150,20901,Ross township,boundary,EVERGREEN RD,20901,EVERGREEN RD + #4535,2,14,40.500938,-80.00375,0.0,0.0,0.0,O5,20901;20902
150,13319,Harrison township,boundary,FREEPORT RD,13319,FREEPORT RD + FAIRMONT,2,89,40.62249,-79.726629,0.0,0.0,0.0,P10,13319;16491
150,1085,Hampton township,boundary,HEMLOCK DR,1085,HEMLOCK DR + #4424,2,9,40.578842,-79.980732,0.0,0.0,0.0,O5,1085;1129
150,399,McCandless township,boundary,NORTHGATE DR,399,NORTHGATE DR + #9396,2,30,40.57656,-79.990683,0.0,0.0,0.0,O5,399;468
150,394,McCandless township,boundary,PRESIDENTIAL DR,394,PRESIDENTIAL DR + HARDING,3,128,40.582086,-79.99454,0.0,0.0,0.0,O5,394;472;473
150,393,McCandless township,boundary,PRESIDENTIAL DR,393,PRESIDENTIAL DR + COOLIDGE,1,0,40.582372,-79.99694,0.0,0.0,0.0,O5,393
150,16950,McCandless township,boundary,PRESIDENTIAL DR,16950,PRESIDENTIAL DR + WASHINGTON,2,19,40.58492,-79.99967,0.0,0.0,0.0,O5,16950;18701
150,1075,McCandless township,boundary,REMINGTON DR,1075,REMINGTON DR + BALMORAL #2,2,29,40.558322,-80.008728,0.0,0.0,0.0,O5,1075;1092
150,2863,Reserve township,boundary,SPRING GARDEN AVE,2863,SPRING GARDEN AVE + #3851,2,30,40.487788,-79.997219,0.0,0.0,0.0,7,2863;2916
150,1048,Ross township,boundary,THOMPSON RUN RD,1048,THOMPSON RUN RD + LOIRE VALLEY,2,18,40.524172,-79.988795,0.0,0.0,0.0,O5,1048;1118
150,1047,Ross township,boundary,THOMPSON RUN RD,1047,THOMPSON RUN RD + MILLER,2,8,40.522311,-79.990956,0.0,0.0,0.0,O5,1047;1119
150,1046,Ross township,boundary,THOMPSON RUN RD,1046,THOMPSON RUN RD + #218,2,13,40.519822,-79.991971,0.0,0.0,0.0,O5,1046;1120
150,9800,South Park township,boundary,COCHRAN MILLS RD,9800,COCHRAN MILLS RD + #985,1,0,40.323825,-79.984652,0.0,0.0,0.0,Y45,9800
150,6929,Baldwin borough,boundary,GARDENVILLE RD,6929,GARDENVILLE RD + CROSS,2,1,40.349906,-80.00816,0.0,0.0,0.0,Y45,6929;18879
150,18857,Bethel Park municipality,boundary,,18857,BLOSSOM DR + GARDENVILLE,2,20,40.342665,-80.005437,0.0,0.0,0.0,Y45,18857;18873
150,18627,Monroeville municipality,boundary,HWY RT 286,18627,HWY RT 286 + ROYAL OAK DR FS,1,0,40.443966,-79.713486,0.0,0.0,0.0,P12,18627
150,22637,Upper St. Clair municipality,boundary,BOWER HILL RD,22637,BOWER HILL RD AT BEDNERS FARM MARKET,1,0,40.361568,-80.089981,0.0,0.0,0.0,41,22637
150,2373,Sewickley borough,boundary,BROAD ST,2373,BROAD ST + THORN,1,0,40.539105,-80.181638,0.0,0.0,0.0,14;21,2373
150,1742,Chateau,boundary,PREBLE AVE,1742,PREBLE AVE + ISLAND,1,0,40.461418,-80.034515,0.0,0.0,0.0,13;14;17;18,1742
150,20234,South Park township,boundary,RIDGEVUE DR,20234,RIDGEVUE DR + BROWNSVILLE,1,0,40.319067,-79.99586,0.0,0.0,0.0,Y45,20234
150,18864,South Park township,boundary,ZUPANCIC DR,18864,ZUPANCIC DR + BROGLIE,1,0,40.32068,-79.985351,0.0,0.0,0.0,Y45,18864
150,6960,Baldwin borough,boundary,CURRY RD,6960,CURRY RD + HORNING,1,0,40.337344,-79.99144,0.0,0.0,0.0,Y45,6960
150,14311,Oakmont borough,boundary,HULTON RD,14311,HULTON RD + 5TH,2,20,40.525014,-79.838483,0.0,0.0,0.0,P16;P78,14311;14466
150,14308,Oakmont borough,boundary,HULTON RD,14308,HULTON RD + 10TH,4,134,40.523848,-79.832361,0.0,0.0,0.0,P16,14308;14309;14468;14469
150,19152,Penn Hills municipality,boundary,MILLTOWN RD,19152,MILLTOWN RD + HULTON,2,13,40.505956,-79.793143,0.0,0.0,0.0,P16,19152;20026
150,14305,Plum borough,boundary,HULTON RD,14305,HULTON RD + THE FAIRWAYS,2,9,40.525965,-79.82172,0.0,0.0,0.0,P16,14305;14473
150,22841,McCandless township,boundary,PERRY HWY,22841,PERRY HWY OPP 19 NORTH DR (CCAC NORTH),1,0,40.566326,-80.037968,0.0,0.8,0.0,O12,22841
