stop_id,stop_name,id_name_mismatch,muni,hood,weekday_boardings,boardings_source,cur_weekday_trips,prop_weekday_trips,pct_change,routes_lost,routes_gained,current_routes,proposed_routes
21173,BROWNSVILLE RD + KNOX AVE,0,"Mount Oliver borough (Allegheny, PA)",,142.48,former_id,306,292,-4.6,51L;54,45,44;51;51L;54,44;45;51;51S
15851,WALMART + SHELTER (N VERSAILLES),0,"North Versailles township (Allegheny, PA)",,141.1,id,103,102,-1.0,55;59,66;68,55;59;P76,66;68;76L
20864,ROBINSON TOWNE CTR DR + PARK MANOR BLVD,0,"Robinson township (Allegheny, PA)",,114.19,former_id,181,166,-8.3,28X,25,24;28X;29,24;25;29;29S
3822,PARK MANOR BLVD + IKEA,0,"Robinson township (Allegheny, PA)",,90.0,id,181,166,-8.3,28X,25,24;28X;29,24;25;29;29S
9263,BUTLER ST + 52ND ST,0,"Pittsburgh city (Allegheny, PA)",Upper Lawrenceville,86.24,id,214,206,-3.7,87;93,81;92,87;91;93,81;91;92
20692,PARK MANOR DR + ROBINSON PLAZA,0,"Robinson township (Allegheny, PA)",,84.14,id,182,196,7.7,28X,25,24;28X;29,24;25;29;29S
9994,BROWNSVILLE RD + WYNOKA ST,0,"Pittsburgh city (Allegheny, PA)",Carrick,73.81,id,283,259,-8.5,51L;54,45,51;51L;54,45;51;51S
9996,BROWNSVILLE RD + MCKINLEY ST,0,"Mount Oliver borough (Allegheny, PA)",,68.9,id,285,258,-9.5,51L;54,45,51;51L;54,45;51;51S
809,PERRYSVILLE AVE + PERRY ACADEMY,0,"Pittsburgh city (Allegheny, PA)",Perry North,67.29,id,167,164,-1.8,15,6,15;8,6;8
17168,PARK MANOR DR + ROBINSON CENTER DR,0,"Robinson township (Allegheny, PA)",,66.9,id,185,196,5.9,28X,25,24;28X;29,24;25;29;29S
20401,CHARTIERS AVE + MCKEES ROCKS PLAZA NS,0,"McKees Rocks borough (Allegheny, PA)",,65.95,id,184,202,9.8,20,27,20;21;22;24,21;22;24;27
14967,BUTLER ST + 51ST (STANTON),0,"Pittsburgh city (Allegheny, PA)",Upper Lawrenceville,61.0,id,216,207,-4.2,87;93,81;92,87;91;93,81;91;92
1534,BRIGHTON RD + WOODS RUN,0,"Pittsburgh city (Allegheny, PA)",Brighton Heights,60.52,id,178,167,-6.2,17,14,16;17,14;16
1536,BRIGHTON RD + SCHIMMER,0,"Pittsburgh city (Allegheny, PA)",Marshall-Shadeland,58.9,id,178,169,-5.1,17,14,16;17,14;16
1528,BRIGHTON RD + BENTON,0,"Pittsburgh city (Allegheny, PA)",Brighton Heights,57.38,id,177,166,-6.2,17,14,16;17,14;16
4817,E CARSON ST + 14TH ST,0,"Pittsburgh city (Allegheny, PA)",South Side Flats,55.52,id,399,414,3.8,54,45;57,48;51;54,45;48;51;51S;57
9704,HWY RT 51 + GREENLEE,0,"Brentwood borough (Allegheny, PA)",,53.48,id,92,88,-4.3,46L;Y1,34,Y1;Y46;Y49,34;49
9978,BROWNSVILLE RD + CHURCHVIEW AVE,0,"Pittsburgh city (Allegheny, PA)",Carrick,50.14,id,270,258,-4.4,44;51L,45,44;51;51L,45;51;51S
7629,PENN AVE + BRADDOCK,0,"Pittsburgh city (Allegheny, PA)",Point Breeze North,49.19,id,225,234,4.0,67;69;80X,58;70;88,67;69;71C,58;70;88
2667,BROWNSVILLE RD + MCKINLEY ST,0,"Pittsburgh city (Allegheny, PA)",Knoxville,46.14,id,285,259,-9.1,51L;54,45,51;51L;54,45;51;51S
7051,HAWKINS AVE + 4TH,0,"North Braddock borough (Allegheny, PA)",,46.1,id,173,167,-3.5,59;60X,62X,59;61A,62X
2666,BROWNSVILLE RD + KNOX AVE,0,"Pittsburgh city (Allegheny, PA)",Knoxville,45.9,id,328,325,-0.9,51L;54,45,44;51;51L;54,44;45;51;51S
1530,BRIGHTON RD + DAVIS,0,"Pittsburgh city (Allegheny, PA)",Brighton Heights,41.76,id,178,168,-5.6,17,14,16;17,14;16
18308,BRIGHTON RD + MARSHALL NS,0,"Pittsburgh city (Allegheny, PA)",Marshall-Shadeland,41.76,id,178,166,-6.7,17,14,16;17,14;16
8312,FIFTH AVE + HIGHLAND,0,"Pittsburgh city (Allegheny, PA)",Shadyside,39.81,id,400,427,6.8,28X,45;74,28X;64;71B;71D,45;64;71X;72;74
135,MCKNIGHT RD + ROSS TOWNE CENTER,0,"Ross township (Allegheny, PA)",,39.24,id,104,108,3.8,2,18;9,12;2;O12,12;12L;18;9
579,PERRYSVILLE AVE + FRANKLIN,0,"Pittsburgh city (Allegheny, PA)",Perry North,38.38,id,167,164,-1.8,15,6,15;8,6;8
14969,BUTLER ST + 48TH,0,"Pittsburgh city (Allegheny, PA)",Central Lawrenceville,38.33,id,217,208,-4.1,87;93,81;92,87;91;93,81;91;92
577,PERRYSVILLE AVE + BASCOM,0,"Pittsburgh city (Allegheny, PA)",Perry North,38.1,id,172,164,-4.7,17,6,17;8,6;8
3140,HIGHLAND AVE + 5TH,0,"Pittsburgh city (Allegheny, PA)",Shadyside,36.52,id,400,427,6.8,28X,45;74,28X;64;71B;71D,45;64;71X;72;74
8317,FIFTH AVE + SHADY,0,"Pittsburgh city (Allegheny, PA)",Squirrel Hill North,34.76,id,398,360,-9.5,28X,45;74,28X;64;71B;71D,45;64;71X;72;74
3991,PARK MANOR BLVD + ROBINSON LN,0,"Robinson township (Allegheny, PA)",,34.62,id,183,196,7.1,28X,25,24;28X;29,24;25;29;29S
1539,BRIGHTON RD + WOODLAND,0,"Pittsburgh city (Allegheny, PA)",Marshall-Shadeland,33.62,id,177,168,-5.1,17,14,16;17,14;16
2531,MCKINLEY AVE + BROWNSVILLE,0,"Pittsburgh city (Allegheny, PA)",Knoxville,30.05,id,285,258,-9.5,51L;54,45,51;51L;54,45;51;51S
6999,BELTZHOOVER AVE + WARRINGTON AVE FS,0,"Pittsburgh city (Allegheny, PA)",Beltzhoover,30.0,id,208,210,1.0,43;54,40,43;44;48;54,40;44;48
7901,PENN AVE + FINDLEY DR WEST (BEACON HILL),0,"Wilkinsburg borough (Allegheny, PA)",,29.52,id,86,94,9.3,P67,73L,67;P16;P67,67;73L;77L
4767,WARRINGTON AVE + ESTELLA AVE,0,"Pittsburgh city (Allegheny, PA)",Beltzhoover,29.33,id,209,208,-0.5,43;54,40,43;44;48;54,40;44;48
1535,BRIGHTON RD + WADLOW,0,"Pittsburgh city (Allegheny, PA)",Marshall-Shadeland,29.1,id,178,168,-5.6,17,14,16;17,14;16
3138,HIGHLAND AVE + WALNUT,0,"Pittsburgh city (Allegheny, PA)",Shadyside,28.57,id,395,427,8.1,28X,45;74,28X;64;71B;71D,45;64;71X;72;74
12152,MIFFLIN RD + INTERBORO FS,0,"Pittsburgh city (Allegheny, PA)",Lincoln Place,27.57,id,92,89,-3.3,53L,53,53L;56,53;56
1862,SHADELAND AVE + WOODLAND,0,"Pittsburgh city (Allegheny, PA)",Marshall-Shadeland,26.86,id,176,169,-4.0,17,14,16;17,14;16
3139,HIGHLAND AVE + HOWE,0,"Pittsburgh city (Allegheny, PA)",Shadyside,26.29,id,398,426,7.0,28X,45;74,28X;64;71B;71D,45;64;71X;72;74
18397,DUQUESNE BLVD + HERMAN FS,0,"Duquesne city (Allegheny, PA)",,26.24,id,201,214,6.5,P7,52L,59;61C;P7,52L;59;61X
7035,BESSEMER AVE + GRANDVIEW,0,"East Pittsburgh borough (Allegheny, PA)",,25.24,id,110,102,-7.3,59,66,59;P68;P76,66;68;76L
21447,WARRINGTON AVE + BELTZHOOVER AVE,0,"Pittsburgh city (Allegheny, PA)",Beltzhoover,24.29,id,208,210,1.0,43;54,40,43;44;48;54,40;44;48
815,PERRYSVILLE AVE + WATSON BLVD FS,0,"Pittsburgh city (Allegheny, PA)",Perry North,23.81,id,218,224,2.8,15,18;6,12;15;8,12;18;6;8
1608,BRIGHTON RD + WOODS RUN,0,"Pittsburgh city (Allegheny, PA)",Marshall-Shadeland,22.33,id,178,167,-6.2,17,14,16;17,14;16
2608,BAUSMAN ST + BROWNSVILLE RD,0,"Pittsburgh city (Allegheny, PA)",Knoxville,22.19,id,401,367,-8.5,54,45,44;48;51;54,44;45;48;51;51S
1529,BRIGHTON RD + TERMON,0,"Pittsburgh city (Allegheny, PA)",Brighton Heights,21.95,id,177,166,-6.2,17,14,16;17,14;16
4850,E CARSON ST + 14TH ST,0,"Pittsburgh city (Allegheny, PA)",South Side Flats,21.86,id,399,414,3.8,54,45;57,48;51;54,45;48;51;51S;57
8179,NEGLEY AVE + JACKSON,0,"Pittsburgh city (Allegheny, PA)",Highland Park,21.57,id,273,296,8.4,87,92,71A;75;87,75;85;92
1540,BRIGHTON RD + HIGHWOOD,0,"Pittsburgh city (Allegheny, PA)",Marshall-Shadeland,20.1,id,177,167,-5.6,17,14,16;17,14;16
10033,BROWNSVILLE RD + MAYTIDE ST,0,"Pittsburgh city (Allegheny, PA)",Carrick,19.67,id,269,258,-4.1,44;51L,45,44;51;51L,45;51;51S
18513,GRANDVIEW AVE + BESSEMER NS,0,"East Pittsburgh borough (Allegheny, PA)",,19.1,id,110,102,-7.3,59,66,59;P68;P76,66;68;76L
2665,BROWNSVILLE RD + MARLAND AVE,0,"Pittsburgh city (Allegheny, PA)",Knoxville,19.1,id,326,325,-0.3,51L;54,45,44;51;51L;54,44;45;51;51S
8316,FIFTH AVE + HIGHLAND,0,"Pittsburgh city (Allegheny, PA)",Squirrel Hill North,18.95,id,400,427,6.8,28X,45;74,28X;64;71B;71D,45;64;71X;72;74
9702,HWY RT 51 + MARYLEA,0,"Brentwood borough (Allegheny, PA)",,17.14,id,92,88,-4.3,46L;Y1,34,Y1;Y46;Y49,34;49
20807,WASHINGTON RD + BOWER HILL RD FS,0,"Mount Lebanon township (Allegheny, PA)",,17.0,id,75,80,6.7,38,34;36L,38;41,34;35;35S;36L
10890,DUQUESNE BLVD + COMMONWEALTH,0,"Duquesne city (Allegheny, PA)",,16.86,id,201,214,6.5,P7,52L,59;61C;P7,52L;59;61X
20999,WARREN DR + LINCOLN HWY NS,0,"North Versailles township (Allegheny, PA)",,16.52,former_id,103,102,-1.0,55;59,66;68,55;59;P76,66;68;76L
7052,HAWKINS AVE + OVERLAND,0,"North Braddock borough (Allegheny, PA)",,16.0,id,172,167,-2.9,59;60X,62X,59;61A,62X
7946,PENN AVE + BRITTANY APTS (#1717),0,"Wilkinsburg borough (Allegheny, PA)",,14.71,id,86,94,9.3,P67,73L,67;P16;P67,67;73L;77L
134,MCKNIGHT RD + TOYOTA DEALERSHIP,0,"Ross township (Allegheny, PA)",,14.57,id,110,110,0.0,2;2L,18;9,12;2;O12;P13,12;12L;18;9
18882,BELTZHOOVER AVE + WARRINGTON NS,0,"Pittsburgh city (Allegheny, PA)",Allentown,14.57,id,208,210,1.0,43;54,40,43;44;48;54,40;44;48
21165,HWY RT 51 + GREENLEE RD,0,"Brentwood borough (Allegheny, PA)",,14.38,former_id,93,89,-4.3,46L;Y1,34,Y1;Y46;Y49,34;49
7630,PENN AVE + CARNEGIE,0,"Pittsburgh city (Allegheny, PA)",Point Breeze North,14.38,id,275,288,4.7,67;69;80X,58;70;88,67;69;71C;74,58;70;74;88
906,PERRYSVILLE AVE + EAST ST,0,"Pittsburgh city (Allegheny, PA)",Perry North,14.33,id,167,164,-1.8,15,6,15;8,6;8
22668,LEBANON CHURCH RD + CLOVERLEAF TOWERS,1,"Pittsburgh city (Allegheny, PA)",Crawford-Roberts,14.0,id,182,172,-5.5,Y1;Y47,49,51;Y1;Y46;Y47,46L;49;51
20191,DUQUESNE BLVD + MILLER,0,"Duquesne city (Allegheny, PA)",,13.86,id,202,214,5.9,P7,52L,59;61C;P7,52L;59;61X
9737,HWY RT 51 + OLD LEBANON CHURCH,0,"Pleasant Hills borough (Allegheny, PA)",,13.67,id,182,171,-6.0,Y1;Y47,49,51;Y1;Y46;Y47,46L;49;51
7170,HAWKINS AVE + 4TH,0,"North Braddock borough (Allegheny, PA)",,12.76,id,173,167,-3.5,59;60X,62X,59;61A,62X
3570,RIVER AVE + MARINA,0,"McKees Rocks borough (Allegheny, PA)",,12.14,id,210,230,9.5,20,27,20;21;22;24,21;22;24;27
22400,W CARSON ST + TABOR,0,"Pittsburgh city (Allegheny, PA)",Esplen,12.1,former_id,210,229,9.0,20,27,20;21;22;24,21;22;24;27
578,PERRYSVILLE AVE + WALDORF,0,"Pittsburgh city (Allegheny, PA)",Perry North,12.05,id,167,164,-1.8,15,6,15;8,6;8
7526,MAIN ST + MAPLE,0,"East Pittsburgh borough (Allegheny, PA)",,11.86,id,111,104,-6.3,59,66,59;P68;P76,66;68;76L
229,EVERGREEN RD + BAYTREE ST,0,"Pittsburgh city (Allegheny, PA)",Summer Hill,11.81,id,122,127,4.1,15;7,18;6,12;15;7,12;18;6
9264,STANTON AVE + BUTLER ST FS,0,"Pittsburgh city (Allegheny, PA)",Central Lawrenceville,11.71,id,216,207,-4.2,87;93,81;92,87;91;93,81;91;92
9288,STANTON AVE + EUCLID AVE,0,"Pittsburgh city (Allegheny, PA)",East Liberty,11.38,id,399,428,7.3,87,92,71A;71B;75;87,71X;75;85;92
7698,PENN AVE + EAST END,0,"Pittsburgh city (Allegheny, PA)",Point Breeze,11.29,id,225,234,4.0,67;69;80X,58;70;88,67;69;71C,58;70;88
10881,DUQUESNE BLVD + CENTER,0,"Duquesne city (Allegheny, PA)",,11.1,id,200,213,6.5,P7,52L,59;61C;P7,52L;59;61X
1537,BRIGHTON RD + MCDOWELL,0,"Pittsburgh city (Allegheny, PA)",Marshall-Shadeland,10.9,id,176,170,-3.4,17,14,16;17,14;16
19420,HIGHLAND AVE + 5TH FS,0,"Pittsburgh city (Allegheny, PA)",Shadyside,10.52,id,400,427,6.8,28X,45;74,28X;64;71B;71D,45;64;71X;72;74
11646,WEST ST + 18TH,0,"Munhall borough (Allegheny, PA)",,10.48,id,38,35,-7.9,53L,53,53L,53
11153,GRANDVIEW AVE + CENTER,0,"East Pittsburgh borough (Allegheny, PA)",,10.43,id,110,102,-7.3,59,66,59;P68;P76,66;68;76L
7523,MAIN ST + CENTER,0,"East Pittsburgh borough (Allegheny, PA)",,10.33,id,110,102,-7.3,59,66,59;P68;P76,66;68;76L
11645,WEST ST + MUNHALL BORO BLDG,0,"Munhall borough (Allegheny, PA)",,10.19,id,38,35,-7.9,53L,53,53L,53
9324,BUTLER ST + 52ND ST,0,"Pittsburgh city (Allegheny, PA)",Upper Lawrenceville,10.19,id,214,206,-3.7,87;93,81;92,87;91;93,81;91;92
6720,BELTZHOOVER AVE + WARRINGTON,0,"Pittsburgh city (Allegheny, PA)",Mount Washington,10.14,id,208,210,1.0,43;54,40,43;44;48;54,40;44;48
1607,BRIGHTON RD + WADLOW,0,"Pittsburgh city (Allegheny, PA)",Marshall-Shadeland,9.95,id,178,168,-5.6,17,14,16;17,14;16
1532,BRIGHTON RD + ACACIA,0,"Pittsburgh city (Allegheny, PA)",Brighton Heights,9.71,id,177,168,-5.1,17,14,16;17,14;16
2605,BAUSMAN AVE + GRIMES,0,"Pittsburgh city (Allegheny, PA)",Knoxville,9.67,id,309,324,4.9,54,45,44;51;54,44;45;51;51S
7074,EDGEWOOD AVE + MAPLE,0,"Edgewood borough (Allegheny, PA)",,9.62,id,144,140,-2.8,P7,52L,61A;P7,52L;60X
1854,SHADELAND AVE + DAVIS FS,0,"Pittsburgh city (Allegheny, PA)",Brighton Heights,9.52,id,178,168,-5.6,17,14,16;17,14;16
1606,BRIGHTON RD + WESTBORN,0,"Pittsburgh city (Allegheny, PA)",Marshall-Shadeland,9.43,id,178,169,-5.1,17,14,16;17,14;16
7642,WILKINS AVE + BEECHWOOD,0,"Pittsburgh city (Allegheny, PA)",Point Breeze,9.38,id,221,224,1.4,67;69,70,64;67;69;74,64;70;74
1616,BRIGHTON RD + BENTON,0,"Pittsburgh city (Allegheny, PA)",Brighton Heights,9.33,id,177,166,-6.2,17,14,16;17,14;16
2733,RIALTO ST + LEY,0,"Pittsburgh city (Allegheny, PA)",Troy Hill,9.29,id,156,161,3.2,1;2,2L;5,1;2;4;7,2L;4;5;7
19350,SHADELAND AVE + COMPLETE FS,0,"Pittsburgh city (Allegheny, PA)",Marshall-Shadeland,9.24,id,178,168,-5.6,17,14,16;17,14;16
21653,4TH AVE + HAWKINS AVE,0,"North Braddock borough (Allegheny, PA)",,9.19,id,173,167,-3.5,59;60X,62X,59;61A,62X
1602,BRIGHTON RD + HIGHWOOD,0,"Pittsburgh city (Allegheny, PA)",Perry South,9.14,id,177,166,-6.2,17,14,16;17,14;16
20920,CURRY HOLLOW RD + GREEN DR,0,"Pleasant Hills borough (Allegheny, PA)",,8.9,id,182,170,-6.6,Y1;Y47,49,51;Y1;Y46;Y47,46L;49;51
11641,MAIN ST + HOMESTEAD DUQUESNE,0,"Munhall borough (Allegheny, PA)",,8.71,id,38,35,-7.9,53L,53,53L,53
14983,BUTLER ST + 50TH,0,"Pittsburgh city (Allegheny, PA)",Central Lawrenceville,8.57,id,216,207,-4.2,87;93,81;92,87;91;93,81;91;92
15734,WARREN DR + WAL MART DRWY,0,"North Versailles township (Allegheny, PA)",,8.48,id,103,102,-1.0,55;59,66;68,55;59;P76,66;68;76L
19351,SHADELAND AVE + OAKHILL FS,0,"Pittsburgh city (Allegheny, PA)",Marshall-Shadeland,8.48,id,178,170,-4.5,17,14,16;17,14;16
2315,STANHOPE ST + W CARSON FS,0,"Pittsburgh city (Allegheny, PA)",Esplen,8.48,id,210,230,9.5,20,27,20;21;22;24,21;22;24;27
2548,S 18TH ST + MARY ST,0,"Pittsburgh city (Allegheny, PA)",South Side Flats,8.19,id,399,416,4.3,54,45;57,48;51;54,45;48;51;51S;57
1863,WOODLAND AVE + STAYTON,0,"Pittsburgh city (Allegheny, PA)",Marshall-Shadeland,8.0,id,177,169,-4.5,17,14,16;17,14;16
6702,BELTZHOOVER AVE + EDGEMONT,0,"Pittsburgh city (Allegheny, PA)",Mount Washington,7.95,id,208,210,1.0,43;54,40,43;44;48;54,40;44;48
3825,PARK MANOR BLVD + IKEA,0,"Robinson township (Allegheny, PA)",,7.76,id,181,166,-8.3,28X,25,24;28X;29,24;25;29;29S
2316,STANHOPE ST + CHARTIERS,0,"Pittsburgh city (Allegheny, PA)",Esplen,7.71,id,184,202,9.8,20,27,20;21;22;24,21;22;24;27
10981,DUQUESNE BLVD + COMMONWEALTH,0,"Duquesne city (Allegheny, PA)",,7.38,id,201,214,6.5,P7,52L,59;61C;P7,52L;59;61X
11622,INTERBORO AVE + LEASIDE #1 (MIFFLIN),0,"Pittsburgh city (Allegheny, PA)",Lincoln Place,7.38,id,92,89,-3.3,53L,53,53L;56,53;56
2742,LOWRIE ST + CLAIM,0,"Pittsburgh city (Allegheny, PA)",Troy Hill,7.33,id,156,161,3.2,1;2,2L;5,1;2;4;7,2L;4;5;7
6701,BELTZHOOVER AVE + EUREKA,0,"Pittsburgh city (Allegheny, PA)",Mount Washington,7.29,id,208,209,0.5,43;54,40,43;44;48;54,40;44;48
18529,WILKINS AVE + SHADY,0,"Pittsburgh city (Allegheny, PA)",Squirrel Hill North,7.14,id,220,224,1.8,67;69,70,64;67;69;74,64;70;74
11081,SHADY AVE + WILKINS,0,"Pittsburgh city (Allegheny, PA)",Squirrel Hill North,7.0,id,220,224,1.8,67;69,70,64;67;69;74,64;70;74
14968,BUTLER ST + 49TH,0,"Pittsburgh city (Allegheny, PA)",Central Lawrenceville,7.0,id,217,208,-4.1,87;93,81;92,87;91;93,81;91;92
20579,EAST PITTSBURGH MCKEESPORT BLVD + MARYLAND AVE,0,"North Versailles township (Allegheny, PA)",,6.95,id,35,38,8.6,55,66,55,66
1858,SHADELAND AVE + GEYER,0,"Pittsburgh city (Allegheny, PA)",Marshall-Shadeland,6.9,id,178,168,-5.6,17,14,16;17,14;16
1864,WOODLAND AVE + BRIGHTON,0,"Pittsburgh city (Allegheny, PA)",Marshall-Shadeland,6.81,id,177,168,-5.1,17,14,16;17,14;16
21248,REED ST + ADDISON ST,0,"Pittsburgh city (Allegheny, PA)",Terrace Village,6.76,id,235,243,3.4,83,84,81;82;83,81;82;84
10032,BROWNSVILLE RD + CHURCHVIEW AVE,0,"Pittsburgh city (Allegheny, PA)",Carrick,6.71,id,270,258,-4.4,44;51L,45,44;51;51L,45;51;51S
11179,LINCOLN HWY + CENTER,0,"East Pittsburgh borough (Allegheny, PA)",,6.67,id,111,102,-8.1,59,66,59;P68;P76,66;68;76L
1857,SHADELAND AVE + STOKES WAY,0,"Pittsburgh city (Allegheny, PA)",Brighton Heights,6.62,id,177,166,-6.2,17,14,16;17,14;16
21245,REED ST + ADDISON ST,0,"Pittsburgh city (Allegheny, PA)",Terrace Village,6.52,id,235,243,3.4,83,84,81;82;83,81;82;84
20850,MONONGAHELA BLVD + #1224,0,"Whitaker borough (Allegheny, PA)",,6.48,id,174,170,-2.3,59,66,59;61C,61X;66
1861,SHADELAND AVE + CASEMENT,0,"Pittsburgh city (Allegheny, PA)",Marshall-Shadeland,6.33,id,176,169,-4.0,17,14,16;17,14;16
18764,STANHOPE ST + CHARTIERS FS (SUNOCO),0,"Pittsburgh city (Allegheny, PA)",Esplen,6.24,id,184,202,9.8,20,27,20;21;22;24,21;22;24;27
21246,REED ST + ELMORE ST,0,"Pittsburgh city (Allegheny, PA)",Terrace Village,6.05,id,235,243,3.4,83,84,81;82;83,81;82;84
2529,ALICE ST + GEORGIA,0,"Pittsburgh city (Allegheny, PA)",Knoxville,6.0,id,281,258,-8.2,51L;54,45,51;51L;54,45;51;51S
14981,BUTLER ST + 48TH,0,"Pittsburgh city (Allegheny, PA)",Central Lawrenceville,5.95,id,217,208,-4.1,87;93,81;92,87;91;93,81;91;92
21418,EVERGREEN RD + BAYTREE ST,0,"Pittsburgh city (Allegheny, PA)",Perry North,5.9,former_id,61,59,-3.3,7,18,12;7,12;18
7697,PENN AVE + BRADDOCK,0,"Pittsburgh city (Allegheny, PA)",Point Breeze,5.86,id,225,234,4.0,67;69;80X,58;70;88,67;69;71C,58;70;88
21032,WM PENN HWY + NORTHERN PIKE FS,0,"Monroeville municipality (Allegheny, PA)",,5.81,former_id,96,98,2.1,68,89,67;P68,67;89
21496,HARTMAN ST + CAMP ST,0,"McKeesport city (Allegheny, PA)",,5.81,id,89,92,3.4,55,66,55;56,56;66
10888,DUQUESNE BLVD + OAKMONT,0,"Duquesne city (Allegheny, PA)",,5.71,id,199,212,6.5,P7,52L,59;61C;P7,52L;59;61X
22764,COMMONWEALTH AVE + OVERLAND AVE,1,"Rankin borough (Allegheny, PA)",,5.71,id,201,214,6.5,P7,52L,59;61C;P7,52L;59;61X
21250,ELMORE ST + ROSE ST FS,0,"Pittsburgh city (Allegheny, PA)",Terrace Village,5.67,id,235,243,3.4,83,84,81;82;83,81;82;84
633,PERRYSVILLE AVE + FRANKLIN FS,0,"Pittsburgh city (Allegheny, PA)",Perry North,5.52,id,167,164,-1.8,15,6,15;8,6;8
11079,SHADY AVE + NORTHUMBERLAND,0,"Pittsburgh city (Allegheny, PA)",Squirrel Hill North,5.48,id,221,224,1.4,67;69,70,64;67;69;74,64;70;74
20967,KENNYWOOD BLVD + MIFFLIN,0,"Whitaker borough (Allegheny, PA)",,5.48,former_id,145,146,0.7,P7,52L,61C;P7,52L;61X
6989,CLIMAX ST + BELTZHOOVER,0,"Pittsburgh city (Allegheny, PA)",Beltzhoover,5.48,id,208,210,1.0,43;54,40,43;44;48;54,40;44;48
21234,GREENSBURG PIKE + VERSAILLES CASTLE APT,0,"North Versailles township (Allegheny, PA)",,5.38,id,103,102,-1.0,55;59,66;68,55;59;P76,66;68;76L
1613,BRIGHTON RD + DAVIS,0,"Pittsburgh city (Allegheny, PA)",Brighton Heights,5.29,id,178,168,-5.6,17,14,16;17,14;16
20962,SWISSVALE AVE + MAPLE,0,"Edgewood borough (Allegheny, PA)",,5.24,former_id,144,140,-2.8,P7,52L,61A;P7,52L;60X
19570,BESSEMER AVE + MAIN,0,"East Pittsburgh borough (Allegheny, PA)",,5.19,id,110,102,-7.3,59,66,59;P68;P76,66;68;76L
22754,BOWMAN AVE OPP CHESTNUT AVE,1,"Pittsburgh city (Allegheny, PA)",Hazelwood,5.19,id,35,38,8.6,55,66,55,66
900,PERRYSVILLE AVE + WATSON BLVD,0,"Pittsburgh city (Allegheny, PA)",Perry North,5.19,id,218,224,2.8,15,18;6,12;15;8,12;18;6;8
576,PERRY HWY + PERRY VIEW,1,"Pittsburgh city (Allegheny, PA)",Perry North,5.14,id,174,164,-5.7,17,6,17;8,6;8
10982,DUQUESNE BLVD + FAIRMONT,0,"Duquesne city (Allegheny, PA)",,5.0,id,201,212,5.5,P7,52L,59;61C;P7,52L;59;61X
21235,GREENSBURG PIKE + CENTRAL AVE FS,0,"North Versailles township (Allegheny, PA)",,5.0,id,52,54,3.8,59,68,59,68
7683,WILKINS AVE + SHADY FS,0,"Pittsburgh city (Allegheny, PA)",Squirrel Hill North,5.0,id,220,224,1.8,67;69,70,64;67;69;74,64;70;74
2249,STANHOPE ST + W CARSON,0,"Pittsburgh city (Allegheny, PA)",Esplen,4.95,id,210,230,9.5,20,27,20;21;22;24,21;22;24;27
7545,COREY AVE + AJAX WAY,0,"Braddock borough (Allegheny, PA)",,4.9,id,173,166,-4.0,59;60X,62X,59;61A,62X
1603,BRIGHTON RD + WOODLAND,0,"Pittsburgh city (Allegheny, PA)",Perry South,4.86,id,177,167,-5.6,17,14,16;17,14;16
12031,BUTTERMILK HOLLOW RD + THOMPSON RUN FS,0,"West Mifflin borough (Allegheny, PA)",,4.81,id,92,88,-4.3,53L,53,53L;56,53;56
3261,HIGHLAND AVE + HOWE,0,"Pittsburgh city (Allegheny, PA)",Shadyside,4.76,id,399,427,7.0,28X,45;74,28X;64;71B;71D,45;64;71X;72;74
12033,MIFFLIN RD + MOHRBACH FS,0,"Pittsburgh city (Allegheny, PA)",Lincoln Place,4.62,id,93,89,-4.3,53L,53,53L;56,53;56
4231,MIDDLETOWN RD + #2847,0,"Ingram borough (Allegheny, PA)",,4.52,id,60,54,-10.0,27,26,27,26
9791,HWY RT 51 + OLD CLAIRTON FS,0,"Pleasant Hills borough (Allegheny, PA)",,4.48,id,182,171,-6.0,Y1;Y47,49,51;Y1;Y46;Y47,46L;49;51
7000,BELTZHOOVER AVE + CLIMAX,0,"Pittsburgh city (Allegheny, PA)",Beltzhoover,4.43,id,208,210,1.0,43;54,40,43;44;48;54,40;44;48
1855,SHADELAND AVE + #3475,0,"Pittsburgh city (Allegheny, PA)",Brighton Heights,4.33,id,177,168,-5.1,17,14,16;17,14;16
20093,MAIN ST + HOWARD,0,"East Pittsburgh borough (Allegheny, PA)",,4.33,id,110,103,-6.4,59,66,59;P68;P76,66;68;76L
20567,EAST PITTSBURGH MCKEESPORT BLVD + MARYLAND AVE,0,"North Versailles township (Allegheny, PA)",,4.24,id,35,38,8.6,55,66,55,66
2513,MCKINLEY AVE + BROWNSVILLE FS,0,"Pittsburgh city (Allegheny, PA)",Knoxville,4.19,id,285,259,-9.1,51L;54,45,51;51L;54,45;51;51S
11016,LEBANON CHURCH RD + BUTTERMILK HOLLOW,0,"West Mifflin borough (Allegheny, PA)",,4.14,id,144,154,6.9,53L,53,53L;56;59,53;56;59
9652,HWY RT 51 + DELCO,0,"Brentwood borough (Allegheny, PA)",,4.1,id,92,88,-4.3,46L;Y1,34,Y1;Y46;Y49,34;49
19557,CALIFORNIA AVE + PERROTT,0,"Pittsburgh city (Allegheny, PA)",Brighton Heights,4.05,id,255,237,-7.1,17,14,13;16;17,13;14;16
21573,CHURCHVIEW AVE + SANKEY AVE,0,"Pittsburgh city (Allegheny, PA)",Carrick,4.05,id,269,258,-4.1,44;51L,45,44;51;51L,45;51;51S
9297,STANTON AVE + EUCLID AVE,0,"Pittsburgh city (Allegheny, PA)",Highland Park,4.05,id,399,428,7.3,87,92,71A;71B;75;87,71X;75;85;92
10889,DUQUESNE BLVD + FAIRMONT,0,"Duquesne city (Allegheny, PA)",,3.81,id,201,212,5.5,P7,52L,59;61C;P7,52L;59;61X
11548,CHURCHVIEW AVE + SANKEY AVE,0,"Pittsburgh city (Allegheny, PA)",Carrick,3.81,id,269,258,-4.1,44;51L,45,44;51;51L,45;51;51S
20184,LOWRIE ST + LEY,0,"Pittsburgh city (Allegheny, PA)",Troy Hill,3.81,id,156,161,3.2,1;2,2L;5,1;2;4;7,2L;4;5;7
20582,EAST PITTSBURGH-MCKEESPORT BLVD + THE LANE,0,"North Versailles township (Allegheny, PA)",,3.81,id,35,38,8.6,55,66,55,66
20849,MONONGAHELA BLVD + #1224,0,"Whitaker borough (Allegheny, PA)",,3.81,id,174,170,-2.3,59,66,59;61C,61X;66
18691,MCKNIGHT RD + PATRICK PL FS,0,"Ross township (Allegheny, PA)",,3.71,id,104,108,3.8,2,18;9,12;2;O12,12;12L;18;9
19131,WM PENN HWY + GRAHAM FS,0,"Wilkinsburg borough (Allegheny, PA)",,3.71,id,86,94,9.3,P67,73L,67;P16;P67,67;73L;77L
21182,MIFFLIN RD + MCBRIDE AVE NS,0,"Pittsburgh city (Allegheny, PA)",Lincoln Place,3.71,former_id,92,89,-3.3,53L,53,53L;56,53;56
18684,MCKNIGHT RD + SEIBERT NS,0,"Ross township (Allegheny, PA)",,3.67,id,104,107,2.9,2,18;9,12;2;O12,12;12L;18;9
9596,HWY RT 51 + CLOVERLEAF TOWERS,0,"Baldwin borough (Allegheny, PA)",,3.67,id,182,171,-6.0,Y1;Y47,49,51;Y1;Y46;Y47,46L;49;51
1868,SHADELAND AVE + DICKSON,0,"Pittsburgh city (Allegheny, PA)",Marshall-Shadeland,3.57,id,176,169,-4.0,17,14,16;17,14;16
11101,SHADY AVE + WILKINS,0,"Pittsburgh city (Allegheny, PA)",Squirrel Hill North,3.52,id,220,224,1.8,67;69,70,64;67;69;74,64;70;74
11623,INTERBORO AVE + LEASIDE #2,0,"Pittsburgh city (Allegheny, PA)",Lincoln Place,3.52,id,92,88,-4.3,53L,53,53L;56,53;56
12032,BUTTERMILK HOLLOW RD + NAUGLE,0,"Pittsburgh city (Allegheny, PA)",Lincoln Place,3.52,id,93,88,-5.4,53L,53,53L;56,53;56
16233,EAST PITTSBURGH-MCKEESPORT BLVD + THE LANE,0,"North Versailles township (Allegheny, PA)",,3.52,id,35,38,8.6,55,66,55,66
21244,REED ST + ELMORE ST,0,"Pittsburgh city (Allegheny, PA)",Terrace Village,3.52,id,236,243,3.0,83,84,81;82;83,81;82;84
3556,RIVER AVE + W CARSON NS,0,"McKees Rocks borough (Allegheny, PA)",,3.43,id,210,230,9.5,20,27,20;21;22;24,21;22;24;27
18682,MCKNIGHT RD + MCKNIGHT CIR (OPP ROSS PARK MALL DR),0,"Ross township (Allegheny, PA)",,3.33,id,110,109,-0.9,2;2L,18;9,12;2;O12;P13,12;12L;18;9
22672,EAST PITTSBURGHMCKEESPORT BLVD + #920,1,"Pittsburgh city (Allegheny, PA)",Larimer,3.33,id,35,38,8.6,55,66,55,66
11080,SHADY AVE + SOLWAY,0,"Pittsburgh city (Allegheny, PA)",Squirrel Hill North,3.29,id,221,224,1.4,67;69,70,64;67;69;74,64;70;74
136,MCKNIGHT RD + OLD MCKNIGHT RD,0,"Ross township (Allegheny, PA)",,3.29,id,104,107,2.9,2,18;9,12;2;O12,12;12L;18;9
15835,BELTZHOOVER + CEDARHURST,0,"Pittsburgh city (Allegheny, PA)",Beltzhoover,3.29,id,208,208,0.0,43;54,40,43;44;48;54,40;44;48
20183,LEY ST + FROMAN,0,"Pittsburgh city (Allegheny, PA)",Troy Hill,3.24,id,156,161,3.2,1;2,2L;5,1;2;4;7,2L;4;5;7
4886,WARRINGTON AVE + BELTZHOOVER,0,"Pittsburgh city (Allegheny, PA)",Allentown,3.19,id,208,210,1.0,43;54,40,43;44;48;54,40;44;48
7169,HAWKINS AVE + OVERLAND,0,"North Braddock borough (Allegheny, PA)",,3.19,id,172,167,-2.9,59;60X,62X,59;61A,62X
6987,CLIMAX ST + ESTELLA,0,"Pittsburgh city (Allegheny, PA)",Beltzhoover,3.14,id,209,208,-0.5,43;54,40,43;44;48;54,40;44;48
7648,WILKINS AVE + BELLEROCK,0,"Pittsburgh city (Allegheny, PA)",Squirrel Hill North,3.1,id,98,99,1.0,67;69,70,67;69,70
10983,DUQUESNE BLVD + OAKMONT,0,"Duquesne city (Allegheny, PA)",,3.0,id,201,212,5.5,P7,52L,59;61C;P7,52L;59;61X
11032,WEST ST + 17TH,0,"Homestead borough (Allegheny, PA)",,3.0,id,38,35,-7.9,53L,53,53L,53
12154,MIFFLIN RD + GLENHURST,0,"Pittsburgh city (Allegheny, PA)",Lincoln Place,2.95,id,92,88,-4.3,53L,53,53L;56,53;56
7645,WILKINS AVE + MURRAY,0,"Pittsburgh city (Allegheny, PA)",Squirrel Hill North,2.95,id,219,224,2.3,67;69,70,64;67;69;74,64;70;74
18686,MCKNIGHT RD + BABCOCK RAMP FS,0,"Ross township (Allegheny, PA)",,2.9,id,68,70,2.9,12L,6;9,12;O12,12;6;9
9414,HWY RT 51 + CLOVERLEAF TOWERS,0,"Pleasant Hills borough (Allegheny, PA)",,2.9,id,182,171,-6.0,Y1;Y47,49,51;Y1;Y46;Y47,46L;49;51
7681,WILKINS AVE + MURRAY,0,"Pittsburgh city (Allegheny, PA)",Squirrel Hill North,2.86,id,219,224,2.3,67;69,70,64;67;69;74,64;70;74
1867,WOODLAND AVE + SHADELAND,0,"Pittsburgh city (Allegheny, PA)",Marshall-Shadeland,2.81,id,176,169,-4.0,17,14,16;17,14;16
20558,BOWMAN AVE + JARVIS ST,0,"McKeesport city (Allegheny, PA)",,2.81,id,89,92,3.4,55,66,55;56,56;66
20946,EBEN ST + SHIRE PL,0,"Pittsburgh city (Allegheny, PA)",Brookline,2.81,id,38,38,0.0,39,34,39,34
2735,LOWRIE ST + FLECK,0,"Pittsburgh city (Allegheny, PA)",Troy Hill,2.81,id,156,161,3.2,1;2,2L;5,1;2;4;7,2L;4;5;7
1610,BRIGHTON RD + ACACIA,0,"Pittsburgh city (Allegheny, PA)",Brighton Heights,2.76,id,177,168,-5.1,17,14,16;17,14;16
7970,PENN AVE + FAIRMONT,0,"Wilkinsburg borough (Allegheny, PA)",,2.76,id,86,94,9.3,P67,73L,67;P16;P67,67;73L;77L
11624,INTERBORO AVE + PLAPORT,0,"Pittsburgh city (Allegheny, PA)",Lincoln Place,2.67,id,65,61,-6.2,53L,53,53L;56,53;56
7902,PENN AVE + BEACON HILL DR FS,0,"Wilkinsburg borough (Allegheny, PA)",,2.62,id,86,94,9.3,P67,73L,67;P16;P67,67;73L;77L
810,PERRYSVILLE AVE + #3835,0,"Pittsburgh city (Allegheny, PA)",Perry North,2.62,id,169,164,-3.0,15,6,15;8,6;8
2606,BAUSMAN AVE + ROMEYN,0,"Pittsburgh city (Allegheny, PA)",Knoxville,2.52,id,336,324,-3.6,54,45,44;51;54,44;45;51;51S
7524,MAIN ST + FRANKLIN,0,"East Pittsburgh borough (Allegheny, PA)",,2.48,id,110,102,-7.3,59,66,59;P68;P76,66;68;76L
4232,MIDDLETOWN RD + MARSHALL,0,"Ingram borough (Allegheny, PA)",,2.43,id,60,54,-10.0,27,26,27,26
12590,AJAX WAY + COREY AVE,0,"Braddock borough (Allegheny, PA)",,2.38,id,173,166,-4.0,59;60X,62X,59;61A,62X
16201,E PGH-MCKSPT BLVD + #625,0,"North Versailles township (Allegheny, PA)",,2.38,former_id,35,38,8.6,55,66,55,66
11100,SHADY AVE + HASTINGS,0,"Pittsburgh city (Allegheny, PA)",Squirrel Hill North,2.29,id,221,225,1.8,67;69,70,64;67;69;74,64;70;74
12043,BUTTERMILK HOLLOW RD + THOMPSON RUN,0,"West Mifflin borough (Allegheny, PA)",,2.29,id,92,88,-4.3,53L,53,53L;56,53;56
16611,BROWNSVILLE RD + TOWN SQUARE,0,"Brentwood borough (Allegheny, PA)",,2.24,id,191,196,2.6,46L;51L,34,51;51L;Y46;Y49,34;49;51
19876,HWY RT 51 RAMP + HWY RT 51 (STEPS),0,"Pleasant Hills borough (Allegheny, PA)",,2.24,id,182,171,-6.0,Y1;Y47,49,51;Y1;Y46;Y47,46L;49;51
249,MCKNIGHT RD + ROSS PARK MALL DR,0,"Ross township (Allegheny, PA)",,2.24,id,110,109,-0.9,2;2L,18;9,12;2;O12;P13,12;12L;18;9
2515,MCKINLEY AVE + ALICE,0,"Pittsburgh city (Allegheny, PA)",Knoxville,2.24,id,283,258,-8.8,51L;54,45,51;51L;54,45;51;51S
2741,LOWRIE ST + SUNDEMAN,0,"Pittsburgh city (Allegheny, PA)",Troy Hill,2.19,id,156,161,3.2,1;2,2L;5,1;2;4;7,2L;4;5;7
8666,ELMORE ST + ROSE ST,0,"Pittsburgh city (Allegheny, PA)",Terrace Village,2.14,id,234,242,3.4,83,84,81;82;83,81;82;84
10975,KENNYWOOD BLVD + MIFFLIN,0,"Whitaker borough (Allegheny, PA)",,2.05,id,145,146,0.7,P7,52L,61C;P7,52L;61X
11082,SHADY AVE + HASTINGS,0,"Pittsburgh city (Allegheny, PA)",Point Breeze,2.0,id,221,225,1.8,67;69,70,64;67;69;74,64;70;74
10748,LINCOLN HWY + LINCOLN SQ SR CITIZEN HOME,0,"North Versailles township (Allegheny, PA)",,1.95,id,104,102,-1.9,55;59,66;68,55;59;P76,66;68;76L
11015,LEBANON CHURCH RD + POLK,0,"West Mifflin borough (Allegheny, PA)",,1.95,id,144,154,6.9,53L,53,53L;56;59,53;56;59
1615,BRIGHTON RD + TERMON,0,"Pittsburgh city (Allegheny, PA)",Brighton Heights,1.95,id,177,166,-6.2,17,14,16;17,14;16
10932,LEBANON CHURCH RD + POLK,0,"West Mifflin borough (Allegheny, PA)",,1.9,id,144,154,6.9,53L,53,53L;56;59,53;56;59
22765,COMMONWEALTH AVE AT OVERLAND AVE,1,"Rankin borough (Allegheny, PA)",,1.9,id,201,214,6.5,P7,52L,59;61C;P7,52L;59;61X
248,MCKNIGHT RD + MR TIRE,0,"Ross township (Allegheny, PA)",,1.9,former_id,110,110,0.0,2;2L,18;9,12;2;O12;P13,12;12L;18;9
12013,CRAWFORD ST + 5TH,0,"Duquesne city (Allegheny, PA)",,1.86,id,201,213,6.0,P7,52L,59;61C;P7,52L;59;61X
19548,BAUSMAN AVE + GRIMES,0,"Pittsburgh city (Allegheny, PA)",Knoxville,1.86,id,309,324,4.9,54,45,44;51;54,44;45;51;51S
7053,HAWKINS AVE + 2ND,0,"North Braddock borough (Allegheny, PA)",,1.86,id,172,167,-2.9,59;60X,62X,59;61A,62X
7570,MAIN ST + HOWARD,0,"East Pittsburgh borough (Allegheny, PA)",,1.86,id,110,103,-6.4,59,66,59;P68;P76,66;68;76L
636,PERRY HWY + #4146,0,"Pittsburgh city (Allegheny, PA)",Perry North,1.81,id,174,164,-5.7,17,6,17;8,6;8
1872,SHADELAND AVE + GEYER,0,"Pittsburgh city (Allegheny, PA)",Marshall-Shadeland,1.76,id,178,168,-5.6,17,14,16;17,14;16
19491,ADELAIDE ST + IOWA,0,"Pittsburgh city (Allegheny, PA)",Upper Hill,1.76,id,281,275,-2.1,86;93,81;9,77;82;83;93,81;82;83;9
21641,HAWKINS AVE + #504,0,"North Braddock borough (Allegheny, PA)",,1.76,former_id,275,270,-1.8,59,66,59;61A;61B,60X;62X;66
7684,WILKINS AVE + BEECHWOOD,0,"Pittsburgh city (Allegheny, PA)",Squirrel Hill North,1.76,id,221,224,1.4,67;69,70,64;67;69;74,64;70;74
18490,MIFFLIN RD + INTERBORO,0,"Pittsburgh city (Allegheny, PA)",Lincoln Place,1.71,id,92,89,-3.3,53L,53,53L;56,53;56
21539,CHURCHVIEW AVE + WAIDLER AVE,0,"Baldwin borough (Allegheny, PA)",,1.71,id,268,258,-3.7,44;51L,45,44;51;51L,45;51;51S
1605,BRIGHTON RD + MCDOWELL,0,"Pittsburgh city (Allegheny, PA)",Marshall-Shadeland,1.67,id,176,170,-3.4,17,14,16;17,14;16
21249,REED ST + ELMORE ST,0,"Pittsburgh city (Allegheny, PA)",Terrace Village,1.67,id,236,243,3.0,83,84,81;82;83,81;82;84
7678,WILKINS AVE + BELLEROCK,0,"Pittsburgh city (Allegheny, PA)",Squirrel Hill North,1.67,id,98,99,1.0,67;69,70,67;69,70
2651,S 18TH ST + EDWARDS WAY,0,"Pittsburgh city (Allegheny, PA)",South Side Flats,1.62,id,398,416,4.5,54,45;57,48;51;54,45;48;51;51S;57
11373,SPENCER AVE + BEAU,0,"Pittsburgh city (Allegheny, PA)",Carrick,1.57,id,261,258,-1.1,44;51L,45,44;51;51L,45;51;51S
7186,CENTER ST + GRANDVIEW,0,"East Pittsburgh borough (Allegheny, PA)",,1.57,id,110,102,-7.3,59,66,59;P68;P76,66;68;76L
10984,DUQUESNE BLVD + OVERLAND,0,"Duquesne city (Allegheny, PA)",,1.52,id,197,212,7.6,P7,52L,59;61C;P7,52L;59;61X
1866,WOODLAND AVE + STAYTON,0,"Pittsburgh city (Allegheny, PA)",Marshall-Shadeland,1.52,id,177,169,-4.5,17,14,16;17,14;16
1882,CALIFORNIA AVE + PERROTT ST,0,"Pittsburgh city (Allegheny, PA)",Brighton Heights,1.52,id,256,237,-7.4,17,14,13;16;17,13;14;16
17736,MAIN + 22ND,0,"Munhall borough (Allegheny, PA)",,1.48,id,38,35,-7.9,53L,53,53L,53
20221,WARREN DR + LINCOLN HWY FS,0,"North Versailles township (Allegheny, PA)",,1.48,id,102,102,0.0,55;59,66;68,55;59;P76,66;68;76L
21678,CLIMAX ST + CURTIN AVE,0,"Pittsburgh city (Allegheny, PA)",Beltzhoover,1.43,former_id,208,208,0.0,43;54,40,43;44;48;54,40;44;48
12041,MIFFLIN RD + MOHRBACH FS,0,"Pittsburgh city (Allegheny, PA)",Lincoln Place,1.38,id,93,89,-4.3,53L,53,53L;56,53;56
16227,BOWMAN AVE + LIME,0,"McKeesport city (Allegheny, PA)",,1.38,id,35,38,8.6,55,66,55,66
21237,GREENSBURG PIKE + KLINE AVE,0,"North Versailles township (Allegheny, PA)",,1.38,id,52,54,3.8,59,68,59,68
8529,SHADY AVE + NORTHUMBERLAND,0,"Pittsburgh city (Allegheny, PA)",Squirrel Hill North,1.38,id,221,224,1.4,67;69,70,64;67;69;74,64;70;74
12039,MIFFLIN RD + MCBRIDE,0,"Pittsburgh city (Allegheny, PA)",Lincoln Place,1.33,id,92,89,-3.3,53L,53,53L;56,53;56
1876,SHADELAND AVE + DAVIS,0,"Pittsburgh city (Allegheny, PA)",Brighton Heights,1.33,id,178,168,-5.6,17,14,16;17,14;16
22759,SHIRE PL + BREINING ST,1,"Bridgeville borough (Allegheny, PA)",,1.33,id,38,38,0.0,39,34,39,34
3262,HIGHLAND AVE + WALNUT,0,"Pittsburgh city (Allegheny, PA)",Shadyside,1.33,id,396,427,7.8,28X,45;74,28X;64;71B;71D,45;64;71X;72;74
10994,DUQUESNE BLVD + CENTER,0,"Duquesne city (Allegheny, PA)",,1.29,id,201,214,6.5,P7,52L,59;61C;P7,52L;59;61X
11034,WEST ST + MUNHALL BORO BLDG,0,"Munhall borough (Allegheny, PA)",,1.29,id,38,35,-7.9,53L,53,53L,53
11180,LINCOLN HWY + CENTER,0,"East Pittsburgh borough (Allegheny, PA)",,1.29,id,111,102,-8.1,59,66,59;P68;P76,66;68;76L
7569,MAIN ST + RIDGE,0,"East Pittsburgh borough (Allegheny, PA)",,1.29,id,111,104,-6.3,59,66,59;P68;P76,66;68;76L
11057,INTERBORO AVE + MIFFLIN,0,"Pittsburgh city (Allegheny, PA)",Lincoln Place,1.24,id,92,89,-3.3,53L,53,53L;56,53;56
21730,PARK MANOR BLVD + ROBINSON CENTER DR FS,0,"Robinson township (Allegheny, PA)",,1.24,former_id,184,196,6.5,28X,25,24;28X;29,24;25;29;29S
2761,LOWRIE ST + FROMAN (LEY),0,"Pittsburgh city (Allegheny, PA)",Troy Hill,1.24,id,156,161,3.2,1;2,2L;5,1;2;4;7,2L;4;5;7
4262,MIDDLETOWN RD + STRAKA FS,0,"Pittsburgh city (Allegheny, PA)",Crafton Heights,1.24,id,60,54,-10.0,27,26,27,26
7905,WM PENN HWY + GRAHAM,0,"Wilkinsburg borough (Allegheny, PA)",,1.24,id,86,94,9.3,P67,73L,67;P16;P67,67;73L;77L
20559,BOWMAN AVE + POPLAR ST,0,"McKeesport city (Allegheny, PA)",,1.19,id,89,92,3.4,55,66,55;56,56;66
7050,HAWKINS AVE + #509,0,"North Braddock borough (Allegheny, PA)",,1.19,id,275,270,-1.8,59,66,59;61A;61B,60X;62X;66
20587,BOWMAN AVE + POPLAR ST,0,"McKeesport city (Allegheny, PA)",,1.14,id,62,65,4.8,55,66,55;56,56;66
246,MCKNIGHT RD + OLD MCKNIGHT RD FS,0,"Ross township (Allegheny, PA)",,1.14,former_id,104,107,2.9,2,18;9,12;2;O12,12;12L;18;9
11038,MAIN ST + HOMESTEAD-DUQUESNE,0,"Munhall borough (Allegheny, PA)",,1.1,id,38,35,-7.9,53L,53,53L,53
1870,SHADELAND AVE + RANCHERIA,0,"Pittsburgh city (Allegheny, PA)",Marshall-Shadeland,1.1,id,177,171,-3.4,17,14,16;17,14;16
9808,CURRY HOLLOW RD + GREEN,0,"Pleasant Hills borough (Allegheny, PA)",,1.1,id,182,170,-6.6,Y1;Y47,49,51;Y1;Y46;Y47,46L;49;51
18401,WOODSTOCK AVE + WILKINS F S,0,"Swissvale borough (Allegheny, PA)",,1.05,id,173,167,-3.5,59;60X,62X,59;61A,62X
3824,PARK MANOR BLVD + ROBINSON LN,0,"Robinson township (Allegheny, PA)",,1.05,id,183,196,7.1,28X,25,24;28X;29,24;25;29;29S
7168,HAWKINS AVE + 2ND,0,"North Braddock borough (Allegheny, PA)",,1.05,id,172,167,-2.9,59;60X,62X,59;61A,62X
9695,HWY RT 51 + #2859,0,"Whitehall borough (Allegheny, PA)",,1.05,id,90,89,-1.1,46L;Y1,34,Y1;Y46;Y49,34;49
10035,LEBANON CHURCH RD + OTT DR FS,0,"Pleasant Hills borough (Allegheny, PA)",,1.0,id,182,172,-5.5,Y1;Y47,49,51;Y1;Y46;Y47,46L;49;51
18542,PENN AVE + CARNEGIE FS,0,"Pittsburgh city (Allegheny, PA)",Point Breeze,1.0,id,275,288,4.7,67;69;80X,58;70;88,67;69;71C;74,58;70;74;88
21717,ROBINSON CENTER DR + # 6000 (OLIVE GARDEN),0,"Robinson township (Allegheny, PA)",,1.0,id,184,196,6.5,28X,25,24;28X;29,24;25;29;29S
11033,WEST ST + 18TH,0,"Munhall borough (Allegheny, PA)",,0.95,id,38,35,-7.9,53L,53,53L,53
12026,BUTTERMILK HOLLOW RD + #5055,0,"West Mifflin borough (Allegheny, PA)",,0.95,id,144,154,6.9,53L,53,53L;56;59,53;56;59
9651,HWY RT 51 + #3500,0,"Brentwood borough (Allegheny, PA)",,0.95,id,93,88,-5.4,46L;Y1,34,Y1;Y46;Y49,34;49
19332,PERRYSVILLE AVE + WALDORF FS,0,"Pittsburgh city (Allegheny, PA)",Perry North,0.9,id,167,164,-1.8,15,6,15;8,6;8
22753,BOWMAN AVE AT CHESTUT AVE,1,"West Mifflin borough (Allegheny, PA)",,0.9,id,35,38,8.6,55,66,55,66
19563,CALIFORNIA AVE + BENTON FS,0,"Pittsburgh city (Allegheny, PA)",Brighton Heights,0.86,id,255,236,-7.5,17,14,13;16;17,13;14;16
1871,SHADELAND AVE + SCHIMMER,0,"Pittsburgh city (Allegheny, PA)",Marshall-Shadeland,0.81,id,178,169,-5.1,17,14,16;17,14;16
7167,WOODSTOCK AVE + WILKINS,0,"Swissvale borough (Allegheny, PA)",,0.81,id,173,167,-3.5,59;60X,62X,59;61A,62X
20913,DUQUESNE BLVD + WYLIE AVE,0,"Duquesne city (Allegheny, PA)",,0.76,id,199,214,7.5,P7,52L,59;61C;P7,52L;59;61X
14982,BUTLER ST + 49TH,0,"Pittsburgh city (Allegheny, PA)",Central Lawrenceville,0.71,id,217,208,-4.1,87;93,81;92,87;91;93,81;91;92
20583,EAST PITTSBURGH-MCKEESPORT BLVD + ORRIS RD,0,"North Versailles township (Allegheny, PA)",,0.71,id,35,38,8.6,55,66,55,66
20586,BOWMAN AVE + LIME ST,0,"McKeesport city (Allegheny, PA)",,0.71,id,35,38,8.6,55,66,55,66
22698,B DR AT D DR,1,"Pittsburgh city (Allegheny, PA)",Ridgemont,0.71,id,36,34,-5.6,55,53,55,53
7572,MAIN ST + CENTER,0,"East Pittsburgh borough (Allegheny, PA)",,0.71,id,110,102,-7.3,59,66,59;P68;P76,66;68;76L
8528,SHADY AVE + SOLWAY,0,"Pittsburgh city (Allegheny, PA)",Squirrel Hill North,0.71,id,221,224,1.4,67;69,70,64;67;69;74,64;70;74
905,PERRYSVILLE AVE + #3820,0,"Pittsburgh city (Allegheny, PA)",Perry North,0.71,id,169,164,-3.0,15,6,15;8,6;8
11972,5TH ST + CRAWFORD,0,"Duquesne city (Allegheny, PA)",,0.67,id,201,213,6.0,P7,52L,59;61C;P7,52L;59;61X
19354,WOODLAND AVE + BRIGHTON FS,0,"Pittsburgh city (Allegheny, PA)",Marshall-Shadeland,0.67,id,177,168,-5.1,17,14,16;17,14;16
9649,HWY RT 51 + #2850,0,"Whitehall borough (Allegheny, PA)",,0.67,id,90,89,-1.1,46L;Y1,34,Y1;Y46;Y49,34;49
18622,WM PENN HWY + NORTHERN PIKE,0,"Monroeville municipality (Allegheny, PA)",,0.62,id,96,98,2.1,68,89,67;P68,67;89
20588,BOWMAN AVE + JARVIS ST,0,"McKeesport city (Allegheny, PA)",,0.62,id,89,92,3.4,55,66,55;56,56;66
21685,CLIMAX ST + ESTELLA AVE,0,"Pittsburgh city (Allegheny, PA)",Beltzhoover,0.62,former_id,209,208,-0.5,43;54,40,43;44;48;54,40;44;48
2530,MCKINLEY AVE + GROGAN,0,"Pittsburgh city (Allegheny, PA)",Knoxville,0.62,id,283,258,-8.8,51L;54,45,51;51L;54,45;51;51S
12042,MIFFLIN RD + NAUGLE,0,"Pittsburgh city (Allegheny, PA)",Lincoln Place,0.57,id,93,88,-5.4,53L,53,53L;56,53;56
1873,SHADELAND AVE + HARBISON FS,0,"Pittsburgh city (Allegheny, PA)",Brighton Heights,0.57,id,177,166,-6.2,17,14,16;17,14;16
1875,SHADELAND AVE + ETOLA St FS,0,"Pittsburgh city (Allegheny, PA)",Brighton Heights,0.57,id,178,168,-5.6,17,14,16;17,14;16
2514,MCKINLEY AVE + GROGAN,0,"Pittsburgh city (Allegheny, PA)",Knoxville,0.57,id,283,258,-8.8,51L;54,45,51;51L;54,45;51;51S
7188,LINDEN AVE + BESSEMER FS,0,"East Pittsburgh borough (Allegheny, PA)",,0.57,id,110,102,-7.3,59,66,59;P68;P76,66;68;76L
7571,MAIN ST + FRANKLIN,0,"East Pittsburgh borough (Allegheny, PA)",,0.57,id,110,102,-7.3,59,66,59;P68;P76,66;68;76L
11036,22ND AVE + MAIN,0,"Munhall borough (Allegheny, PA)",,0.52,id,38,35,-7.9,53L,53,53L,53
12028,BUTTERMILK HOLLOW RD + WALNUT,0,"West Mifflin borough (Allegheny, PA)",,0.52,id,145,154,6.2,53L,53,53L;56;59,53;56;59
12044,BUTTERMILK HOLLOW RD + PGH-MCKPT BLVD,0,"West Mifflin borough (Allegheny, PA)",,0.52,id,93,88,-5.4,53L,53,53L;56,53;56
19586,WASHINGTON RD + FLORENCE,0,"Mount Lebanon township (Allegheny, PA)",,0.52,id,75,68,-9.3,38,36L,38;41,35;35S;36L
22673,EAST PITTSURGH MCKEESPORT BLVD + #920,1,"Ambridge borough (Beaver, PA)",,0.52,id,35,38,8.6,55,66,55,66
2762,LEY ST + COWLEY,0,"Pittsburgh city (Allegheny, PA)",Troy Hill,0.52,id,156,161,3.2,1;2,2L;5,1;2;4;7,2L;4;5;7
4888,WARRINGTON AVE + ESTELLA AVE,0,"Pittsburgh city (Allegheny, PA)",Beltzhoover,0.52,id,209,208,-0.5,43;54,40,43;44;48;54,40;44;48
7644,WILKINS AVE + WOODLAND,0,"Pittsburgh city (Allegheny, PA)",Squirrel Hill North,0.52,id,220,224,1.8,67;69,70,64;67;69;74,64;70;74
7682,WILKINS AVE + WOODLAND,0,"Pittsburgh city (Allegheny, PA)",Squirrel Hill North,0.52,id,220,224,1.8,67;69,70,64;67;69;74,64;70;74
19653,BELTZHOOVER AVE + EUREKA,0,"Pittsburgh city (Allegheny, PA)",Allentown,0.48,id,208,210,1.0,43;54,40,43;44;48;54,40;44;48
21241,GREENSBURG PIKE + CENTRAL AVE FS,0,"North Versailles township (Allegheny, PA)",,0.48,id,52,54,3.8,59,68,59,68
2764,RIALTO ST + WICKLINES,0,"Pittsburgh city (Allegheny, PA)",Troy Hill,0.48,id,155,161,3.9,1;2,2L;5,1;2;4;7,2L;4;5;7
12046,BUTTERMILK HOLLOW RD + WALNUT,0,"West Mifflin borough (Allegheny, PA)",,0.43,id,145,154,6.2,53L,53,53L;56;59,53;56;59
19011,NEGLEY AVE + JACKSON NS,0,"Pittsburgh city (Allegheny, PA)",Highland Park,0.43,id,273,296,8.4,87,92,71A;75;87,75;85;92
21572,SPENCER AVE + BEAU ST,0,"Pittsburgh city (Allegheny, PA)",Carrick,0.43,id,261,258,-1.1,44;51L,45,44;51;51L,45;51;51S
12030,BUTTERMILK HOLLOW RD + PGH-MCKPT BLVD,0,"West Mifflin borough (Allegheny, PA)",,0.38,id,93,88,-5.4,53L,53,53L;56,53;56
16231,EAST PITTSBURGH-MCKEESPORT BLVD + ORRIS,0,"North Versailles township (Allegheny, PA)",,0.38,id,35,38,8.6,55,66,55,66
7001,CLIMAX ST + CURTIN,0,"Pittsburgh city (Allegheny, PA)",Beltzhoover,0.38,id,208,208,0.0,43;54,40,43;44;48;54,40;44;48
21242,GREENSBURG PIKE + PATRICIA LN,0,"North Versailles township (Allegheny, PA)",,0.33,id,103,102,-1.0,55;59,66;68,55;59;P76,66;68;76L
2732,RIALTO ST + TOURS,0,"Pittsburgh city (Allegheny, PA)",Troy Hill,0.33,id,156,161,3.2,1;2,2L;5,1;2;4;7,2L;4;5;7
3102,MCKNIGHT RD + PEEBLES RD,0,"McCandless township (Allegheny, PA)",,0.33,id,90,92,2.2,2;2L,17,12;2;O12;P13,12;12L;17
8477,MURRAY AVE + SOLWAY ST,0,"Pittsburgh city (Allegheny, PA)",Squirrel Hill North,0.33,id,220,224,1.8,67;69,70,64;67;69;74,64;70;74
11056,INTERBORO AVE + LEASIDE,0,"Pittsburgh city (Allegheny, PA)",Lincoln Place,0.29,id,92,88,-4.3,53L,53,53L;56,53;56
16198,E PGH-MCKSPT BLVD + OVERHILL,0,"North Versailles township (Allegheny, PA)",,0.29,id,35,38,8.6,55,66,55,66
1869,SHADELAND AVE + CASEMENT,0,"Pittsburgh city (Allegheny, PA)",Marshall-Shadeland,0.29,id,176,169,-4.0,17,14,16;17,14;16
20565,EAST PITTSBURGH-MCKEESPORT BLVD + BROWN PL,0,"North Versailles township (Allegheny, PA)",,0.29,id,35,38,8.6,55,66,55,66
21574,CHURCHVIEW AVE + WAIDLER AVE FS,0,"Brentwood borough (Allegheny, PA)",,0.29,id,268,258,-3.7,44;51L,45,44;51;51L,45;51;51S
21966,STANTON AVE + BUTLER ST,0,"Pittsburgh city (Allegheny, PA)",Upper Lawrenceville,0.29,former_id,216,207,-4.2,87;93,81;92,87;91;93,81;91;92
2760,LOWRIE ST + CLAIM,0,"Pittsburgh city (Allegheny, PA)",Troy Hill,0.29,id,156,161,3.2,1;2,2L;5,1;2;4;7,2L;4;5;7
20717,MURRAY AVE + WILKINS AVE FS,0,"Pittsburgh city (Allegheny, PA)",Squirrel Hill North,0.24,id,220,224,1.8,67;69,70,64;67;69;74,64;70;74
2763,RIALTO ST + TOURS,0,"Pittsburgh city (Allegheny, PA)",Troy Hill,0.24,id,156,161,3.2,1;2,2L;5,1;2;4;7,2L;4;5;7
8370,MURRAY AVE + WILKINS,0,"Pittsburgh city (Allegheny, PA)",Squirrel Hill North,0.24,id,220,224,1.8,67;69,70,64;67;69;74,64;70;74
11017,LEBANON CHURCH RD + VINDALE RD FS,0,"West Mifflin borough (Allegheny, PA)",,0.19,id,144,154,6.9,53L,53,53L;56;59,53;56;59
18484,MIFFLIN RD + #1236,0,"Pittsburgh city (Allegheny, PA)",Lincoln Place,0.19,id,92,88,-4.3,53L,53,53L;56,53;56
22697,B DR AT #532 (SHED),1,"Green Tree borough (Allegheny, PA)",,0.19,id,36,34,-5.6,55,53,55,53
22699,BLACKBERRY DR AT #847,1,"Pittsburgh city (Allegheny, PA)",Ridgemont,0.19,id,36,34,-5.6,55,53,55,53
8369,MURRAY AVE + SOLWAY,0,"Pittsburgh city (Allegheny, PA)",Squirrel Hill North,0.19,id,220,224,1.8,67;69,70,64;67;69;74,64;70;74
15736,WARREN DR + WAL MART DRWY,0,"North Versailles township (Allegheny, PA)",,0.14,id,103,102,-1.0,55;59,66;68,55;59;P76,66;68;76L
1915,MARSHALL AVE + STAYTON ST,0,"Pittsburgh city (Allegheny, PA)",Marshall-Shadeland,0.14,id,178,167,-6.2,17,14,16;17,14;16
21239,GREENSBURG PIKE + KLINE AVE FS,0,"North Versailles township (Allegheny, PA)",,0.14,id,52,54,3.8,59,68,59,68
7527,MAIN ST + RIDGE,0,"East Pittsburgh borough (Allegheny, PA)",,0.14,id,111,104,-6.3,59,66,59;P68;P76,66;68;76L
12034,MIFFLIN RD + #5419,0,"Pittsburgh city (Allegheny, PA)",Lincoln Place,0.1,id,92,89,-3.3,53L,53,53L;56,53;56
12047,BUTTERMILK HOLLOW RD + REMNANT WORLD,0,"West Mifflin borough (Allegheny, PA)",,0.1,id,144,154,6.9,53L,53,53L;56;59,53;56;59
12186,MIFFLIN RD + GLENHURST,0,"Pittsburgh city (Allegheny, PA)",Lincoln Place,0.1,id,73,71,-2.7,53L,53,53L;56,53;56
20911,DUQUESNE BLVD + WYLIE AVE,0,"Duquesne city (Allegheny, PA)",,0.1,id,198,213,7.6,P7,52L,59;61C;P7,52L;59;61X
21190,BUTTERMILK HOLLOW RD + LEBANON CHURCH RD,0,"West Mifflin borough (Allegheny, PA)",,0.1,former_id,144,154,6.9,53L,53,53L;56;59,53;56;59
21703,PENN AVE + #197,0,"Mount Oliver borough (Allegheny, PA)",,0.1,former_id,345,367,6.4,54,45,44;48;51;54,44;45;48;51;51S
22696,B DR AT MANAGEMENT OFFICE,1,"McCandless township (Allegheny, PA)",,0.1,id,36,34,-5.6,55,53,55,53
11055,INTERBORO AVE + PLAPORT,0,"Pittsburgh city (Allegheny, PA)",Lincoln Place,0.05,id,65,61,-6.2,53L,53,53L;56,53;56
12187,MIFFLIN RD + #1236,0,"Pittsburgh city (Allegheny, PA)",Lincoln Place,0.05,id,92,88,-4.3,53L,53,53L;56,53;56
15838,BELTZHOOVER + FREELAND,0,"Pittsburgh city (Allegheny, PA)",Allentown,0.05,id,208,208,0.0,43;54,40,43;44;48;54,40;44;48
16229,EAST PITTSBURGH-MCKEESPORT + FAIRMONT,0,"McKeesport city (Allegheny, PA)",,0.05,id,35,38,8.6,55,66,55,66
20585,EAST PITTSBURGH-MCKEESPORT BLVD + FAIRMONT ST,0,"North Versailles township (Allegheny, PA)",,0.05,id,35,38,8.6,55,66,55,66
20918,CHURCHILL RD + HOLLAND,0,"Churchill borough (Allegheny, PA)",,0.05,id,73,80,9.6,P67,73L,67;P16;P67,67;73L;77L
21236,GREENSBURG PIKE + LLOYD AVE,0,"North Versailles township (Allegheny, PA)",,0.05,id,52,54,3.8,59,68,59,68
7812,ARDMORE BLVD + NEWPORT,0,"Forest Hills borough (Allegheny, PA)",,0.05,id,71,77,8.5,P69,68,69;P69;P76,68;69;69S;76L
919,CONNIE DR + OLD CONNIE,0,"Ross township (Allegheny, PA)",,0.05,id,174,164,-5.7,17,6,17;8,6;8
9322,STANTON AVE + CARNEGIE,0,"Pittsburgh city (Allegheny, PA)",Upper Lawrenceville,0.05,id,216,207,-4.2,87;93,81;92,87;91;93,81;91;92
12040,MIFFLIN RD + #5419,0,"Pittsburgh city (Allegheny, PA)",Lincoln Place,0.0,id,92,89,-3.3,53L,53,53L;56,53;56
15836,BELTZHOOVER + FREELAND,0,"Pittsburgh city (Allegheny, PA)",Beltzhoover,0.0,id,208,208,0.0,43;54,40,43;44;48;54,40;44;48
16230,EAST PITTSBURGH-MCKEESPORT BLVD + AULT,0,"North Versailles township (Allegheny, PA)",,0.0,id,35,38,8.6,55,66,55,66
19349,CONNIE DR + OLD CONNIE,0,"Ross township (Allegheny, PA)",,0.0,id,174,164,-5.7,17,6,17;8,6;8
19547,BAUSMAN AVE + ROMEYN,0,"Pittsburgh city (Allegheny, PA)",Knoxville,0.0,id,336,324,-3.6,54,45,44;51;54,44;45;51;51S
20205,BELTZHOOVER AVE + CLIMAX,0,"Pittsburgh city (Allegheny, PA)",Allentown,0.0,id,208,210,1.0,43;54,40,43;44;48;54,40;44;48
20268,22ND AVE + WEST,0,"Munhall borough (Allegheny, PA)",,0.0,id,38,35,-7.9,53L,53,53L,53
20566,EAST PITTSBURGH-MCKEESPORT BLVD + OVERHILL DR,0,"North Versailles township (Allegheny, PA)",,0.0,id,35,38,8.6,55,66,55,66
20584,EAST PITTSBURGH-MCKEESPORT BLVD + AULT ST,0,"North Versailles township (Allegheny, PA)",,0.0,id,35,38,8.6,55,66,55,66
21154,EDGEWOOD AVE + ELM ST,0,,,,none,143,139,-2.8,P7,52L,61A;P7,52L;60X
21240,GREENSBURG PIKE + LLOYD AVE,0,"North Versailles township (Allegheny, PA)",,0.0,id,52,54,3.8,59,68,59,68
21962,STANTON AVE + DUNCAN ST,0,,,,none,214,206,-3.7,87;93,81;92,87;91;93,81;91;92
21963,STANTON AVE + HOLMES ST,0,,,,none,216,207,-4.2,87;93,81;92,87;91;93,81;91;92
21964,STANTON AVE + KEYSTONE ST,0,,,,none,216,207,-4.2,87;93,81;92,87;91;93,81;91;92
22095,STANTON AVE + KEYSTONE ST,0,,,,none,216,207,-4.2,87;93,81;92,87;91;93,81;91;92
22096,STANTON AVE + HOLMES ST,0,,,,none,216,207,-4.2,87;93,81;92,87;91;93,81;91;92
22097,STANTON AVE + DUNCAN ST,0,,,,none,214,206,-3.7,87;93,81;92,87;91;93,81;91;92
22695,A DR AT B DR,1,"McCandless township (Allegheny, PA)",,0.0,id,36,34,-5.6,55,53,55,53
22755,BOWMAN AVE AT #2314,0,,,,none,89,92,3.4,55,66,55;56,56;66
22865,RIVER AVE AT LANE STEEL,0,,,,none,210,202,-3.8,20,27,20;21;22;24,21;22;24;27
4261,MIDDLETOWN RD + JUSTINE,0,"Pittsburgh city (Allegheny, PA)",Crafton Heights,0.0,id,60,54,-10.0,27,26,27,26
6002,WASHINGTON RD + FLORENCE PL,0,"Mount Lebanon township (Allegheny, PA)",,0.0,id,75,68,-9.3,38,36L,38;41,35;35S;36L
7150,EDGEWOOD AVE + ELM ST,0,,,,none,144,139,-3.5,P7,52L,61A;P7,52L;60X
7969,PENN AVE + SUMMIT,0,"Wilkinsburg borough (Allegheny, PA)",,0.0,id,86,94,9.3,P67,73L,67;P16;P67,67;73L;77L
899,PERRYSVILLE AVE + #3436,0,"Pittsburgh city (Allegheny, PA)",Perry North,0.0,id,218,224,2.8,15,18;6,12;15;8,12;18;6;8
